{
    "44970": {
        "RidgeCV": {
            "score_train": [
                0.5925754904747009,
                0.6740292906761169
            ],
            "score_test": [
                0.6962105631828308,
                0.6148180365562439
            ],
            "t_fit": [
                0.0010652400014805607,
                0.0010944929999823216
            ],
            "t_inference": [
                4.189799801679328e-05,
                5.292199784889817e-05
            ],
            "hyperparams": [
                {
                    "lower_alpha": 3.2605822254835783e-06,
                    "upper_alpha": 0.002579346285775077,
                    "n_alphas": 12
                },
                {
                    "lower_alpha": 0.02424667621578912,
                    "upper_alpha": 9.228659690276603e-06,
                    "n_alphas": 21
                }
            ]
        }
    }
}