{
    "forestfire": {
        "GreedyRFBoost_t12": {
            "score_train": [
                0.9644997119903564,
                0.981446385383606,
                0.9804353713989258
            ],
            "score_test": [
                1.0255184173583984,
                0.9997913837432861,
                0.9839074611663818
            ],
            "t_fit": [
                0.04528463099995861,
                0.04403637900031754,
                0.04027009600031306
            ],
            "t_inference": [
                0.002230205001978902,
                0.004012819001218304,
                0.002720448999752989
            ],
            "hyperparams": [
                {
                    "out_dim": 1,
                    "n_layers": 12,
                    "feature_type": "SWIM",
                    "sandwich_solver": "dense",
                    "upscale": "dense",
                    "hidden_dim": 17,
                    "bottleneck_dim": 28,
                    "l2_reg": 0.06829808853760515,
                    "boost_lr": 0.17671313213728873
                },
                {
                    "out_dim": 1,
                    "n_layers": 12,
                    "feature_type": "SWIM",
                    "sandwich_solver": "dense",
                    "upscale": "dense",
                    "hidden_dim": 18,
                    "bottleneck_dim": 22,
                    "l2_reg": 0.05885720522451987,
                    "boost_lr": 0.22737250418981486
                },
                {
                    "out_dim": 1,
                    "n_layers": 12,
                    "feature_type": "SWIM",
                    "sandwich_solver": "dense",
                    "upscale": "dense",
                    "hidden_dim": 22,
                    "bottleneck_dim": 17,
                    "l2_reg": 0.07090379601227646,
                    "boost_lr": 0.13287292916863774
                }
            ]
        }
    }
}