{
    "44973": {
        "Ridge": {
            "score_train": [
                0.5910308957099915,
                0.5960716605186462
            ],
            "score_test": [
                0.5983067750930786,
                0.5937879681587219
            ],
            "t_fit": [
                0.002187398997193668,
                0.0019776279987127054
            ],
            "t_inference": [
                0.00011294000069028698,
                7.055900277919136e-05
            ],
            "hyperparams": [
                {
                    "l2_reg": 4.572075972260098e-06
                },
                {
                    "l2_reg": 0.025116415948491923
                }
            ]
        }
    }
}