{
    "forestfire": {
        "GradientRFBoost_t8": {
            "score_train": [
                0.9658908843994141,
                0.9800578355789185,
                0.9829326868057251
            ],
            "score_test": [
                1.0277844667434692,
                1.0206845998764038,
                0.9853266477584839
            ],
            "t_fit": [
                0.024103233001369517,
                0.025895067999954335,
                0.026100768001924735
            ],
            "t_inference": [
                0.0016191270005947445,
                0.0016355109983123839,
                0.0018478809979569633
            ],
            "hyperparams": [
                {
                    "out_dim": 1,
                    "n_layers": 8,
                    "feature_type": "SWIM",
                    "upscale": "dense",
                    "hidden_dim": 16,
                    "bottleneck_dim": 26,
                    "boost_lr": 0.2592670193130383
                },
                {
                    "out_dim": 1,
                    "n_layers": 8,
                    "feature_type": "SWIM",
                    "upscale": "dense",
                    "hidden_dim": 16,
                    "bottleneck_dim": 30,
                    "boost_lr": 0.987491813505295
                },
                {
                    "out_dim": 1,
                    "n_layers": 8,
                    "feature_type": "SWIM",
                    "upscale": "dense",
                    "hidden_dim": 16,
                    "bottleneck_dim": 20,
                    "boost_lr": 0.14348848406375772
                }
            ]
        }
    }
}