{
    "wine_quality": {
        "End2End_t9": {
            "score_train": [
                0.7483438849449158,
                0.772024929523468,
                0.7405063509941101
            ],
            "score_test": [
                0.7761862874031067,
                0.7811991572380066,
                0.8265268206596375
            ],
            "t_fit": [
                1.6141180700069526,
                1.842293519002851,
                3.9819293649925385
            ],
            "t_inference": [
                0.00548616299056448,
                0.006340324995107949,
                0.005609209998510778
            ],
            "hyperparams": [
                {
                    "in_dim": 12,
                    "out_dim": 2,
                    "n_blocks": 9,
                    "loss": "mse",
                    "hidden_dim": 47,
                    "bottleneck_dim": 54,
                    "lr": 0.012483379521209695,
                    "end_lr_factor": 0.012365468421945634,
                    "n_epochs": 7,
                    "weight_decay": 3.98289124377576e-06,
                    "batch_size": 128
                },
                {
                    "in_dim": 12,
                    "out_dim": 2,
                    "n_blocks": 9,
                    "loss": "mse",
                    "hidden_dim": 81,
                    "bottleneck_dim": 77,
                    "lr": 0.01630200255263253,
                    "end_lr_factor": 0.010059417714997496,
                    "n_epochs": 8,
                    "weight_decay": 2.2369636092252996e-05,
                    "batch_size": 128
                },
                {
                    "in_dim": 12,
                    "out_dim": 2,
                    "n_blocks": 9,
                    "loss": "mse",
                    "hidden_dim": 44,
                    "bottleneck_dim": 109,
                    "lr": 0.09987202434603948,
                    "end_lr_factor": 0.01576329548612167,
                    "n_epochs": 17,
                    "weight_decay": 0.0028312367699255595,
                    "batch_size": 128
                }
            ]
        }
    }
}