{
    "44984": {
        "End2End_cpu": {
            "score_train": [
                0.6525331139564514,
                0.6342504620552063,
                0.6383749842643738,
                0.6440053582191467,
                0.6368923187255859
            ],
            "score_test": [
                0.620053768157959,
                0.6823721528053284,
                0.6514976620674133,
                0.6462202072143555,
                0.6777287721633911
            ],
            "t_fit": [
                3.9679897651076317,
                7.61462726444006,
                15.15444316715002,
                13.64872331917286,
                3.476465843617916
            ],
            "t_inference": [
                0.029116787016391754,
                0.1313062459230423,
                0.11094023287296295,
                0.14564058184623718,
                0.05990985780954361
            ],
            "hyperparams": [
                {
                    "in_dim": 12,
                    "out_dim": 1,
                    "loss": "mse",
                    "bottleneck_dim": 512,
                    "n_blocks": 1,
                    "hidden_dim": 26,
                    "lr": 0.06991889271147649,
                    "end_lr_factor": 0.011638822879180043,
                    "n_epochs": 16,
                    "weight_decay": 0.00037631011594042727,
                    "batch_size": 128
                },
                {
                    "in_dim": 12,
                    "out_dim": 1,
                    "loss": "mse",
                    "bottleneck_dim": 512,
                    "n_blocks": 1,
                    "hidden_dim": 293,
                    "lr": 0.004920072873395098,
                    "end_lr_factor": 0.011430150049279306,
                    "n_epochs": 12,
                    "weight_decay": 6.83773057626702e-05,
                    "batch_size": 128
                },
                {
                    "in_dim": 12,
                    "out_dim": 1,
                    "loss": "mse",
                    "bottleneck_dim": 512,
                    "n_blocks": 1,
                    "hidden_dim": 395,
                    "lr": 0.005649169155780129,
                    "end_lr_factor": 0.012030700134873206,
                    "n_epochs": 50,
                    "weight_decay": 0.000510160247583113,
                    "batch_size": 384
                },
                {
                    "in_dim": 12,
                    "out_dim": 1,
                    "loss": "mse",
                    "bottleneck_dim": 512,
                    "n_blocks": 2,
                    "hidden_dim": 275,
                    "lr": 0.004639745889140486,
                    "end_lr_factor": 0.010814747293394362,
                    "n_epochs": 35,
                    "weight_decay": 0.00011147886115234342,
                    "batch_size": 384
                },
                {
                    "in_dim": 12,
                    "out_dim": 1,
                    "loss": "mse",
                    "bottleneck_dim": 512,
                    "n_blocks": 1,
                    "hidden_dim": 147,
                    "lr": 0.0036362615664148217,
                    "end_lr_factor": 0.1405236117377733,
                    "n_epochs": 17,
                    "weight_decay": 9.886959984425067e-06,
                    "batch_size": 384
                }
            ]
        }
    }
}