{
    "44989": {
        "GradientRFRBoostID": {
            "score_train": [
                0.25250959396362305,
                0.24299946427345276,
                0.2361852377653122,
                0.2488415241241455,
                0.25809749960899353
            ],
            "score_test": [
                0.27127698063850403,
                0.27924901247024536,
                0.3061561584472656,
                0.27725645899772644,
                0.30178797245025635
            ],
            "t_fit": [
                3.488778540864587,
                4.39790971763432,
                3.4178823586553335,
                0.5641764514148235,
                0.2895662263035774
            ],
            "t_inference": [
                0.9022706039249897,
                1.1004026904702187,
                0.8407426755875349,
                0.14518732391297817,
                0.07389532215893269
            ],
            "hyperparams": [
                {
                    "in_dim": 132,
                    "out_dim": 1,
                    "feature_type": "SWIM",
                    "upscale_type": "identity",
                    "randfeat_xt_dim": 512,
                    "randfeat_x0_dim": 512,
                    "activation": "tanh",
                    "n_layers": 11,
                    "hidden_dim": 375,
                    "l2_reg": 0.8241251126479061,
                    "l2_ghat": 0.08036804213151584,
                    "boost_lr": 0.7,
                    "SWIM_scale": 1.954300606768747,
                    "iid_scale": 9.147567557308918
                },
                {
                    "in_dim": 132,
                    "out_dim": 1,
                    "feature_type": "SWIM",
                    "upscale_type": "identity",
                    "randfeat_xt_dim": 512,
                    "randfeat_x0_dim": 512,
                    "activation": "tanh",
                    "n_layers": 15,
                    "hidden_dim": 84,
                    "l2_reg": 2.0214932098752607,
                    "l2_ghat": 0.01199244071292792,
                    "boost_lr": 0.7,
                    "SWIM_scale": 1.295840775238155,
                    "iid_scale": 4.500892003702362
                },
                {
                    "in_dim": 132,
                    "out_dim": 1,
                    "feature_type": "SWIM",
                    "upscale_type": "identity",
                    "randfeat_xt_dim": 512,
                    "randfeat_x0_dim": 512,
                    "activation": "tanh",
                    "n_layers": 11,
                    "hidden_dim": 441,
                    "l2_reg": 1.255102211275382,
                    "l2_ghat": 0.021185144072257536,
                    "boost_lr": 0.7,
                    "SWIM_scale": 1.6963230732318582,
                    "iid_scale": 0.2590322844905577
                },
                {
                    "in_dim": 132,
                    "out_dim": 1,
                    "feature_type": "SWIM",
                    "upscale_type": "identity",
                    "randfeat_xt_dim": 512,
                    "randfeat_x0_dim": 512,
                    "activation": "tanh",
                    "n_layers": 2,
                    "hidden_dim": 106,
                    "l2_reg": 0.4776822351411414,
                    "l2_ghat": 0.004545693255564972,
                    "boost_lr": 1.0,
                    "SWIM_scale": 1.8359301053186956,
                    "iid_scale": 0.1463034647722151
                },
                {
                    "in_dim": 132,
                    "out_dim": 1,
                    "feature_type": "SWIM",
                    "upscale_type": "identity",
                    "randfeat_xt_dim": 512,
                    "randfeat_x0_dim": 512,
                    "activation": "tanh",
                    "n_layers": 1,
                    "hidden_dim": 26,
                    "l2_reg": 0.070746233373822,
                    "l2_ghat": 5.714838535736985e-05,
                    "boost_lr": 0.7,
                    "SWIM_scale": -0.7118446189073759,
                    "iid_scale": 1.1671459873644188
                }
            ]
        }
    }
}