{
    "44974": {
        "GradientRFRBoost_upscaleiid": {
            "score_train": [
                0.07673284411430359,
                0.09383389353752136,
                0.06373657286167145,
                0.0885445773601532,
                0.07369464635848999
            ],
            "score_test": [
                0.14955690503120422,
                0.1572105586528778,
                0.14717672765254974,
                0.16537690162658691,
                0.1461418867111206
            ],
            "t_fit": [
                3.4345567524433136,
                2.584235440939665,
                6.2555850595235825,
                1.891290694475174,
                5.177941493690014
            ],
            "t_inference": [
                1.03489925339818,
                0.779169887304306,
                1.7368080765008926,
                0.3878176622092724,
                1.678641565144062
            ],
            "hyperparams": [
                {
                    "in_dim": 24,
                    "out_dim": 1,
                    "feature_type": "SWIM",
                    "upscale_type": "iid",
                    "randfeat_xt_dim": 512,
                    "randfeat_x0_dim": 512,
                    "n_layers": 8,
                    "hidden_dim": 400,
                    "l2_reg": 0.4138536745442727,
                    "l2_ghat": 6.232153757237509e-07,
                    "boost_lr": 0.7,
                    "SWIM_scale": 0.6210307044086361
                },
                {
                    "in_dim": 24,
                    "out_dim": 1,
                    "feature_type": "SWIM",
                    "upscale_type": "iid",
                    "randfeat_xt_dim": 512,
                    "randfeat_x0_dim": 512,
                    "n_layers": 7,
                    "hidden_dim": 336,
                    "l2_reg": 0.18389453612873766,
                    "l2_ghat": 5.432485359080175e-05,
                    "boost_lr": 0.9,
                    "SWIM_scale": 0.935315529725855
                },
                {
                    "in_dim": 24,
                    "out_dim": 1,
                    "feature_type": "SWIM",
                    "upscale_type": "iid",
                    "randfeat_xt_dim": 512,
                    "randfeat_x0_dim": 512,
                    "n_layers": 20,
                    "hidden_dim": 240,
                    "l2_reg": 0.14913363327597903,
                    "l2_ghat": 1.122798232622402e-06,
                    "boost_lr": 0.6,
                    "SWIM_scale": 0.7036144343554656
                },
                {
                    "in_dim": 24,
                    "out_dim": 1,
                    "feature_type": "SWIM",
                    "upscale_type": "iid",
                    "randfeat_xt_dim": 512,
                    "randfeat_x0_dim": 512,
                    "n_layers": 8,
                    "hidden_dim": 80,
                    "l2_reg": 0.020258457938275305,
                    "l2_ghat": 1.3762296663590728e-07,
                    "boost_lr": 0.8,
                    "SWIM_scale": 0.39803152802155095
                },
                {
                    "in_dim": 24,
                    "out_dim": 1,
                    "feature_type": "SWIM",
                    "upscale_type": "iid",
                    "randfeat_xt_dim": 512,
                    "randfeat_x0_dim": 512,
                    "n_layers": 13,
                    "hidden_dim": 432,
                    "l2_reg": 0.29172103603669175,
                    "l2_ghat": 1.2230403521660252e-05,
                    "boost_lr": 0.6,
                    "SWIM_scale": 1.0185076409014222
                }
            ]
        }
    }
}