{
    "44970": {
        "Ridge": {
            "score_train": [
                0.5929789543151855,
                0.6749768853187561
            ],
            "score_test": [
                0.6939781904220581,
                0.6172620058059692
            ],
            "t_fit": [
                0.001318648999586003,
                0.0015954330010572448
            ],
            "t_inference": [
                4.159300078754313e-05,
                7.576200005132705e-05
            ],
            "hyperparams": [
                {
                    "l2_reg": 0.03648692692877203
                },
                {
                    "l2_reg": 0.06690425860869724
                }
            ]
        }
    }
}