{
    "44960": {
        "GradientRFRBoostID": {
            "score_train": [
                0.04433711618185043,
                0.042254891246557236,
                0.0904436856508255,
                0.049331869930028915,
                0.06577876210212708
            ],
            "score_test": [
                0.0633048564195633,
                0.10294236242771149,
                0.1137818917632103,
                0.17062178254127502,
                0.1087815910577774
            ],
            "t_fit": [
                0.06500979326665401,
                0.06747961603105068,
                0.0715884231030941,
                0.3230304438620806,
                0.07581447623670101
            ],
            "t_inference": [
                0.005077961832284927,
                0.005070934072136879,
                0.004639072343707085,
                0.025444036349654198,
                0.005226867273449898
            ],
            "hyperparams": [
                {
                    "in_dim": 8,
                    "out_dim": 1,
                    "feature_type": "SWIM",
                    "upscale_type": "identity",
                    "randfeat_xt_dim": 512,
                    "randfeat_x0_dim": 512,
                    "n_layers": 1,
                    "hidden_dim": 8,
                    "l2_reg": 0.001206752084386668,
                    "l2_ghat": 1.4675534202745138e-06,
                    "boost_lr": 1.0
                },
                {
                    "in_dim": 8,
                    "out_dim": 1,
                    "feature_type": "SWIM",
                    "upscale_type": "identity",
                    "randfeat_xt_dim": 512,
                    "randfeat_x0_dim": 512,
                    "n_layers": 1,
                    "hidden_dim": 8,
                    "l2_reg": 0.000869555818295475,
                    "l2_ghat": 1.6666048591419458e-06,
                    "boost_lr": 1.0
                },
                {
                    "in_dim": 8,
                    "out_dim": 1,
                    "feature_type": "SWIM",
                    "upscale_type": "identity",
                    "randfeat_xt_dim": 512,
                    "randfeat_x0_dim": 512,
                    "n_layers": 1,
                    "hidden_dim": 8,
                    "l2_reg": 6.025215736203862e-06,
                    "l2_ghat": 1.9517224641449486e-06,
                    "boost_lr": 1.0
                },
                {
                    "in_dim": 8,
                    "out_dim": 1,
                    "feature_type": "SWIM",
                    "upscale_type": "identity",
                    "randfeat_xt_dim": 512,
                    "randfeat_x0_dim": 512,
                    "n_layers": 4,
                    "hidden_dim": 8,
                    "l2_reg": 0.0806643241696369,
                    "l2_ghat": 9.137713078366063e-06,
                    "boost_lr": 0.8
                },
                {
                    "in_dim": 8,
                    "out_dim": 1,
                    "feature_type": "SWIM",
                    "upscale_type": "identity",
                    "randfeat_xt_dim": 512,
                    "randfeat_x0_dim": 512,
                    "n_layers": 1,
                    "hidden_dim": 8,
                    "l2_reg": 0.00010634592991744653,
                    "l2_ghat": 1.7505883410192973e-06,
                    "boost_lr": 1.0
                }
            ]
        }
    }
}