{
    "44984": {
        "GradientRFRBoost_upscaleiid": {
            "score_train": [
                0.6526114344596863,
                0.6353743076324463,
                0.643354058265686,
                0.643987238407135,
                0.6409589648246765
            ],
            "score_test": [
                0.6186731457710266,
                0.6830126047134399,
                0.6522111892700195,
                0.64546799659729,
                0.676312267780304
            ],
            "t_fit": [
                2.723099121823907,
                11.303218366578221,
                2.3298055846244097,
                10.460281575098634,
                3.1278114430606365
            ],
            "t_inference": [
                0.7120166290551424,
                2.7242040187120438,
                0.4554981756955385,
                2.4023456405848265,
                0.874549139291048
            ],
            "hyperparams": [
                {
                    "in_dim": 12,
                    "out_dim": 1,
                    "feature_type": "SWIM",
                    "upscale_type": "iid",
                    "randfeat_xt_dim": 512,
                    "randfeat_x0_dim": 512,
                    "n_layers": 4,
                    "hidden_dim": 496,
                    "l2_reg": 0.1686367344483531,
                    "l2_ghat": 0.096521259088823,
                    "boost_lr": 0.7,
                    "SWIM_scale": 0.25277645529828296
                },
                {
                    "in_dim": 12,
                    "out_dim": 1,
                    "feature_type": "SWIM",
                    "upscale_type": "iid",
                    "randfeat_xt_dim": 512,
                    "randfeat_x0_dim": 512,
                    "n_layers": 15,
                    "hidden_dim": 336,
                    "l2_reg": 0.07149517199355557,
                    "l2_ghat": 0.31301776127237574,
                    "boost_lr": 0.8,
                    "SWIM_scale": 0.25205074702450586
                },
                {
                    "in_dim": 12,
                    "out_dim": 1,
                    "feature_type": "SWIM",
                    "upscale_type": "iid",
                    "randfeat_xt_dim": 512,
                    "randfeat_x0_dim": 512,
                    "n_layers": 5,
                    "hidden_dim": 176,
                    "l2_reg": 0.04006689174416003,
                    "l2_ghat": 0.3843471274522182,
                    "boost_lr": 0.7,
                    "SWIM_scale": 0.4069100796957893
                },
                {
                    "in_dim": 12,
                    "out_dim": 1,
                    "feature_type": "SWIM",
                    "upscale_type": "iid",
                    "randfeat_xt_dim": 512,
                    "randfeat_x0_dim": 512,
                    "n_layers": 12,
                    "hidden_dim": 464,
                    "l2_reg": 0.0867675404312477,
                    "l2_ghat": 0.2000114614334572,
                    "boost_lr": 0.6,
                    "SWIM_scale": 0.28357793720087393
                },
                {
                    "in_dim": 12,
                    "out_dim": 1,
                    "feature_type": "SWIM",
                    "upscale_type": "iid",
                    "randfeat_xt_dim": 512,
                    "randfeat_x0_dim": 512,
                    "n_layers": 5,
                    "hidden_dim": 336,
                    "l2_reg": 0.13546251725005615,
                    "l2_ghat": 0.21471137972466398,
                    "boost_lr": 0.6,
                    "SWIM_scale": 0.314262942929967
                }
            ]
        }
    }
}