{
    "44969": {
        "GreedyRFRBoostDiag": {
            "score_train": [
                0.09610087424516678,
                0.0816497951745987,
                0.09069911390542984,
                0.09406814724206924,
                0.0715368315577507
            ],
            "score_test": [
                0.12084756046533585,
                0.09381211549043655,
                0.12649445235729218,
                0.13119596242904663,
                0.16426372528076172
            ],
            "t_fit": [
                0.8144703805446625,
                3.6847854554653168,
                2.5716578736901283,
                0.6318104267120361,
                2.2046867460012436
            ],
            "t_inference": [
                0.24763347208499908,
                1.2298440858721733,
                0.7625251710414886,
                0.20422746241092682,
                0.8160658106207848
            ],
            "hyperparams": [
                {
                    "in_dim": 14,
                    "out_dim": 1,
                    "feature_type": "SWIM",
                    "upscale_type": "SWIM",
                    "randfeat_xt_dim": 512,
                    "randfeat_x0_dim": 512,
                    "sandwich_solver": "diag",
                    "n_layers": 6,
                    "hidden_dim": 336,
                    "l2_reg": 0.001135202704342482,
                    "l2_ghat": 2.1363310227514273e-05,
                    "boost_lr": 0.9,
                    "SWIM_scale": 0.25929318586182815
                },
                {
                    "in_dim": 14,
                    "out_dim": 1,
                    "feature_type": "SWIM",
                    "upscale_type": "SWIM",
                    "randfeat_xt_dim": 512,
                    "randfeat_x0_dim": 512,
                    "sandwich_solver": "diag",
                    "n_layers": 15,
                    "hidden_dim": 464,
                    "l2_reg": 0.0015013015465664505,
                    "l2_ghat": 2.3596479386857497e-05,
                    "boost_lr": 0.7,
                    "SWIM_scale": 0.31811413641090713
                },
                {
                    "in_dim": 14,
                    "out_dim": 1,
                    "feature_type": "SWIM",
                    "upscale_type": "SWIM",
                    "randfeat_xt_dim": 512,
                    "randfeat_x0_dim": 512,
                    "sandwich_solver": "diag",
                    "n_layers": 9,
                    "hidden_dim": 464,
                    "l2_reg": 0.0011024338531653221,
                    "l2_ghat": 9.63506822155631e-06,
                    "boost_lr": 0.7,
                    "SWIM_scale": 0.3966708838118991
                },
                {
                    "in_dim": 14,
                    "out_dim": 1,
                    "feature_type": "SWIM",
                    "upscale_type": "SWIM",
                    "randfeat_xt_dim": 512,
                    "randfeat_x0_dim": 512,
                    "sandwich_solver": "diag",
                    "n_layers": 2,
                    "hidden_dim": 496,
                    "l2_reg": 0.0024418763378658017,
                    "l2_ghat": 7.006663278545503e-06,
                    "boost_lr": 0.9,
                    "SWIM_scale": 0.30310668355433434
                },
                {
                    "in_dim": 14,
                    "out_dim": 1,
                    "feature_type": "SWIM",
                    "upscale_type": "SWIM",
                    "randfeat_xt_dim": 512,
                    "randfeat_x0_dim": 512,
                    "sandwich_solver": "diag",
                    "n_layers": 14,
                    "hidden_dim": 368,
                    "l2_reg": 0.0010330290427749019,
                    "l2_ghat": 5.045021783728812e-06,
                    "boost_lr": 1.0,
                    "SWIM_scale": 0.25326568012181955
                }
            ]
        }
    }
}