{
    "44974": {
        "GradientRFRBoost_ID_batchnormFalse": {
            "score_train": [
                0.0976521372795105,
                0.08193371444940567,
                0.07722175121307373,
                0.08685556799173355,
                0.08387168496847153
            ],
            "score_test": [
                0.1424708068370819,
                0.1416797637939453,
                0.14963741600513458,
                0.15823860466480255,
                0.1420975625514984
            ],
            "t_fit": [
                3.292489293962717,
                4.299792684614658,
                3.0906958654522896,
                3.978565439581871,
                3.3622308038175106
            ],
            "t_inference": [
                0.49638261273503304,
                0.749738048762083,
                0.4913327060639858,
                0.6376837976276875,
                0.5458432100713253
            ],
            "hyperparams": [
                {
                    "in_dim": 24,
                    "out_dim": 1,
                    "feature_type": "SWIM",
                    "upscale_type": "identity",
                    "randfeat_xt_dim": 512,
                    "randfeat_x0_dim": 512,
                    "activation": "tanh",
                    "use_batchnorm": false,
                    "n_layers": 7,
                    "l2_reg": 0.0323142007900575,
                    "l2_ghat": 1.253121930556309e-05,
                    "boost_lr": 0.8318633637191187,
                    "hidden_dim": 24,
                    "SWIM_scale": 0.6632271808866209
                },
                {
                    "in_dim": 24,
                    "out_dim": 1,
                    "feature_type": "SWIM",
                    "upscale_type": "identity",
                    "randfeat_xt_dim": 512,
                    "randfeat_x0_dim": 512,
                    "activation": "tanh",
                    "use_batchnorm": false,
                    "n_layers": 9,
                    "l2_reg": 0.0807326468601612,
                    "l2_ghat": 1.3554816000918317e-05,
                    "boost_lr": 0.6298251136538633,
                    "hidden_dim": 24,
                    "SWIM_scale": 0.8982630487897042
                },
                {
                    "in_dim": 24,
                    "out_dim": 1,
                    "feature_type": "SWIM",
                    "upscale_type": "identity",
                    "randfeat_xt_dim": 512,
                    "randfeat_x0_dim": 512,
                    "activation": "tanh",
                    "use_batchnorm": false,
                    "n_layers": 6,
                    "l2_reg": 0.026779143851614434,
                    "l2_ghat": 1.0856169456937895e-05,
                    "boost_lr": 0.6963723954218649,
                    "hidden_dim": 24,
                    "SWIM_scale": 1.103115528373295
                },
                {
                    "in_dim": 24,
                    "out_dim": 1,
                    "feature_type": "SWIM",
                    "upscale_type": "identity",
                    "randfeat_xt_dim": 512,
                    "randfeat_x0_dim": 512,
                    "activation": "tanh",
                    "use_batchnorm": false,
                    "n_layers": 8,
                    "l2_reg": 0.2528256042869643,
                    "l2_ghat": 2.3304930685999146e-05,
                    "boost_lr": 0.9203889754460546,
                    "hidden_dim": 24,
                    "SWIM_scale": 0.9618367865380483
                },
                {
                    "in_dim": 24,
                    "out_dim": 1,
                    "feature_type": "SWIM",
                    "upscale_type": "identity",
                    "randfeat_xt_dim": 512,
                    "randfeat_x0_dim": 512,
                    "activation": "tanh",
                    "use_batchnorm": false,
                    "n_layers": 7,
                    "l2_reg": 0.008206670411620718,
                    "l2_ghat": 3.5963462933917526e-05,
                    "boost_lr": 0.6264762001670449,
                    "hidden_dim": 24,
                    "SWIM_scale": 1.3235076884975427
                }
            ]
        }
    }
}