{
    "45402": {
        "RFNN_iid": {
            "score_train": [
                0.43711745738983154,
                0.4329136908054352,
                0.4544673562049866,
                0.43661314249038696,
                0.449396014213562
            ],
            "score_test": [
                0.5245185494422913,
                0.5101567506790161,
                0.4879913330078125,
                0.48142388463020325,
                0.4867657423019409
            ],
            "t_fit": [
                0.03128776699304581,
                0.03506171703338623,
                0.05526396632194519,
                0.05524493381381035,
                0.04335356503725052
            ],
            "t_inference": [
                0.008115570992231369,
                0.009616170078516006,
                0.017379313707351685,
                0.019012335687875748,
                0.009516309946775436
            ],
            "hyperparams": [
                {
                    "n_layers": 0,
                    "in_dim": 6,
                    "out_dim": 1,
                    "upscale_type": "iid",
                    "activation": "tanh",
                    "use_batchnorm": false,
                    "l2_reg": 0.0009556425670522291,
                    "hidden_dim": 437,
                    "iid_scale": 4.07708659364595
                },
                {
                    "n_layers": 0,
                    "in_dim": 6,
                    "out_dim": 1,
                    "upscale_type": "iid",
                    "activation": "tanh",
                    "use_batchnorm": false,
                    "l2_reg": 0.0020413956347363886,
                    "hidden_dim": 475,
                    "iid_scale": 5.100143438677286
                },
                {
                    "n_layers": 0,
                    "in_dim": 6,
                    "out_dim": 1,
                    "upscale_type": "iid",
                    "activation": "tanh",
                    "use_batchnorm": false,
                    "l2_reg": 0.0008963395036389281,
                    "hidden_dim": 422,
                    "iid_scale": 3.3993846763536593
                },
                {
                    "n_layers": 0,
                    "in_dim": 6,
                    "out_dim": 1,
                    "upscale_type": "iid",
                    "activation": "tanh",
                    "use_batchnorm": false,
                    "l2_reg": 0.0007298722889151318,
                    "hidden_dim": 511,
                    "iid_scale": 4.188123277409257
                },
                {
                    "n_layers": 0,
                    "in_dim": 6,
                    "out_dim": 1,
                    "upscale_type": "iid",
                    "activation": "tanh",
                    "use_batchnorm": false,
                    "l2_reg": 0.001269130130450645,
                    "hidden_dim": 511,
                    "iid_scale": 3.744634864857611
                }
            ]
        }
    }
}