{
    "44963": {
        "GradientRFRBoost_ID_batchnormFalse": {
            "score_train": [
                0.6622487306594849,
                0.6945153474807739,
                0.6821526885032654,
                0.6583445072174072,
                0.6826043128967285
            ],
            "score_test": [
                0.7328885197639465,
                0.7563396692276001,
                0.7587139010429382,
                0.7566450238227844,
                0.7496399283409119
            ],
            "t_fit": [
                5.121908128261566,
                4.478832606226206,
                4.424766298383474,
                3.390947178006172,
                3.8130453899502754
            ],
            "t_inference": [
                0.6029726304113865,
                0.47712814807891846,
                0.4462476409971714,
                0.344318225979805,
                0.38415638729929924
            ],
            "hyperparams": [
                {
                    "in_dim": 9,
                    "out_dim": 1,
                    "feature_type": "SWIM",
                    "upscale_type": "identity",
                    "randfeat_xt_dim": 512,
                    "randfeat_x0_dim": 512,
                    "activation": "tanh",
                    "use_batchnorm": false,
                    "n_layers": 8,
                    "l2_reg": 0.25994018251201323,
                    "l2_ghat": 0.0001423361435694424,
                    "boost_lr": 0.16093810419727442,
                    "hidden_dim": 9,
                    "SWIM_scale": 0.7178198318712061
                },
                {
                    "in_dim": 9,
                    "out_dim": 1,
                    "feature_type": "SWIM",
                    "upscale_type": "identity",
                    "randfeat_xt_dim": 512,
                    "randfeat_x0_dim": 512,
                    "activation": "tanh",
                    "use_batchnorm": false,
                    "n_layers": 7,
                    "l2_reg": 0.24659149613580977,
                    "l2_ghat": 0.0010791471368494874,
                    "boost_lr": 0.22510997161367424,
                    "hidden_dim": 9,
                    "SWIM_scale": 0.6225338919206891
                },
                {
                    "in_dim": 9,
                    "out_dim": 1,
                    "feature_type": "SWIM",
                    "upscale_type": "identity",
                    "randfeat_xt_dim": 512,
                    "randfeat_x0_dim": 512,
                    "activation": "tanh",
                    "use_batchnorm": false,
                    "n_layers": 8,
                    "l2_reg": 0.2221267662714617,
                    "l2_ghat": 1.495912544491365e-05,
                    "boost_lr": 0.23152010332955084,
                    "hidden_dim": 9,
                    "SWIM_scale": 0.3211921464647274
                },
                {
                    "in_dim": 9,
                    "out_dim": 1,
                    "feature_type": "SWIM",
                    "upscale_type": "identity",
                    "randfeat_xt_dim": 512,
                    "randfeat_x0_dim": 512,
                    "activation": "tanh",
                    "use_batchnorm": false,
                    "n_layers": 6,
                    "l2_reg": 0.109578003801916,
                    "l2_ghat": 2.4705351987743468e-05,
                    "boost_lr": 0.35558125145559344,
                    "hidden_dim": 9,
                    "SWIM_scale": 0.4637853328797773
                },
                {
                    "in_dim": 9,
                    "out_dim": 1,
                    "feature_type": "SWIM",
                    "upscale_type": "identity",
                    "randfeat_xt_dim": 512,
                    "randfeat_x0_dim": 512,
                    "activation": "tanh",
                    "use_batchnorm": false,
                    "n_layers": 7,
                    "l2_reg": 0.20225169549395153,
                    "l2_ghat": 0.0003436897048632896,
                    "boost_lr": 0.22630081742962518,
                    "hidden_dim": 9,
                    "SWIM_scale": 0.5799251336534992
                }
            ]
        }
    }
}