{
    "44971": {
        "GreedyRFRBoostDense": {
            "score_train": [
                0.6955486536026001,
                0.7508257627487183,
                0.6751416325569153,
                0.7006380558013916,
                0.721686840057373
            ],
            "score_test": [
                0.7595762610435486,
                0.8052707314491272,
                0.8088296055793762,
                0.7594353556632996,
                0.755328893661499
            ],
            "t_fit": [
                11.820801546797156,
                2.1920116059482098,
                21.66256065107882,
                12.921428328379989,
                13.320893852040172
            ],
            "t_inference": [
                2.961260860785842,
                0.4391159228980541,
                5.309785595163703,
                2.5532708186656237,
                3.428599053993821
            ],
            "hyperparams": [
                {
                    "in_dim": 11,
                    "out_dim": 1,
                    "feature_type": "SWIM",
                    "upscale_type": "SWIM",
                    "randfeat_xt_dim": 512,
                    "randfeat_x0_dim": 512,
                    "sandwich_solver": "dense",
                    "n_layers": 9,
                    "hidden_dim": 464,
                    "l2_reg": 0.04912217136197737,
                    "l2_ghat": 0.09407300445614945,
                    "boost_lr": 0.8,
                    "SWIM_scale": 1.8462165762290956
                },
                {
                    "in_dim": 11,
                    "out_dim": 1,
                    "feature_type": "SWIM",
                    "upscale_type": "SWIM",
                    "randfeat_xt_dim": 512,
                    "randfeat_x0_dim": 512,
                    "sandwich_solver": "dense",
                    "n_layers": 2,
                    "hidden_dim": 240,
                    "l2_reg": 0.048102788929430165,
                    "l2_ghat": 0.12855740027965942,
                    "boost_lr": 0.8,
                    "SWIM_scale": 1.8150499914716673
                },
                {
                    "in_dim": 11,
                    "out_dim": 1,
                    "feature_type": "SWIM",
                    "upscale_type": "SWIM",
                    "randfeat_xt_dim": 512,
                    "randfeat_x0_dim": 512,
                    "sandwich_solver": "dense",
                    "n_layers": 19,
                    "hidden_dim": 368,
                    "l2_reg": 0.06388368738709309,
                    "l2_ghat": 0.13040578006586986,
                    "boost_lr": 1.0,
                    "SWIM_scale": 1.8289615910313695
                },
                {
                    "in_dim": 11,
                    "out_dim": 1,
                    "feature_type": "SWIM",
                    "upscale_type": "SWIM",
                    "randfeat_xt_dim": 512,
                    "randfeat_x0_dim": 512,
                    "sandwich_solver": "dense",
                    "n_layers": 13,
                    "hidden_dim": 272,
                    "l2_reg": 0.08925678058631918,
                    "l2_ghat": 0.01512378662920741,
                    "boost_lr": 0.7,
                    "SWIM_scale": 1.3641642007222359
                },
                {
                    "in_dim": 11,
                    "out_dim": 1,
                    "feature_type": "SWIM",
                    "upscale_type": "SWIM",
                    "randfeat_xt_dim": 512,
                    "randfeat_x0_dim": 512,
                    "sandwich_solver": "dense",
                    "n_layers": 11,
                    "hidden_dim": 464,
                    "l2_reg": 0.32525519097681826,
                    "l2_ghat": 0.031836312394275,
                    "boost_lr": 1.0,
                    "SWIM_scale": 1.9313269323615343
                }
            ]
        }
    }
}