{
    "45402": {
        "GreedyRFRBoostDiag_upscaleiid": {
            "score_train": [
                0.43450793623924255,
                0.41941675543785095,
                0.43330085277557373,
                0.4488193690776825,
                0.4572456479072571
            ],
            "score_test": [
                0.5344530940055847,
                0.512728750705719,
                0.46743160486221313,
                0.4933478534221649,
                0.49141693115234375
            ],
            "t_fit": [
                0.9122652560472488,
                1.2955710291862488,
                1.027960192412138,
                0.47416238486766815,
                0.9324408061802387
            ],
            "t_inference": [
                0.2749381773173809,
                0.41652677580714226,
                0.31492904946208,
                0.14506113901734352,
                0.3023153245449066
            ],
            "hyperparams": [
                {
                    "in_dim": 6,
                    "out_dim": 1,
                    "feature_type": "SWIM",
                    "upscale_type": "iid",
                    "randfeat_xt_dim": 512,
                    "randfeat_x0_dim": 512,
                    "sandwich_solver": "diag",
                    "n_layers": 20,
                    "hidden_dim": 304,
                    "l2_reg": 0.0014266485559631642,
                    "l2_ghat": 0.007142178908852202,
                    "boost_lr": 1.0,
                    "SWIM_scale": 1.9129852731506602
                },
                {
                    "in_dim": 6,
                    "out_dim": 1,
                    "feature_type": "SWIM",
                    "upscale_type": "iid",
                    "randfeat_xt_dim": 512,
                    "randfeat_x0_dim": 512,
                    "sandwich_solver": "diag",
                    "n_layers": 17,
                    "hidden_dim": 432,
                    "l2_reg": 0.0016527675458687687,
                    "l2_ghat": 0.00023024019763972397,
                    "boost_lr": 0.5,
                    "SWIM_scale": 1.4223880072788901
                },
                {
                    "in_dim": 6,
                    "out_dim": 1,
                    "feature_type": "SWIM",
                    "upscale_type": "iid",
                    "randfeat_xt_dim": 512,
                    "randfeat_x0_dim": 512,
                    "sandwich_solver": "diag",
                    "n_layers": 20,
                    "hidden_dim": 304,
                    "l2_reg": 0.002679055362525122,
                    "l2_ghat": 7.522329558980875e-05,
                    "boost_lr": 0.6,
                    "SWIM_scale": 1.2536797504799755
                },
                {
                    "in_dim": 6,
                    "out_dim": 1,
                    "feature_type": "SWIM",
                    "upscale_type": "iid",
                    "randfeat_xt_dim": 512,
                    "randfeat_x0_dim": 512,
                    "sandwich_solver": "diag",
                    "n_layers": 9,
                    "hidden_dim": 304,
                    "l2_reg": 0.002765267469450645,
                    "l2_ghat": 0.00026146185919014275,
                    "boost_lr": 1.0,
                    "SWIM_scale": 1.3788650202714183
                },
                {
                    "in_dim": 6,
                    "out_dim": 1,
                    "feature_type": "SWIM",
                    "upscale_type": "iid",
                    "randfeat_xt_dim": 512,
                    "randfeat_x0_dim": 512,
                    "sandwich_solver": "diag",
                    "n_layers": 11,
                    "hidden_dim": 432,
                    "l2_reg": 0.0031423662369378107,
                    "l2_ghat": 0.00048157220680171626,
                    "boost_lr": 0.6,
                    "SWIM_scale": 1.0078432620796958
                }
            ]
        }
    }
}