{
    "44959": {
        "GreedyRFRBoostScalar_upscaleiid_iidfeat": {
            "score_train": [
                0.23490402102470398,
                0.25573161244392395,
                0.2538056969642639,
                0.26668092608451843,
                0.259985089302063
            ],
            "score_test": [
                0.3870002329349518,
                0.3155217170715332,
                0.354098379611969,
                0.3776383399963379,
                0.36287781596183777
            ],
            "t_fit": [
                0.14127608388662338,
                0.334398090839386,
                0.18457698076963425,
                0.026500597596168518,
                0.3077245354652405
            ],
            "t_inference": [
                0.07609067857265472,
                0.17420196533203125,
                0.09493421763181686,
                0.010295204818248749,
                0.15703505277633667
            ],
            "hyperparams": [
                {
                    "in_dim": 8,
                    "out_dim": 1,
                    "feature_type": "iid",
                    "upscale_type": "iid",
                    "randfeat_xt_dim": 512,
                    "randfeat_x0_dim": 512,
                    "sandwich_solver": "scalar",
                    "n_layers": 8,
                    "hidden_dim": 432,
                    "l2_reg": 0.004297704788228454,
                    "l2_ghat": 0.14256637515420237,
                    "boost_lr": 0.9,
                    "iid_scale": 2.5164541434247196
                },
                {
                    "in_dim": 8,
                    "out_dim": 1,
                    "feature_type": "iid",
                    "upscale_type": "iid",
                    "randfeat_xt_dim": 512,
                    "randfeat_x0_dim": 512,
                    "sandwich_solver": "scalar",
                    "n_layers": 15,
                    "hidden_dim": 496,
                    "l2_reg": 0.004283541823576564,
                    "l2_ghat": 5.815786035865241e-07,
                    "boost_lr": 0.8,
                    "iid_scale": 1.957440613666877
                },
                {
                    "in_dim": 8,
                    "out_dim": 1,
                    "feature_type": "iid",
                    "upscale_type": "iid",
                    "randfeat_xt_dim": 512,
                    "randfeat_x0_dim": 512,
                    "sandwich_solver": "scalar",
                    "n_layers": 9,
                    "hidden_dim": 496,
                    "l2_reg": 0.012976076402624846,
                    "l2_ghat": 4.688898094291389e-07,
                    "boost_lr": 0.9,
                    "iid_scale": 2.990978500983842
                },
                {
                    "in_dim": 8,
                    "out_dim": 1,
                    "feature_type": "iid",
                    "upscale_type": "iid",
                    "randfeat_xt_dim": 512,
                    "randfeat_x0_dim": 512,
                    "sandwich_solver": "scalar",
                    "n_layers": 1,
                    "hidden_dim": 432,
                    "l2_reg": 0.023487283242077307,
                    "l2_ghat": 0.0062944642583812604,
                    "boost_lr": 0.8,
                    "iid_scale": 4.3526850661196885
                },
                {
                    "in_dim": 8,
                    "out_dim": 1,
                    "feature_type": "iid",
                    "upscale_type": "iid",
                    "randfeat_xt_dim": 512,
                    "randfeat_x0_dim": 512,
                    "sandwich_solver": "scalar",
                    "n_layers": 14,
                    "hidden_dim": 496,
                    "l2_reg": 0.007464703286886225,
                    "l2_ghat": 6.611188734682066e-07,
                    "boost_lr": 0.5,
                    "iid_scale": 2.16369947459369
                }
            ]
        }
    }
}