{
    "44990": {
        "GreedyRFRBoostDiag_relu": {
            "score_train": [
                0.37678736448287964,
                0.3909095525741577,
                0.38933056592941284,
                0.3742988705635071,
                0.38885289430618286
            ],
            "score_test": [
                0.3984487056732178,
                0.38946494460105896,
                0.40551862120628357,
                0.40461465716362,
                0.39951372146606445
            ],
            "t_fit": [
                1.2805201206356287,
                1.9987451005727053,
                0.7955968361347914,
                1.218252468854189,
                1.7932976484298706
            ],
            "t_inference": [
                0.44534196704626083,
                0.6991406921297312,
                0.266690032556653,
                0.43635812029242516,
                0.6099743153899908
            ],
            "hyperparams": [
                {
                    "in_dim": 49,
                    "out_dim": 1,
                    "feature_type": "SWIM",
                    "upscale_type": "iid",
                    "randfeat_xt_dim": 512,
                    "randfeat_x0_dim": 512,
                    "sandwich_solver": "diag",
                    "n_layers": 8,
                    "hidden_dim": 496,
                    "l2_reg": 0.051148105948400927,
                    "l2_ghat": 3.345493585773527e-05,
                    "boost_lr": 0.8,
                    "SWIM_scale": 1.8259766371027086
                },
                {
                    "in_dim": 49,
                    "out_dim": 1,
                    "feature_type": "SWIM",
                    "upscale_type": "iid",
                    "randfeat_xt_dim": 512,
                    "randfeat_x0_dim": 512,
                    "sandwich_solver": "diag",
                    "n_layers": 13,
                    "hidden_dim": 496,
                    "l2_reg": 0.04961007617960966,
                    "l2_ghat": 0.00012011377451644648,
                    "boost_lr": 0.7,
                    "SWIM_scale": 1.005767198400679
                },
                {
                    "in_dim": 49,
                    "out_dim": 1,
                    "feature_type": "SWIM",
                    "upscale_type": "iid",
                    "randfeat_xt_dim": 512,
                    "randfeat_x0_dim": 512,
                    "sandwich_solver": "diag",
                    "n_layers": 5,
                    "hidden_dim": 496,
                    "l2_reg": 0.08363832781114777,
                    "l2_ghat": 3.7189110659580937e-06,
                    "boost_lr": 0.8,
                    "SWIM_scale": 0.320299108621855
                },
                {
                    "in_dim": 49,
                    "out_dim": 1,
                    "feature_type": "SWIM",
                    "upscale_type": "iid",
                    "randfeat_xt_dim": 512,
                    "randfeat_x0_dim": 512,
                    "sandwich_solver": "diag",
                    "n_layers": 13,
                    "hidden_dim": 368,
                    "l2_reg": 0.04992339630154452,
                    "l2_ghat": 3.0771110197001556e-05,
                    "boost_lr": 0.9,
                    "SWIM_scale": 1.5734659433084115
                },
                {
                    "in_dim": 49,
                    "out_dim": 1,
                    "feature_type": "SWIM",
                    "upscale_type": "iid",
                    "randfeat_xt_dim": 512,
                    "randfeat_x0_dim": 512,
                    "sandwich_solver": "diag",
                    "n_layers": 11,
                    "hidden_dim": 496,
                    "l2_reg": 0.07535254210375675,
                    "l2_ghat": 2.43819521155705e-07,
                    "boost_lr": 0.5,
                    "SWIM_scale": 0.17153064642916258
                }
            ]
        }
    }
}