{
    "44977": {
        "End2End_cpu": {
            "score_train": [
                0.41093382239341736,
                0.4333397448062897,
                0.4079124629497528,
                0.43368521332740784,
                0.42002296447753906
            ],
            "score_test": [
                0.4988340735435486,
                0.45920801162719727,
                0.4979364573955536,
                0.46479564905166626,
                0.5074427127838135
            ],
            "t_fit": [
                6.70057737082243,
                15.272604431957006,
                16.68026215583086,
                22.262921046465635,
                22.87231634557247
            ],
            "t_inference": [
                0.03690151497721672,
                0.09607908129692078,
                0.08735006675124168,
                0.10792705416679382,
                0.10922033339738846
            ],
            "hyperparams": [
                {
                    "in_dim": 8,
                    "out_dim": 1,
                    "loss": "mse",
                    "bottleneck_dim": 512,
                    "n_blocks": 1,
                    "hidden_dim": 60,
                    "lr": 0.012712563718352466,
                    "end_lr_factor": 0.021537956592807644,
                    "n_epochs": 40,
                    "weight_decay": 0.0007056689451022194,
                    "batch_size": 128
                },
                {
                    "in_dim": 8,
                    "out_dim": 1,
                    "loss": "mse",
                    "bottleneck_dim": 512,
                    "n_blocks": 4,
                    "hidden_dim": 65,
                    "lr": 0.026939725941730937,
                    "end_lr_factor": 0.03904372225263367,
                    "n_epochs": 31,
                    "weight_decay": 0.0009495321633916387,
                    "batch_size": 128
                },
                {
                    "in_dim": 8,
                    "out_dim": 1,
                    "loss": "mse",
                    "bottleneck_dim": 512,
                    "n_blocks": 5,
                    "hidden_dim": 25,
                    "lr": 0.023928940552074986,
                    "end_lr_factor": 0.010058569173640328,
                    "n_epochs": 43,
                    "weight_decay": 0.0009064341958172687,
                    "batch_size": 128
                },
                {
                    "in_dim": 8,
                    "out_dim": 1,
                    "loss": "mse",
                    "bottleneck_dim": 512,
                    "n_blocks": 3,
                    "hidden_dim": 144,
                    "lr": 0.04113855117108062,
                    "end_lr_factor": 0.020134143770529838,
                    "n_epochs": 45,
                    "weight_decay": 0.0007582111075798364,
                    "batch_size": 128
                },
                {
                    "in_dim": 8,
                    "out_dim": 1,
                    "loss": "mse",
                    "bottleneck_dim": 512,
                    "n_blocks": 5,
                    "hidden_dim": 62,
                    "lr": 0.025786174155537536,
                    "end_lr_factor": 0.03983989938696338,
                    "n_epochs": 29,
                    "weight_decay": 0.0009771396383759885,
                    "batch_size": 128
                }
            ]
        }
    }
}