{
    "44977": {
        "GradientRFRBoost_upscaleiid_batchnormFalse": {
            "score_train": [
                0.456400066614151,
                0.4640769958496094,
                0.45631179213523865,
                0.46499693393707275,
                0.4702547490596771
            ],
            "score_test": [
                0.5291528701782227,
                0.4887159466743469,
                0.5355150103569031,
                0.48659399151802063,
                0.5131620764732361
            ],
            "t_fit": [
                5.519737411290407,
                5.026954233646393,
                4.592120159417391,
                5.8330238945782185,
                4.46344431117177
            ],
            "t_inference": [
                1.807084210216999,
                1.6725741177797318,
                1.434919510036707,
                2.016244374215603,
                1.4332775995135307
            ],
            "hyperparams": [
                {
                    "in_dim": 8,
                    "out_dim": 1,
                    "feature_type": "SWIM",
                    "upscale_type": "iid",
                    "randfeat_xt_dim": 512,
                    "randfeat_x0_dim": 512,
                    "activation": "tanh",
                    "use_batchnorm": false,
                    "n_layers": 10,
                    "l2_reg": 0.00010342339344299063,
                    "l2_ghat": 8.618298576925648,
                    "boost_lr": 0.8185919612285413,
                    "hidden_dim": 453,
                    "SWIM_scale": 1.678894758838192
                },
                {
                    "in_dim": 8,
                    "out_dim": 1,
                    "feature_type": "SWIM",
                    "upscale_type": "iid",
                    "randfeat_xt_dim": 512,
                    "randfeat_x0_dim": 512,
                    "activation": "tanh",
                    "use_batchnorm": false,
                    "n_layers": 9,
                    "l2_reg": 0.00020105634093560377,
                    "l2_ghat": 3.403047624492744,
                    "boost_lr": 0.9977207278145569,
                    "hidden_dim": 477,
                    "SWIM_scale": 1.4979021835258366
                },
                {
                    "in_dim": 8,
                    "out_dim": 1,
                    "feature_type": "SWIM",
                    "upscale_type": "iid",
                    "randfeat_xt_dim": 512,
                    "randfeat_x0_dim": 512,
                    "activation": "tanh",
                    "use_batchnorm": false,
                    "n_layers": 9,
                    "l2_reg": 0.0001367529734431895,
                    "l2_ghat": 6.701535908872794,
                    "boost_lr": 0.8678419160495979,
                    "hidden_dim": 436,
                    "SWIM_scale": 1.768310624722563
                },
                {
                    "in_dim": 8,
                    "out_dim": 1,
                    "feature_type": "SWIM",
                    "upscale_type": "iid",
                    "randfeat_xt_dim": 512,
                    "randfeat_x0_dim": 512,
                    "activation": "tanh",
                    "use_batchnorm": false,
                    "n_layers": 10,
                    "l2_reg": 0.00013045084511417767,
                    "l2_ghat": 9.524266009042506,
                    "boost_lr": 0.8166428197510975,
                    "hidden_dim": 511,
                    "SWIM_scale": 1.6631066462507964
                },
                {
                    "in_dim": 8,
                    "out_dim": 1,
                    "feature_type": "SWIM",
                    "upscale_type": "iid",
                    "randfeat_xt_dim": 512,
                    "randfeat_x0_dim": 512,
                    "activation": "tanh",
                    "use_batchnorm": false,
                    "n_layers": 8,
                    "l2_reg": 0.0002488776156448011,
                    "l2_ghat": 1.5162813494174996,
                    "boost_lr": 0.6640502103577443,
                    "hidden_dim": 387,
                    "SWIM_scale": 1.5464026827135162
                }
            ]
        }
    }
}