{
    "44978": {
        "GreedyRFRBoostDiag_upscaleiid_iidfeat": {
            "score_train": [
                0.13178999722003937,
                0.1287027895450592,
                0.1290174275636673,
                0.12702438235282898,
                0.1334654986858368
            ],
            "score_test": [
                0.15966810286045074,
                0.157331645488739,
                0.1807509809732437,
                0.18064820766448975,
                0.1575777381658554
            ],
            "t_fit": [
                2.4570609759539366,
                5.023071989417076,
                2.780205739662051,
                2.2076471373438835,
                3.1445463560521603
            ],
            "t_inference": [
                1.3878029696643353,
                2.2816886585205793,
                1.4488467685878277,
                0.8515055906027555,
                3.5958915911614895
            ],
            "hyperparams": [
                {
                    "in_dim": 21,
                    "out_dim": 1,
                    "feature_type": "iid",
                    "upscale_type": "iid",
                    "randfeat_xt_dim": 512,
                    "randfeat_x0_dim": 512,
                    "sandwich_solver": "diag",
                    "n_layers": 14,
                    "hidden_dim": 432,
                    "l2_reg": 0.01736044147370982,
                    "l2_ghat": 6.700141579070252e-06,
                    "boost_lr": 0.7,
                    "iid_scale": 0.9873649202169971
                },
                {
                    "in_dim": 21,
                    "out_dim": 1,
                    "feature_type": "iid",
                    "upscale_type": "iid",
                    "randfeat_xt_dim": 512,
                    "randfeat_x0_dim": 512,
                    "sandwich_solver": "diag",
                    "n_layers": 11,
                    "hidden_dim": 496,
                    "l2_reg": 0.014321596264359854,
                    "l2_ghat": 1.0087601754123876e-06,
                    "boost_lr": 0.6,
                    "iid_scale": 0.8391216508643188
                },
                {
                    "in_dim": 21,
                    "out_dim": 1,
                    "feature_type": "iid",
                    "upscale_type": "iid",
                    "randfeat_xt_dim": 512,
                    "randfeat_x0_dim": 512,
                    "sandwich_solver": "diag",
                    "n_layers": 14,
                    "hidden_dim": 464,
                    "l2_reg": 0.016523491863384924,
                    "l2_ghat": 5.031391056219845e-06,
                    "boost_lr": 0.5,
                    "iid_scale": 1.0502712515182935
                },
                {
                    "in_dim": 21,
                    "out_dim": 1,
                    "feature_type": "iid",
                    "upscale_type": "iid",
                    "randfeat_xt_dim": 512,
                    "randfeat_x0_dim": 512,
                    "sandwich_solver": "diag",
                    "n_layers": 9,
                    "hidden_dim": 464,
                    "l2_reg": 0.035899656333314336,
                    "l2_ghat": 3.2446739346523175e-07,
                    "boost_lr": 0.5,
                    "iid_scale": 0.898488428670053
                },
                {
                    "in_dim": 21,
                    "out_dim": 1,
                    "feature_type": "iid",
                    "upscale_type": "iid",
                    "randfeat_xt_dim": 512,
                    "randfeat_x0_dim": 512,
                    "sandwich_solver": "diag",
                    "n_layers": 14,
                    "hidden_dim": 464,
                    "l2_reg": 0.007309913655194192,
                    "l2_ghat": 2.247093498417635e-05,
                    "boost_lr": 0.8,
                    "iid_scale": 1.0275571950696911
                }
            ]
        }
    }
}