{
    "44977": {
        "GradientRFRBoost": {
            "score_train": [
                0.46082162857055664,
                0.4516352415084839,
                0.46166595816612244,
                0.46773120760917664,
                0.47075870633125305
            ],
            "score_test": [
                0.521298885345459,
                0.48994696140289307,
                0.5348408222198486,
                0.4979442059993744,
                0.5217351913452148
            ],
            "t_fit": [
                3.256297178566456,
                3.4491673558950424,
                3.7494641672819853,
                1.5030744764953852,
                1.9587063509970903
            ],
            "t_inference": [
                0.8879046738147736,
                1.031048633158207,
                0.9579588361084461,
                0.3723601717501879,
                0.37334864027798176
            ],
            "hyperparams": [
                {
                    "in_dim": 8,
                    "out_dim": 1,
                    "feature_type": "SWIM",
                    "upscale_type": "iid",
                    "randfeat_xt_dim": 512,
                    "randfeat_x0_dim": 512,
                    "activation": "tanh",
                    "n_layers": 12,
                    "hidden_dim": 187,
                    "l2_reg": 1.744385156410443,
                    "l2_ghat": 0.07349412107456897,
                    "boost_lr": 0.5,
                    "SWIM_scale": 0.9762356449864813
                },
                {
                    "in_dim": 8,
                    "out_dim": 1,
                    "feature_type": "SWIM",
                    "upscale_type": "iid",
                    "randfeat_xt_dim": 512,
                    "randfeat_x0_dim": 512,
                    "activation": "tanh",
                    "n_layers": 11,
                    "hidden_dim": 266,
                    "l2_reg": 6.068142748152518,
                    "l2_ghat": 3.464766503546748e-05,
                    "boost_lr": 0.9,
                    "SWIM_scale": 0.25325491689849855
                },
                {
                    "in_dim": 8,
                    "out_dim": 1,
                    "feature_type": "SWIM",
                    "upscale_type": "iid",
                    "randfeat_xt_dim": 512,
                    "randfeat_x0_dim": 512,
                    "activation": "tanh",
                    "n_layers": 14,
                    "hidden_dim": 143,
                    "l2_reg": 2.7721640978972957,
                    "l2_ghat": 0.0005976450980934962,
                    "boost_lr": 1.0,
                    "SWIM_scale": 0.2683262634746338
                },
                {
                    "in_dim": 8,
                    "out_dim": 1,
                    "feature_type": "SWIM",
                    "upscale_type": "iid",
                    "randfeat_xt_dim": 512,
                    "randfeat_x0_dim": 512,
                    "activation": "tanh",
                    "n_layers": 6,
                    "hidden_dim": 176,
                    "l2_reg": 0.003296125538731318,
                    "l2_ghat": 0.11473171951003236,
                    "boost_lr": 0.8,
                    "SWIM_scale": 1.196171564890621
                },
                {
                    "in_dim": 8,
                    "out_dim": 1,
                    "feature_type": "SWIM",
                    "upscale_type": "iid",
                    "randfeat_xt_dim": 512,
                    "randfeat_x0_dim": 512,
                    "activation": "tanh",
                    "n_layers": 9,
                    "hidden_dim": 64,
                    "l2_reg": 1.4162279880384299,
                    "l2_ghat": 0.04801500502344489,
                    "boost_lr": 0.5,
                    "SWIM_scale": 1.0272115707459848
                }
            ]
        }
    }
}