{
    "44972": {
        "GradientRFRBoost": {
            "score_train": [
                0.7141941785812378,
                0.6719875931739807,
                0.7081418633460999,
                0.7155210971832275,
                0.6711819767951965
            ],
            "score_test": [
                0.7517755031585693,
                0.7977393269538879,
                0.7141497135162354,
                0.8029237985610962,
                0.7921829223632812
            ],
            "t_fit": [
                0.977453451603651,
                0.4217135012149811,
                0.5177047662436962,
                0.241767767816782,
                0.15585292130708694
            ],
            "t_inference": [
                0.16690917313098907,
                0.07947079464793205,
                0.06878510490059853,
                0.05537549778819084,
                0.02502474933862686
            ],
            "hyperparams": [
                {
                    "in_dim": 11,
                    "out_dim": 1,
                    "feature_type": "SWIM",
                    "upscale_type": "SWIM",
                    "randfeat_xt_dim": 512,
                    "randfeat_x0_dim": 512,
                    "activation": "tanh",
                    "use_batchnorm": true,
                    "n_layers": 5,
                    "l2_reg": 1.683714511560602,
                    "l2_ghat": 0.008882810823105184,
                    "boost_lr": 0.10015989651096406,
                    "hidden_dim": 188,
                    "SWIM_scale": 0.7241125634177987
                },
                {
                    "in_dim": 11,
                    "out_dim": 1,
                    "feature_type": "SWIM",
                    "upscale_type": "SWIM",
                    "randfeat_xt_dim": 512,
                    "randfeat_x0_dim": 512,
                    "activation": "tanh",
                    "use_batchnorm": true,
                    "n_layers": 2,
                    "l2_reg": 7.7973211964569185,
                    "l2_ghat": 0.041536048486550584,
                    "boost_lr": 0.3124904879336264,
                    "hidden_dim": 228,
                    "SWIM_scale": 1.8455639354161941
                },
                {
                    "in_dim": 11,
                    "out_dim": 1,
                    "feature_type": "SWIM",
                    "upscale_type": "SWIM",
                    "randfeat_xt_dim": 512,
                    "randfeat_x0_dim": 512,
                    "activation": "tanh",
                    "use_batchnorm": true,
                    "n_layers": 3,
                    "l2_reg": 2.73929862966543,
                    "l2_ghat": 0.016073342211952068,
                    "boost_lr": 0.1806042982534111,
                    "hidden_dim": 83,
                    "SWIM_scale": 1.0285242493071485
                },
                {
                    "in_dim": 11,
                    "out_dim": 1,
                    "feature_type": "SWIM",
                    "upscale_type": "SWIM",
                    "randfeat_xt_dim": 512,
                    "randfeat_x0_dim": 512,
                    "activation": "tanh",
                    "use_batchnorm": true,
                    "n_layers": 1,
                    "l2_reg": 0.03431336968197739,
                    "l2_ghat": 0.1346924963622567,
                    "boost_lr": 0.1863757395038374,
                    "hidden_dim": 378,
                    "SWIM_scale": 0.7379810999594869
                },
                {
                    "in_dim": 11,
                    "out_dim": 1,
                    "feature_type": "SWIM",
                    "upscale_type": "SWIM",
                    "randfeat_xt_dim": 512,
                    "randfeat_x0_dim": 512,
                    "activation": "tanh",
                    "use_batchnorm": true,
                    "n_layers": 1,
                    "l2_reg": 0.7918178172083163,
                    "l2_ghat": 0.008250050375437431,
                    "boost_lr": 0.3287283629489019,
                    "hidden_dim": 100,
                    "SWIM_scale": 1.5964098771314217
                }
            ]
        }
    }
}