{
    "44965": {
        "RFNN_iid": {
            "score_train": [
                0.7385578155517578,
                0.7694214582443237,
                0.7534166574478149,
                0.7112619280815125,
                0.784590482711792
            ],
            "score_test": [
                0.8969027400016785,
                0.8815694451332092,
                0.8581582307815552,
                0.9824391007423401,
                0.7508161067962646
            ],
            "t_fit": [
                0.022358745336532593,
                0.02164008468389511,
                0.018126167356967926,
                0.018683739006519318,
                0.025546297430992126
            ],
            "t_inference": [
                0.006503507494926453,
                0.007750220596790314,
                0.006338581442832947,
                0.005488857626914978,
                0.006466854363679886
            ],
            "hyperparams": [
                {
                    "n_layers": 0,
                    "in_dim": 116,
                    "out_dim": 1,
                    "upscale_type": "iid",
                    "activation": "tanh",
                    "use_batchnorm": false,
                    "l2_reg": 0.03347039893112681,
                    "hidden_dim": 469,
                    "iid_scale": 1.3226232295724942
                },
                {
                    "n_layers": 0,
                    "in_dim": 116,
                    "out_dim": 1,
                    "upscale_type": "iid",
                    "activation": "tanh",
                    "use_batchnorm": false,
                    "l2_reg": 0.022112665012808334,
                    "hidden_dim": 460,
                    "iid_scale": 0.9538230140853591
                },
                {
                    "n_layers": 0,
                    "in_dim": 116,
                    "out_dim": 1,
                    "upscale_type": "iid",
                    "activation": "tanh",
                    "use_batchnorm": false,
                    "l2_reg": 0.02380490182043958,
                    "hidden_dim": 443,
                    "iid_scale": 1.161382572254362
                },
                {
                    "n_layers": 0,
                    "in_dim": 116,
                    "out_dim": 1,
                    "upscale_type": "iid",
                    "activation": "tanh",
                    "use_batchnorm": false,
                    "l2_reg": 0.08401535060808156,
                    "hidden_dim": 456,
                    "iid_scale": 1.977338294503791
                },
                {
                    "n_layers": 0,
                    "in_dim": 116,
                    "out_dim": 1,
                    "upscale_type": "iid",
                    "activation": "tanh",
                    "use_batchnorm": false,
                    "l2_reg": 0.06310697074765097,
                    "hidden_dim": 501,
                    "iid_scale": 1.4963233312910653
                }
            ]
        }
    }
}