{
    "44976": {
        "GreedyRFRBoostDense": {
            "score_train": [
                0.12251251190900803,
                0.1333564668893814,
                0.13680362701416016,
                0.12940987944602966,
                0.12055455893278122
            ],
            "score_test": [
                0.179798886179924,
                0.1757345199584961,
                0.17484158277511597,
                0.1893245428800583,
                0.1750277280807495
            ],
            "t_fit": [
                10.696874432265759,
                4.8055067379027605,
                7.884592717513442,
                5.165485119447112,
                9.570564437657595
            ],
            "t_inference": [
                2.817737275734544,
                1.1826195567846298,
                2.0001715142279863,
                1.2706145159900188,
                2.546950202435255
            ],
            "hyperparams": [
                {
                    "in_dim": 21,
                    "out_dim": 1,
                    "feature_type": "SWIM",
                    "upscale_type": "SWIM",
                    "randfeat_xt_dim": 512,
                    "randfeat_x0_dim": 512,
                    "sandwich_solver": "dense",
                    "n_layers": 20,
                    "hidden_dim": 496,
                    "l2_reg": 0.0011180937162890683,
                    "l2_ghat": 0.0010905448852129936,
                    "boost_lr": 0.7,
                    "SWIM_scale": 1.0246217123030554
                },
                {
                    "in_dim": 21,
                    "out_dim": 1,
                    "feature_type": "SWIM",
                    "upscale_type": "SWIM",
                    "randfeat_xt_dim": 512,
                    "randfeat_x0_dim": 512,
                    "sandwich_solver": "dense",
                    "n_layers": 10,
                    "hidden_dim": 400,
                    "l2_reg": 0.01115911469411788,
                    "l2_ghat": 0.00027696955910475583,
                    "boost_lr": 0.5,
                    "SWIM_scale": 1.295138588720793
                },
                {
                    "in_dim": 21,
                    "out_dim": 1,
                    "feature_type": "SWIM",
                    "upscale_type": "SWIM",
                    "randfeat_xt_dim": 512,
                    "randfeat_x0_dim": 512,
                    "sandwich_solver": "dense",
                    "n_layers": 16,
                    "hidden_dim": 432,
                    "l2_reg": 0.003722865761993604,
                    "l2_ghat": 0.0014263185271512872,
                    "boost_lr": 0.6,
                    "SWIM_scale": 1.1459202679786975
                },
                {
                    "in_dim": 21,
                    "out_dim": 1,
                    "feature_type": "SWIM",
                    "upscale_type": "SWIM",
                    "randfeat_xt_dim": 512,
                    "randfeat_x0_dim": 512,
                    "sandwich_solver": "dense",
                    "n_layers": 11,
                    "hidden_dim": 400,
                    "l2_reg": 0.004011465327266934,
                    "l2_ghat": 0.002099564146646054,
                    "boost_lr": 1.0,
                    "SWIM_scale": 1.3882378221251772
                },
                {
                    "in_dim": 21,
                    "out_dim": 1,
                    "feature_type": "SWIM",
                    "upscale_type": "SWIM",
                    "randfeat_xt_dim": 512,
                    "randfeat_x0_dim": 512,
                    "sandwich_solver": "dense",
                    "n_layers": 19,
                    "hidden_dim": 496,
                    "l2_reg": 0.004521666771893105,
                    "l2_ghat": 0.0032428278763555938,
                    "boost_lr": 0.5,
                    "SWIM_scale": 1.9498698293014685
                }
            ]
        }
    }
}