{
    "44987": {
        "GradientRFRBoost": {
            "score_train": [
                0.06816402077674866,
                0.07529084384441376,
                0.07250363379716873,
                0.08500469475984573,
                0.07873314619064331
            ],
            "score_test": [
                0.3173559904098511,
                0.2349056452512741,
                0.1990981101989746,
                0.1729917675256729,
                0.18419906497001648
            ],
            "t_fit": [
                0.3522655498236418,
                0.31595964916050434,
                0.6761407479643822,
                0.8141890447586775,
                0.28014696948230267
            ],
            "t_inference": [
                0.08079223521053791,
                0.07089481502771378,
                0.1543852910399437,
                0.15514427609741688,
                0.0594751238822937
            ],
            "hyperparams": [
                {
                    "in_dim": 39,
                    "out_dim": 1,
                    "feature_type": "SWIM",
                    "upscale_type": "SWIM",
                    "randfeat_xt_dim": 512,
                    "randfeat_x0_dim": 512,
                    "n_layers": 2,
                    "hidden_dim": 496,
                    "l2_reg": 0.8427342297750997,
                    "l2_ghat": 2.479766428220366e-06,
                    "boost_lr": 0.7
                },
                {
                    "in_dim": 39,
                    "out_dim": 1,
                    "feature_type": "SWIM",
                    "upscale_type": "SWIM",
                    "randfeat_xt_dim": 512,
                    "randfeat_x0_dim": 512,
                    "n_layers": 2,
                    "hidden_dim": 496,
                    "l2_reg": 0.8427342297750997,
                    "l2_ghat": 2.479766428220366e-06,
                    "boost_lr": 0.7
                },
                {
                    "in_dim": 39,
                    "out_dim": 1,
                    "feature_type": "SWIM",
                    "upscale_type": "SWIM",
                    "randfeat_xt_dim": 512,
                    "randfeat_x0_dim": 512,
                    "n_layers": 4,
                    "hidden_dim": 368,
                    "l2_reg": 0.6462734282020355,
                    "l2_ghat": 8.276983787124586e-06,
                    "boost_lr": 0.5
                },
                {
                    "in_dim": 39,
                    "out_dim": 1,
                    "feature_type": "SWIM",
                    "upscale_type": "SWIM",
                    "randfeat_xt_dim": 512,
                    "randfeat_x0_dim": 512,
                    "n_layers": 5,
                    "hidden_dim": 208,
                    "l2_reg": 0.26358391956250926,
                    "l2_ghat": 4.072571489305613e-05,
                    "boost_lr": 0.7
                },
                {
                    "in_dim": 39,
                    "out_dim": 1,
                    "feature_type": "SWIM",
                    "upscale_type": "SWIM",
                    "randfeat_xt_dim": 512,
                    "randfeat_x0_dim": 512,
                    "n_layers": 2,
                    "hidden_dim": 336,
                    "l2_reg": 0.11467939448553399,
                    "l2_ghat": 4.390493755296417e-06,
                    "boost_lr": 0.8
                }
            ]
        }
    }
}