{
    "44971": {
        "GreedyRFRBoostDense_upscaleiid": {
            "score_train": [
                0.6966917514801025,
                0.7154402732849121,
                0.689788818359375,
                0.6969110369682312,
                0.7066072225570679
            ],
            "score_test": [
                0.761436402797699,
                0.7824684381484985,
                0.8027589321136475,
                0.7583983540534973,
                0.7517251968383789
            ],
            "t_fit": [
                11.97756920196116,
                6.9196547716856,
                10.044619934633374,
                5.868802076205611,
                8.40432239510119
            ],
            "t_inference": [
                2.4309097174555063,
                1.4476493690162897,
                2.088472234085202,
                1.4939115680754185,
                2.4550527445971966
            ],
            "hyperparams": [
                {
                    "in_dim": 11,
                    "out_dim": 1,
                    "feature_type": "SWIM",
                    "upscale_type": "iid",
                    "randfeat_xt_dim": 512,
                    "randfeat_x0_dim": 512,
                    "sandwich_solver": "dense",
                    "n_layers": 14,
                    "hidden_dim": 400,
                    "l2_reg": 0.13612976730771714,
                    "l2_ghat": 0.04397954311322254,
                    "boost_lr": 0.8,
                    "SWIM_scale": 1.8543512434527012
                },
                {
                    "in_dim": 11,
                    "out_dim": 1,
                    "feature_type": "SWIM",
                    "upscale_type": "iid",
                    "randfeat_xt_dim": 512,
                    "randfeat_x0_dim": 512,
                    "sandwich_solver": "dense",
                    "n_layers": 13,
                    "hidden_dim": 304,
                    "l2_reg": 0.019495375094804458,
                    "l2_ghat": 0.33759342927688063,
                    "boost_lr": 0.8,
                    "SWIM_scale": 1.533097102707911
                },
                {
                    "in_dim": 11,
                    "out_dim": 1,
                    "feature_type": "SWIM",
                    "upscale_type": "iid",
                    "randfeat_xt_dim": 512,
                    "randfeat_x0_dim": 512,
                    "sandwich_solver": "dense",
                    "n_layers": 13,
                    "hidden_dim": 400,
                    "l2_reg": 0.057738613337861636,
                    "l2_ghat": 0.09530782588547879,
                    "boost_lr": 0.5,
                    "SWIM_scale": 1.9985350575854346
                },
                {
                    "in_dim": 11,
                    "out_dim": 1,
                    "feature_type": "SWIM",
                    "upscale_type": "iid",
                    "randfeat_xt_dim": 512,
                    "randfeat_x0_dim": 512,
                    "sandwich_solver": "dense",
                    "n_layers": 9,
                    "hidden_dim": 432,
                    "l2_reg": 0.022026390076943327,
                    "l2_ghat": 0.08580979689839642,
                    "boost_lr": 0.6,
                    "SWIM_scale": 1.6131183306147008
                },
                {
                    "in_dim": 11,
                    "out_dim": 1,
                    "feature_type": "SWIM",
                    "upscale_type": "iid",
                    "randfeat_xt_dim": 512,
                    "randfeat_x0_dim": 512,
                    "sandwich_solver": "dense",
                    "n_layers": 12,
                    "hidden_dim": 496,
                    "l2_reg": 0.032222392596019306,
                    "l2_ghat": 0.1796714094868108,
                    "boost_lr": 0.8,
                    "SWIM_scale": 1.641816669746393
                }
            ]
        }
    }
}