{
    "44967": {
        "GradientRFRBoostID_relu": {
            "score_train": [
                0.7486599087715149,
                0.7313714027404785,
                0.7408246397972107,
                0.7674496173858643,
                0.729015052318573
            ],
            "score_test": [
                0.7675827145576477,
                0.8594672679901123,
                0.7746228575706482,
                0.7037235498428345,
                0.8530976176261902
            ],
            "t_fit": [
                0.06873065233230591,
                0.1294558197259903,
                0.0736166201531887,
                0.872279692441225,
                0.14182278886437416
            ],
            "t_inference": [
                0.004578478634357452,
                0.008242227137088776,
                0.004884406924247742,
                0.0517706573009491,
                0.00908287987112999
            ],
            "hyperparams": [
                {
                    "in_dim": 56,
                    "out_dim": 1,
                    "feature_type": "SWIM",
                    "upscale_type": "identity",
                    "randfeat_xt_dim": 512,
                    "randfeat_x0_dim": 512,
                    "activation": "relu",
                    "n_layers": 1,
                    "hidden_dim": 289,
                    "l2_reg": 0.34860037812853095,
                    "l2_ghat": 1.0929543834563793,
                    "boost_lr": 1.0,
                    "SWIM_scale": 0.15643486316567712,
                    "iid_scale": 0.6010315789314631
                },
                {
                    "in_dim": 56,
                    "out_dim": 1,
                    "feature_type": "SWIM",
                    "upscale_type": "identity",
                    "randfeat_xt_dim": 512,
                    "randfeat_x0_dim": 512,
                    "activation": "relu",
                    "n_layers": 2,
                    "hidden_dim": 214,
                    "l2_reg": 0.6498738775008635,
                    "l2_ghat": 0.17547828384214859,
                    "boost_lr": 0.8,
                    "SWIM_scale": 0.07328130771025715,
                    "iid_scale": 0.7400489183926964
                },
                {
                    "in_dim": 56,
                    "out_dim": 1,
                    "feature_type": "SWIM",
                    "upscale_type": "identity",
                    "randfeat_xt_dim": 512,
                    "randfeat_x0_dim": 512,
                    "activation": "relu",
                    "n_layers": 1,
                    "hidden_dim": 461,
                    "l2_reg": 0.7510418138777541,
                    "l2_ghat": 3.2808889626606272,
                    "boost_lr": 1.0,
                    "SWIM_scale": 0.7936999364332555,
                    "iid_scale": 6.978281265126034
                },
                {
                    "in_dim": 56,
                    "out_dim": 1,
                    "feature_type": "SWIM",
                    "upscale_type": "identity",
                    "randfeat_xt_dim": 512,
                    "randfeat_x0_dim": 512,
                    "activation": "relu",
                    "n_layers": 11,
                    "hidden_dim": 503,
                    "l2_reg": 0.7465410642843595,
                    "l2_ghat": 2.3663023915475865,
                    "boost_lr": 1.0,
                    "SWIM_scale": 0.07726643633865624,
                    "iid_scale": 0.15952482230522944
                },
                {
                    "in_dim": 56,
                    "out_dim": 1,
                    "feature_type": "SWIM",
                    "upscale_type": "identity",
                    "randfeat_xt_dim": 512,
                    "randfeat_x0_dim": 512,
                    "activation": "relu",
                    "n_layers": 2,
                    "hidden_dim": 23,
                    "l2_reg": 0.5188964362449484,
                    "l2_ghat": 2.436863606983636,
                    "boost_lr": 0.6,
                    "SWIM_scale": -0.08494298555339519,
                    "iid_scale": 3.127850959743531
                }
            ]
        }
    }
}