{
    "44990": {
        "GreedyRFRBoostDense_ID_batchnormFalse": {
            "score_train": [
                0.3686705231666565,
                0.3698248863220215,
                0.3711926341056824,
                0.365611732006073,
                0.366402804851532
            ],
            "score_test": [
                0.3978259861469269,
                0.3862483501434326,
                0.39869850873947144,
                0.39938029646873474,
                0.39761975407600403
            ],
            "t_fit": [
                0.5986299254000187,
                4.80661391094327,
                0.6232383549213409,
                1.2668293491005898,
                3.0978630371391773
            ],
            "t_inference": [
                0.07342972233891487,
                0.561289232224226,
                0.08512862026691437,
                0.18720771372318268,
                0.35233402997255325
            ],
            "hyperparams": [
                {
                    "in_dim": 49,
                    "out_dim": 1,
                    "feature_type": "SWIM",
                    "upscale_type": "identity",
                    "randfeat_xt_dim": 512,
                    "randfeat_x0_dim": 512,
                    "sandwich_solver": "dense",
                    "activation": "tanh",
                    "use_batchnorm": false,
                    "n_layers": 1,
                    "l2_reg": 0.009355380606452175,
                    "l2_ghat": 1.6081669283634658e-05,
                    "boost_lr": 0.8115595675970501,
                    "hidden_dim": 49,
                    "SWIM_scale": 0.49935297516002286
                },
                {
                    "in_dim": 49,
                    "out_dim": 1,
                    "feature_type": "SWIM",
                    "upscale_type": "identity",
                    "randfeat_xt_dim": 512,
                    "randfeat_x0_dim": 512,
                    "sandwich_solver": "dense",
                    "activation": "tanh",
                    "use_batchnorm": false,
                    "n_layers": 8,
                    "l2_reg": 0.060497564519890544,
                    "l2_ghat": 2.7003980167259933e-05,
                    "boost_lr": 0.8388629633824835,
                    "hidden_dim": 49,
                    "SWIM_scale": 0.32857224219906267
                },
                {
                    "in_dim": 49,
                    "out_dim": 1,
                    "feature_type": "SWIM",
                    "upscale_type": "identity",
                    "randfeat_xt_dim": 512,
                    "randfeat_x0_dim": 512,
                    "sandwich_solver": "dense",
                    "activation": "tanh",
                    "use_batchnorm": false,
                    "n_layers": 1,
                    "l2_reg": 0.0022237842377268837,
                    "l2_ghat": 1.4650723930686216e-05,
                    "boost_lr": 0.7752352515473162,
                    "hidden_dim": 49,
                    "SWIM_scale": 0.3838200901310477
                },
                {
                    "in_dim": 49,
                    "out_dim": 1,
                    "feature_type": "SWIM",
                    "upscale_type": "identity",
                    "randfeat_xt_dim": 512,
                    "randfeat_x0_dim": 512,
                    "sandwich_solver": "dense",
                    "activation": "tanh",
                    "use_batchnorm": false,
                    "n_layers": 2,
                    "l2_reg": 0.005940967232776536,
                    "l2_ghat": 1.9751053668221632e-05,
                    "boost_lr": 0.5388754176755403,
                    "hidden_dim": 49,
                    "SWIM_scale": 0.42321486409922693
                },
                {
                    "in_dim": 49,
                    "out_dim": 1,
                    "feature_type": "SWIM",
                    "upscale_type": "identity",
                    "randfeat_xt_dim": 512,
                    "randfeat_x0_dim": 512,
                    "sandwich_solver": "dense",
                    "activation": "tanh",
                    "use_batchnorm": false,
                    "n_layers": 5,
                    "l2_reg": 0.009261191013324064,
                    "l2_ghat": 0.00016562454876358732,
                    "boost_lr": 0.35444781444350076,
                    "hidden_dim": 49,
                    "SWIM_scale": 0.5215161528204083
                }
            ]
        }
    }
}