{
    "44957": {
        "GreedyRFRBoostDense_relu": {
            "score_train": [
                0.17009800672531128,
                0.11441013962030411,
                0.17788036167621613,
                0.1678553819656372,
                0.16824351251125336
            ],
            "score_test": [
                0.3285866975784302,
                0.27190738916397095,
                0.29388511180877686,
                0.2930357754230499,
                0.2722136378288269
            ],
            "t_fit": [
                2.857985293492675,
                5.489004908129573,
                6.398617969825864,
                2.1299603953957558,
                4.841468868777156
            ],
            "t_inference": [
                0.3103989064693451,
                0.4880472254008055,
                0.7607471961528063,
                0.2233267854899168,
                0.4839097745716572
            ],
            "hyperparams": [
                {
                    "in_dim": 5,
                    "out_dim": 1,
                    "feature_type": "SWIM",
                    "upscale_type": "iid",
                    "randfeat_xt_dim": 512,
                    "randfeat_x0_dim": 512,
                    "sandwich_solver": "dense",
                    "activation": "relu",
                    "n_layers": 7,
                    "hidden_dim": 370,
                    "l2_reg": 0.5762602460157158,
                    "l2_ghat": 5.021754176053059e-06,
                    "boost_lr": 0.8,
                    "SWIM_scale": 0.2778162440092306,
                    "iid_scale": 8.118670029742715
                },
                {
                    "in_dim": 5,
                    "out_dim": 1,
                    "feature_type": "SWIM",
                    "upscale_type": "iid",
                    "randfeat_xt_dim": 512,
                    "randfeat_x0_dim": 512,
                    "sandwich_solver": "dense",
                    "activation": "relu",
                    "n_layers": 14,
                    "hidden_dim": 139,
                    "l2_reg": 0.44382112266066953,
                    "l2_ghat": 7.153410657501296e-05,
                    "boost_lr": 1.0,
                    "SWIM_scale": 0.9250661587465198,
                    "iid_scale": 2.3031141381976195
                },
                {
                    "in_dim": 5,
                    "out_dim": 1,
                    "feature_type": "SWIM",
                    "upscale_type": "iid",
                    "randfeat_xt_dim": 512,
                    "randfeat_x0_dim": 512,
                    "sandwich_solver": "dense",
                    "activation": "relu",
                    "n_layers": 14,
                    "hidden_dim": 410,
                    "l2_reg": 6.641651708390012,
                    "l2_ghat": 2.3972739931480267e-05,
                    "boost_lr": 1.0,
                    "SWIM_scale": 0.4450009691051441,
                    "iid_scale": 2.681950951377949
                },
                {
                    "in_dim": 5,
                    "out_dim": 1,
                    "feature_type": "SWIM",
                    "upscale_type": "iid",
                    "randfeat_xt_dim": 512,
                    "randfeat_x0_dim": 512,
                    "sandwich_solver": "dense",
                    "activation": "relu",
                    "n_layers": 5,
                    "hidden_dim": 291,
                    "l2_reg": 0.8933839534935064,
                    "l2_ghat": 1.8415416205028604e-06,
                    "boost_lr": 1.0,
                    "SWIM_scale": 0.17860698060800032,
                    "iid_scale": 2.9277092018798516
                },
                {
                    "in_dim": 5,
                    "out_dim": 1,
                    "feature_type": "SWIM",
                    "upscale_type": "iid",
                    "randfeat_xt_dim": 512,
                    "randfeat_x0_dim": 512,
                    "sandwich_solver": "dense",
                    "activation": "relu",
                    "n_layers": 11,
                    "hidden_dim": 320,
                    "l2_reg": 2.4597195656871556,
                    "l2_ghat": 6.987186244241924e-06,
                    "boost_lr": 0.8,
                    "SWIM_scale": 0.26476698872882315,
                    "iid_scale": 7.337041754091283
                }
            ]
        }
    }
}