{
    "44972": {
        "GradientRFRBoost": {
            "score_train": [
                0.745205283164978,
                0.70289146900177,
                0.7240445017814636,
                0.7143197059631348,
                0.7529527544975281
            ],
            "score_test": [
                0.7558051943778992,
                0.7923457026481628,
                0.728379487991333,
                0.8051269054412842,
                0.7982358336448669
            ],
            "t_fit": [
                0.9499798528850079,
                0.6071982868015766,
                0.8121762499213219,
                1.9114539623260498,
                0.9207103960216045
            ],
            "t_inference": [
                0.14884795621037483,
                0.12804650887846947,
                0.14906403049826622,
                0.40434717759490013,
                0.11843343079090118
            ],
            "hyperparams": [
                {
                    "in_dim": 11,
                    "out_dim": 1,
                    "feature_type": "SWIM",
                    "upscale_type": "SWIM",
                    "randfeat_xt_dim": 512,
                    "randfeat_x0_dim": 512,
                    "n_layers": 5,
                    "hidden_dim": 176,
                    "l2_reg": 0.04006689174416003,
                    "l2_ghat": 0.3843471274522182,
                    "boost_lr": 0.7,
                    "SWIM_scale": 0.4069100796957893
                },
                {
                    "in_dim": 11,
                    "out_dim": 1,
                    "feature_type": "SWIM",
                    "upscale_type": "SWIM",
                    "randfeat_xt_dim": 512,
                    "randfeat_x0_dim": 512,
                    "n_layers": 3,
                    "hidden_dim": 368,
                    "l2_reg": 0.009173826786868056,
                    "l2_ghat": 0.08106905453708795,
                    "boost_lr": 0.7,
                    "SWIM_scale": 0.4806775474698082
                },
                {
                    "in_dim": 11,
                    "out_dim": 1,
                    "feature_type": "SWIM",
                    "upscale_type": "SWIM",
                    "randfeat_xt_dim": 512,
                    "randfeat_x0_dim": 512,
                    "n_layers": 4,
                    "hidden_dim": 304,
                    "l2_reg": 0.0690243931776968,
                    "l2_ghat": 0.47912901169908884,
                    "boost_lr": 0.6,
                    "SWIM_scale": 0.6734779666821723
                },
                {
                    "in_dim": 11,
                    "out_dim": 1,
                    "feature_type": "SWIM",
                    "upscale_type": "SWIM",
                    "randfeat_xt_dim": 512,
                    "randfeat_x0_dim": 512,
                    "n_layers": 8,
                    "hidden_dim": 432,
                    "l2_reg": 0.5168950585333919,
                    "l2_ghat": 0.9594338212224268,
                    "boost_lr": 0.6,
                    "SWIM_scale": 0.7649617855589729
                },
                {
                    "in_dim": 11,
                    "out_dim": 1,
                    "feature_type": "SWIM",
                    "upscale_type": "SWIM",
                    "randfeat_xt_dim": 512,
                    "randfeat_x0_dim": 512,
                    "n_layers": 7,
                    "hidden_dim": 80,
                    "l2_reg": 0.24686269915131792,
                    "l2_ghat": 0.2462576808302498,
                    "boost_lr": 0.5,
                    "SWIM_scale": 0.324597284250273
                }
            ]
        }
    }
}