{
    "44984": {
        "GradientRFRBoostID_relu": {
            "score_train": [
                0.6534048318862915,
                0.6379958987236023,
                0.6466718912124634,
                0.6476870775222778,
                0.6409516334533691
            ],
            "score_test": [
                0.6158437728881836,
                0.6821020841598511,
                0.6525751948356628,
                0.6456314921379089,
                0.6744265556335449
            ],
            "t_fit": [
                1.0417961962521076,
                3.2464282922446728,
                1.1693264693021774,
                0.9821364171802998,
                1.8469799906015396
            ],
            "t_inference": [
                0.09472418203949928,
                0.25074439495801926,
                0.11029984056949615,
                0.08924127370119095,
                0.1634710393846035
            ],
            "hyperparams": [
                {
                    "in_dim": 12,
                    "out_dim": 1,
                    "feature_type": "SWIM",
                    "upscale_type": "identity",
                    "randfeat_xt_dim": 512,
                    "randfeat_x0_dim": 512,
                    "activation": "relu",
                    "n_layers": 4,
                    "hidden_dim": 165,
                    "l2_reg": 0.0014303842753513884,
                    "l2_ghat": 2.5581997445464464,
                    "boost_lr": 0.8,
                    "SWIM_scale": 0.9109271605892997,
                    "iid_scale": 0.8448737751955117
                },
                {
                    "in_dim": 12,
                    "out_dim": 1,
                    "feature_type": "SWIM",
                    "upscale_type": "identity",
                    "randfeat_xt_dim": 512,
                    "randfeat_x0_dim": 512,
                    "activation": "relu",
                    "n_layers": 15,
                    "hidden_dim": 64,
                    "l2_reg": 0.05205683032399081,
                    "l2_ghat": 2.4918081570165604,
                    "boost_lr": 0.7,
                    "SWIM_scale": 0.5392349711084881,
                    "iid_scale": 0.9221927149641126
                },
                {
                    "in_dim": 12,
                    "out_dim": 1,
                    "feature_type": "SWIM",
                    "upscale_type": "identity",
                    "randfeat_xt_dim": 512,
                    "randfeat_x0_dim": 512,
                    "activation": "relu",
                    "n_layers": 5,
                    "hidden_dim": 141,
                    "l2_reg": 0.0316545704079456,
                    "l2_ghat": 1.9829964580546091,
                    "boost_lr": 0.7,
                    "SWIM_scale": 0.9103624079146198,
                    "iid_scale": 0.9901743586495276
                },
                {
                    "in_dim": 12,
                    "out_dim": 1,
                    "feature_type": "SWIM",
                    "upscale_type": "identity",
                    "randfeat_xt_dim": 512,
                    "randfeat_x0_dim": 512,
                    "activation": "relu",
                    "n_layers": 4,
                    "hidden_dim": 40,
                    "l2_reg": 0.05247880737319991,
                    "l2_ghat": 1.613886601572139,
                    "boost_lr": 0.5,
                    "SWIM_scale": 1.4088680476384523,
                    "iid_scale": 7.703199509492311
                },
                {
                    "in_dim": 12,
                    "out_dim": 1,
                    "feature_type": "SWIM",
                    "upscale_type": "identity",
                    "randfeat_xt_dim": 512,
                    "randfeat_x0_dim": 512,
                    "activation": "relu",
                    "n_layers": 7,
                    "hidden_dim": 25,
                    "l2_reg": 0.04497003595365459,
                    "l2_ghat": 1.0966615357723266,
                    "boost_lr": 0.7,
                    "SWIM_scale": 0.4891589663762789,
                    "iid_scale": 4.5421749289152755
                }
            ]
        }
    }
}