{
    "44973": {
        "Ridge": {
            "score_train": [
                0.5910337567329407,
                0.596872091293335
            ],
            "score_test": [
                0.5983024835586548,
                0.5946375131607056
            ],
            "t_fit": [
                0.002459423998516286,
                0.002540058998420136
            ],
            "t_inference": [
                0.00012557200170704164,
                9.946600039256737e-05
            ],
            "hyperparams": [
                {
                    "l2_reg": 0.002363709625751275
                },
                {
                    "l2_reg": 0.04788954505783807
                }
            ]
        }
    }
}