{
    "44979": {
        "GreedyRFRBoostScalar_upscaleiid": {
            "score_train": [
                0.1570761352777481,
                0.15728974342346191,
                0.16643773019313812,
                0.16034558415412903,
                0.15911638736724854
            ],
            "score_test": [
                0.2104312926530838,
                0.2050177901983261,
                0.1823253631591797,
                0.18270155787467957,
                0.18133553862571716
            ],
            "t_fit": [
                3.507557101547718,
                1.06481727771461,
                3.3078449200838804,
                3.435586715117097,
                1.0531020555645227
            ],
            "t_inference": [
                1.4479049760848284,
                0.4334804583340883,
                1.3507869355380535,
                1.3702767509967089,
                0.4070128723978996
            ],
            "hyperparams": [
                {
                    "in_dim": 26,
                    "out_dim": 1,
                    "feature_type": "SWIM",
                    "upscale_type": "iid",
                    "randfeat_xt_dim": 512,
                    "randfeat_x0_dim": 512,
                    "sandwich_solver": "scalar",
                    "n_layers": 20,
                    "hidden_dim": 496,
                    "l2_reg": 0.0032777637624793925,
                    "l2_ghat": 0.011408757552443435,
                    "boost_lr": 0.9,
                    "SWIM_scale": 0.8887470414214677
                },
                {
                    "in_dim": 26,
                    "out_dim": 1,
                    "feature_type": "SWIM",
                    "upscale_type": "iid",
                    "randfeat_xt_dim": 512,
                    "randfeat_x0_dim": 512,
                    "sandwich_solver": "scalar",
                    "n_layers": 6,
                    "hidden_dim": 496,
                    "l2_reg": 0.0020671406030132364,
                    "l2_ghat": 0.003142761028823795,
                    "boost_lr": 0.6,
                    "SWIM_scale": 0.809927528175465
                },
                {
                    "in_dim": 26,
                    "out_dim": 1,
                    "feature_type": "SWIM",
                    "upscale_type": "iid",
                    "randfeat_xt_dim": 512,
                    "randfeat_x0_dim": 512,
                    "sandwich_solver": "scalar",
                    "n_layers": 18,
                    "hidden_dim": 496,
                    "l2_reg": 0.004288140800252804,
                    "l2_ghat": 0.0009668430392328177,
                    "boost_lr": 0.9,
                    "SWIM_scale": 1.210071798094987
                },
                {
                    "in_dim": 26,
                    "out_dim": 1,
                    "feature_type": "SWIM",
                    "upscale_type": "iid",
                    "randfeat_xt_dim": 512,
                    "randfeat_x0_dim": 512,
                    "sandwich_solver": "scalar",
                    "n_layers": 19,
                    "hidden_dim": 464,
                    "l2_reg": 0.0018548792660705964,
                    "l2_ghat": 0.0006400097606594908,
                    "boost_lr": 0.9,
                    "SWIM_scale": 0.9520352255074419
                },
                {
                    "in_dim": 26,
                    "out_dim": 1,
                    "feature_type": "SWIM",
                    "upscale_type": "iid",
                    "randfeat_xt_dim": 512,
                    "randfeat_x0_dim": 512,
                    "sandwich_solver": "scalar",
                    "n_layers": 5,
                    "hidden_dim": 464,
                    "l2_reg": 0.0016677731100851972,
                    "l2_ghat": 0.03006905366399191,
                    "boost_lr": 1.0,
                    "SWIM_scale": 0.8763644444626442
                }
            ]
        }
    }
}