{
    "44966": {
        "RFNN": {
            "score_train": [
                0.6673155426979065,
                0.7019937038421631,
                0.7483856081962585,
                0.7098795175552368,
                0.7188629508018494
            ],
            "score_test": [
                0.8545604944229126,
                0.7372602820396423,
                0.6001436710357666,
                0.7016738057136536,
                0.6829755902290344
            ],
            "t_fit": [
                0.010460302233695984,
                0.008591990917921066,
                0.004545088857412338,
                0.005859345197677612,
                0.010207585990428925
            ],
            "t_inference": [
                0.0026128366589546204,
                0.002191111445426941,
                0.0010634250938892365,
                0.0015364401042461395,
                0.0025062449276447296
            ],
            "hyperparams": [
                {
                    "n_layers": 0,
                    "in_dim": 29,
                    "out_dim": 1,
                    "upscale_type": "SWIM",
                    "activation": "tanh",
                    "use_batchnorm": false,
                    "l2_reg": 0.003672279037194793,
                    "hidden_dim": 288,
                    "SWIM_scale": 0.4269087662697678
                },
                {
                    "n_layers": 0,
                    "in_dim": 29,
                    "out_dim": 1,
                    "upscale_type": "SWIM",
                    "activation": "tanh",
                    "use_batchnorm": false,
                    "l2_reg": 0.02618663189568113,
                    "hidden_dim": 240,
                    "SWIM_scale": 0.6998145764773417
                },
                {
                    "n_layers": 0,
                    "in_dim": 29,
                    "out_dim": 1,
                    "upscale_type": "SWIM",
                    "activation": "tanh",
                    "use_batchnorm": false,
                    "l2_reg": 0.0022909898957884493,
                    "hidden_dim": 95,
                    "SWIM_scale": 0.7475569093573535
                },
                {
                    "n_layers": 0,
                    "in_dim": 29,
                    "out_dim": 1,
                    "upscale_type": "SWIM",
                    "activation": "tanh",
                    "use_batchnorm": false,
                    "l2_reg": 0.005351416165734609,
                    "hidden_dim": 154,
                    "SWIM_scale": 0.6250170912739842
                },
                {
                    "n_layers": 0,
                    "in_dim": 29,
                    "out_dim": 1,
                    "upscale_type": "SWIM",
                    "activation": "tanh",
                    "use_batchnorm": false,
                    "l2_reg": 0.007597378310762382,
                    "hidden_dim": 266,
                    "SWIM_scale": 0.7631952442472072
                }
            ]
        }
    }
}