{
    "44989": {
        "GreedyRFRBoostDiag": {
            "score_train": [
                0.25702938437461853,
                0.2570831775665283,
                0.2592617869377136,
                0.26057881116867065,
                0.25849485397338867
            ],
            "score_test": [
                0.29700392484664917,
                0.28561142086982727,
                0.3214649260044098,
                0.28471967577934265,
                0.2908119261264801
            ],
            "t_fit": [
                0.4698382318019867,
                2.4249598011374474,
                0.4623081311583519,
                0.6106008216738701,
                6.151126034557819
            ],
            "t_inference": [
                0.17321807891130447,
                0.8766470551490784,
                0.16572564095258713,
                0.24093301594257355,
                1.474927231669426
            ],
            "hyperparams": [
                {
                    "in_dim": 132,
                    "out_dim": 1,
                    "feature_type": "SWIM",
                    "upscale_type": "iid",
                    "randfeat_xt_dim": 512,
                    "randfeat_x0_dim": 512,
                    "sandwich_solver": "diag",
                    "activation": "tanh",
                    "n_layers": 9,
                    "hidden_dim": 199,
                    "l2_reg": 0.0028106861880780624,
                    "l2_ghat": 1.8818596097303038e-06,
                    "boost_lr": 0.5,
                    "SWIM_scale": 1.6025581303388596
                },
                {
                    "in_dim": 132,
                    "out_dim": 1,
                    "feature_type": "SWIM",
                    "upscale_type": "iid",
                    "randfeat_xt_dim": 512,
                    "randfeat_x0_dim": 512,
                    "sandwich_solver": "diag",
                    "activation": "tanh",
                    "n_layers": 13,
                    "hidden_dim": 511,
                    "l2_reg": 0.007086560215389319,
                    "l2_ghat": 3.4870588528762174e-07,
                    "boost_lr": 1.0,
                    "SWIM_scale": 0.6312115457203641
                },
                {
                    "in_dim": 132,
                    "out_dim": 1,
                    "feature_type": "SWIM",
                    "upscale_type": "iid",
                    "randfeat_xt_dim": 512,
                    "randfeat_x0_dim": 512,
                    "sandwich_solver": "diag",
                    "activation": "tanh",
                    "n_layers": 9,
                    "hidden_dim": 236,
                    "l2_reg": 0.0009404355984560889,
                    "l2_ghat": 8.46326270099564e-05,
                    "boost_lr": 0.9,
                    "SWIM_scale": 1.8798648163409695
                },
                {
                    "in_dim": 132,
                    "out_dim": 1,
                    "feature_type": "SWIM",
                    "upscale_type": "iid",
                    "randfeat_xt_dim": 512,
                    "randfeat_x0_dim": 512,
                    "sandwich_solver": "diag",
                    "activation": "tanh",
                    "n_layers": 8,
                    "hidden_dim": 291,
                    "l2_reg": 0.01322494370375239,
                    "l2_ghat": 1.7399782689377421e-06,
                    "boost_lr": 0.6,
                    "SWIM_scale": 1.4061917506472652
                },
                {
                    "in_dim": 132,
                    "out_dim": 1,
                    "feature_type": "SWIM",
                    "upscale_type": "iid",
                    "randfeat_xt_dim": 512,
                    "randfeat_x0_dim": 512,
                    "sandwich_solver": "diag",
                    "activation": "tanh",
                    "n_layers": 14,
                    "hidden_dim": 502,
                    "l2_reg": 0.02775721413788858,
                    "l2_ghat": 1.3500267201255028e-05,
                    "boost_lr": 0.7,
                    "SWIM_scale": 1.7597498464404298
                }
            ]
        }
    }
}