{
    "44973": {
        "GradientRFRBoostID": {
            "score_train": [
                0.1507897973060608,
                0.15203677117824554,
                0.1485338658094406,
                0.16212418675422668,
                0.15238028764724731
            ],
            "score_test": [
                0.20882856845855713,
                0.1943756341934204,
                0.2005104273557663,
                0.21201768517494202,
                0.2070879489183426
            ],
            "t_fit": [
                3.4475564155727625,
                2.2912252508103848,
                1.7093777377158403,
                3.222213849425316,
                1.5523632764816284
            ],
            "t_inference": [
                0.5359377805143595,
                0.35451306216418743,
                0.27512903697788715,
                0.5047995895147324,
                0.24484209902584553
            ],
            "hyperparams": [
                {
                    "in_dim": 12,
                    "out_dim": 1,
                    "feature_type": "SWIM",
                    "upscale_type": "identity",
                    "randfeat_xt_dim": 512,
                    "randfeat_x0_dim": 512,
                    "n_layers": 18,
                    "hidden_dim": 12,
                    "l2_reg": 0.13534857272001452,
                    "l2_ghat": 0.0001403051904994547,
                    "boost_lr": 0.6,
                    "SWIM_scale": 0.7202312447442982
                },
                {
                    "in_dim": 12,
                    "out_dim": 1,
                    "feature_type": "SWIM",
                    "upscale_type": "identity",
                    "randfeat_xt_dim": 512,
                    "randfeat_x0_dim": 512,
                    "n_layers": 12,
                    "hidden_dim": 12,
                    "l2_reg": 0.014306772605521847,
                    "l2_ghat": 0.00013093535409825426,
                    "boost_lr": 0.9,
                    "SWIM_scale": 0.6412312744764891
                },
                {
                    "in_dim": 12,
                    "out_dim": 1,
                    "feature_type": "SWIM",
                    "upscale_type": "identity",
                    "randfeat_xt_dim": 512,
                    "randfeat_x0_dim": 512,
                    "n_layers": 9,
                    "hidden_dim": 12,
                    "l2_reg": 0.06493452208646043,
                    "l2_ghat": 5.156541388461589e-05,
                    "boost_lr": 0.9,
                    "SWIM_scale": 0.6559838527261452
                },
                {
                    "in_dim": 12,
                    "out_dim": 1,
                    "feature_type": "SWIM",
                    "upscale_type": "identity",
                    "randfeat_xt_dim": 512,
                    "randfeat_x0_dim": 512,
                    "n_layers": 17,
                    "hidden_dim": 12,
                    "l2_reg": 0.022489110435560053,
                    "l2_ghat": 0.00024758954676801145,
                    "boost_lr": 0.8,
                    "SWIM_scale": 0.5941663841126685
                },
                {
                    "in_dim": 12,
                    "out_dim": 1,
                    "feature_type": "SWIM",
                    "upscale_type": "identity",
                    "randfeat_xt_dim": 512,
                    "randfeat_x0_dim": 512,
                    "n_layers": 8,
                    "hidden_dim": 12,
                    "l2_reg": 0.10357843912686444,
                    "l2_ghat": 2.488076608463671e-05,
                    "boost_lr": 0.8,
                    "SWIM_scale": 0.6320342762246752
                }
            ]
        }
    }
}