{
    "44960": {
        "GreedyRFRBoostDense": {
            "score_train": [
                0.05089506879448891,
                0.04787444695830345,
                0.058808792382478714,
                0.046585503965616226,
                0.04486391693353653
            ],
            "score_test": [
                0.08605130761861801,
                0.13330097496509552,
                0.09449473023414612,
                0.1483176350593567,
                0.07306700944900513
            ],
            "t_fit": [
                1.4521257672458887,
                1.3786047920584679,
                0.8387329131364822,
                1.5451128464192152,
                0.8428664356470108
            ],
            "t_inference": [
                0.03802677430212498,
                0.08913773111999035,
                0.038848722353577614,
                0.09342124499380589,
                0.03982406295835972
            ],
            "hyperparams": [
                {
                    "in_dim": 8,
                    "out_dim": 1,
                    "feature_type": "SWIM",
                    "upscale_type": "SWIM",
                    "randfeat_xt_dim": 512,
                    "randfeat_x0_dim": 512,
                    "sandwich_solver": "dense",
                    "n_layers": 7,
                    "hidden_dim": 48,
                    "l2_reg": 0.40962723760733405,
                    "l2_ghat": 8.12206945155175e-06,
                    "boost_lr": 0.9
                },
                {
                    "in_dim": 8,
                    "out_dim": 1,
                    "feature_type": "SWIM",
                    "upscale_type": "SWIM",
                    "randfeat_xt_dim": 512,
                    "randfeat_x0_dim": 512,
                    "sandwich_solver": "dense",
                    "n_layers": 6,
                    "hidden_dim": 304,
                    "l2_reg": 0.7616832687209437,
                    "l2_ghat": 2.665831432604061e-06,
                    "boost_lr": 1.0
                },
                {
                    "in_dim": 8,
                    "out_dim": 1,
                    "feature_type": "SWIM",
                    "upscale_type": "SWIM",
                    "randfeat_xt_dim": 512,
                    "randfeat_x0_dim": 512,
                    "sandwich_solver": "dense",
                    "n_layers": 4,
                    "hidden_dim": 176,
                    "l2_reg": 0.4262247371010797,
                    "l2_ghat": 9.54513741328992e-07,
                    "boost_lr": 0.8
                },
                {
                    "in_dim": 8,
                    "out_dim": 1,
                    "feature_type": "SWIM",
                    "upscale_type": "SWIM",
                    "randfeat_xt_dim": 512,
                    "randfeat_x0_dim": 512,
                    "sandwich_solver": "dense",
                    "n_layers": 7,
                    "hidden_dim": 272,
                    "l2_reg": 0.0939727987518437,
                    "l2_ghat": 6.558315176675879e-06,
                    "boost_lr": 1.0
                },
                {
                    "in_dim": 8,
                    "out_dim": 1,
                    "feature_type": "SWIM",
                    "upscale_type": "SWIM",
                    "randfeat_xt_dim": 512,
                    "randfeat_x0_dim": 512,
                    "sandwich_solver": "dense",
                    "n_layers": 4,
                    "hidden_dim": 176,
                    "l2_reg": 0.39445687686494446,
                    "l2_ghat": 2.926007577441112e-06,
                    "boost_lr": 0.7
                }
            ]
        }
    }
}