{
    "44960": {
        "GradientRFRBoost": {
            "score_train": [
                0.02530800923705101,
                0.027001509442925453,
                0.04894150421023369,
                0.021683327853679657,
                0.030025184154510498
            ],
            "score_test": [
                0.07194660604000092,
                0.1270865947008133,
                0.07770055532455444,
                0.1507299840450287,
                0.0868852511048317
            ],
            "t_fit": [
                0.3786874394863844,
                0.5471553280949593,
                0.08730116859078407,
                0.9199578855186701,
                0.14309703186154366
            ],
            "t_inference": [
                0.05789971724152565,
                0.07454436458647251,
                0.014668943360447884,
                0.1502671092748642,
                0.019723866134881973
            ],
            "hyperparams": [
                {
                    "in_dim": 8,
                    "out_dim": 1,
                    "feature_type": "SWIM",
                    "upscale_type": "SWIM",
                    "randfeat_xt_dim": 512,
                    "randfeat_x0_dim": 512,
                    "n_layers": 5,
                    "hidden_dim": 240,
                    "l2_reg": 0.3591921150453816,
                    "l2_ghat": 0.00021123234871875597,
                    "boost_lr": 0.8,
                    "SWIM_scale": 1.3597998379909622
                },
                {
                    "in_dim": 8,
                    "out_dim": 1,
                    "feature_type": "SWIM",
                    "upscale_type": "SWIM",
                    "randfeat_xt_dim": 512,
                    "randfeat_x0_dim": 512,
                    "n_layers": 8,
                    "hidden_dim": 176,
                    "l2_reg": 0.7311634053274605,
                    "l2_ghat": 0.0005250350584940802,
                    "boost_lr": 1.0,
                    "SWIM_scale": 1.155194026206658
                },
                {
                    "in_dim": 8,
                    "out_dim": 1,
                    "feature_type": "SWIM",
                    "upscale_type": "SWIM",
                    "randfeat_xt_dim": 512,
                    "randfeat_x0_dim": 512,
                    "n_layers": 1,
                    "hidden_dim": 304,
                    "l2_reg": 0.03131488961552938,
                    "l2_ghat": 4.677794771956671e-06,
                    "boost_lr": 0.8,
                    "SWIM_scale": 0.7521125080619221
                },
                {
                    "in_dim": 8,
                    "out_dim": 1,
                    "feature_type": "SWIM",
                    "upscale_type": "SWIM",
                    "randfeat_xt_dim": 512,
                    "randfeat_x0_dim": 512,
                    "n_layers": 11,
                    "hidden_dim": 304,
                    "l2_reg": 0.587333582666049,
                    "l2_ghat": 9.194169622533438e-05,
                    "boost_lr": 0.8,
                    "SWIM_scale": 1.05196395128709
                },
                {
                    "in_dim": 8,
                    "out_dim": 1,
                    "feature_type": "SWIM",
                    "upscale_type": "SWIM",
                    "randfeat_xt_dim": 512,
                    "randfeat_x0_dim": 512,
                    "n_layers": 2,
                    "hidden_dim": 176,
                    "l2_reg": 0.3207805665027478,
                    "l2_ghat": 8.200001522981807e-06,
                    "boost_lr": 1.0,
                    "SWIM_scale": 0.9516909158914363
                }
            ]
        }
    }
}