{
    "44981": {
        "GreedyRFRBoostScalar_batchnormFalse": {
            "score_train": [
                0.9028581976890564,
                0.888024091720581,
                0.905532956123352,
                0.9037719368934631,
                0.9079632759094238
            ],
            "score_test": [
                0.9227748513221741,
                0.9305021166801453,
                0.8904298543930054,
                0.9289144277572632,
                0.8951738476753235
            ],
            "t_fit": [
                0.4407990872859955,
                0.6775998771190643,
                0.9021028727293015,
                0.21420610696077347,
                0.1297018863260746
            ],
            "t_inference": [
                0.1474974937736988,
                0.2723516412079334,
                0.3537462092936039,
                0.04930276796221733,
                0.0531904511153698
            ],
            "hyperparams": [
                {
                    "in_dim": 32,
                    "out_dim": 1,
                    "feature_type": "SWIM",
                    "upscale_type": "SWIM",
                    "randfeat_xt_dim": 512,
                    "randfeat_x0_dim": 512,
                    "sandwich_solver": "scalar",
                    "activation": "tanh",
                    "use_batchnorm": false,
                    "n_layers": 5,
                    "l2_reg": 0.01448752339463986,
                    "l2_ghat": 0.00862915021136734,
                    "boost_lr": 0.17227955527342592,
                    "hidden_dim": 216,
                    "SWIM_scale": 1.3108806664637802
                },
                {
                    "in_dim": 32,
                    "out_dim": 1,
                    "feature_type": "SWIM",
                    "upscale_type": "SWIM",
                    "randfeat_xt_dim": 512,
                    "randfeat_x0_dim": 512,
                    "sandwich_solver": "scalar",
                    "activation": "tanh",
                    "use_batchnorm": false,
                    "n_layers": 5,
                    "l2_reg": 0.004137327493192567,
                    "l2_ghat": 0.0020915367988031414,
                    "boost_lr": 0.2078436227070002,
                    "hidden_dim": 338,
                    "SWIM_scale": 1.466893229719165
                },
                {
                    "in_dim": 32,
                    "out_dim": 1,
                    "feature_type": "SWIM",
                    "upscale_type": "SWIM",
                    "randfeat_xt_dim": 512,
                    "randfeat_x0_dim": 512,
                    "sandwich_solver": "scalar",
                    "activation": "tanh",
                    "use_batchnorm": false,
                    "n_layers": 8,
                    "l2_reg": 0.00034920360822844544,
                    "l2_ghat": 0.0024488719406471054,
                    "boost_lr": 0.2949770998297674,
                    "hidden_dim": 376,
                    "SWIM_scale": 0.6828105792070465
                },
                {
                    "in_dim": 32,
                    "out_dim": 1,
                    "feature_type": "SWIM",
                    "upscale_type": "SWIM",
                    "randfeat_xt_dim": 512,
                    "randfeat_x0_dim": 512,
                    "sandwich_solver": "scalar",
                    "activation": "tanh",
                    "use_batchnorm": false,
                    "n_layers": 8,
                    "l2_reg": 0.0019294122188789832,
                    "l2_ghat": 0.04516071052164094,
                    "boost_lr": 0.2881754651326196,
                    "hidden_dim": 86,
                    "SWIM_scale": 0.7719539043338612
                },
                {
                    "in_dim": 32,
                    "out_dim": 1,
                    "feature_type": "SWIM",
                    "upscale_type": "SWIM",
                    "randfeat_xt_dim": 512,
                    "randfeat_x0_dim": 512,
                    "sandwich_solver": "scalar",
                    "activation": "tanh",
                    "use_batchnorm": false,
                    "n_layers": 1,
                    "l2_reg": 0.00789498934931841,
                    "l2_ghat": 0.0070156956263897775,
                    "boost_lr": 0.1302384944221792,
                    "hidden_dim": 285,
                    "SWIM_scale": 1.2050386170783915
                }
            ]
        }
    }
}