{
    "44992": {
        "GreedyRFRBoostScalar_upscaleiid_iidfeat": {
            "score_train": [
                0.16982501745224,
                0.16582812368869781,
                0.16448892652988434,
                0.1680491715669632,
                0.16718284785747528
            ],
            "score_test": [
                0.17332300543785095,
                0.18525463342666626,
                0.19636482000350952,
                0.1745053231716156,
                0.1866329461336136
            ],
            "t_fit": [
                2.3645298574119806,
                1.3301598895341158,
                2.4512334652245045,
                1.9779474157840014,
                2.0999686028808355
            ],
            "t_inference": [
                1.7511273007839918,
                0.9700855351984501,
                1.8160466384142637,
                1.4719138443470001,
                1.4739660136401653
            ],
            "hyperparams": [
                {
                    "in_dim": 957,
                    "out_dim": 1,
                    "feature_type": "iid",
                    "upscale_type": "iid",
                    "randfeat_xt_dim": 512,
                    "randfeat_x0_dim": 512,
                    "sandwich_solver": "scalar",
                    "n_layers": 15,
                    "hidden_dim": 496,
                    "l2_reg": 0.0016239073580900658,
                    "l2_ghat": 0.00011001296874874198,
                    "boost_lr": 0.7,
                    "iid_scale": 1.8210299345379075
                },
                {
                    "in_dim": 957,
                    "out_dim": 1,
                    "feature_type": "iid",
                    "upscale_type": "iid",
                    "randfeat_xt_dim": 512,
                    "randfeat_x0_dim": 512,
                    "sandwich_solver": "scalar",
                    "n_layers": 8,
                    "hidden_dim": 496,
                    "l2_reg": 0.0014340250327529497,
                    "l2_ghat": 0.00019388138475708966,
                    "boost_lr": 0.7,
                    "iid_scale": 1.9453418829122173
                },
                {
                    "in_dim": 957,
                    "out_dim": 1,
                    "feature_type": "iid",
                    "upscale_type": "iid",
                    "randfeat_xt_dim": 512,
                    "randfeat_x0_dim": 512,
                    "sandwich_solver": "scalar",
                    "n_layers": 15,
                    "hidden_dim": 496,
                    "l2_reg": 0.0016239073580900658,
                    "l2_ghat": 0.00011001296874874198,
                    "boost_lr": 0.7,
                    "iid_scale": 1.8210299345379075
                },
                {
                    "in_dim": 957,
                    "out_dim": 1,
                    "feature_type": "iid",
                    "upscale_type": "iid",
                    "randfeat_xt_dim": 512,
                    "randfeat_x0_dim": 512,
                    "sandwich_solver": "scalar",
                    "n_layers": 12,
                    "hidden_dim": 496,
                    "l2_reg": 0.001832534209595793,
                    "l2_ghat": 3.782184381063636e-06,
                    "boost_lr": 0.5,
                    "iid_scale": 2.057364929313283
                },
                {
                    "in_dim": 957,
                    "out_dim": 1,
                    "feature_type": "iid",
                    "upscale_type": "iid",
                    "randfeat_xt_dim": 512,
                    "randfeat_x0_dim": 512,
                    "sandwich_solver": "scalar",
                    "n_layers": 15,
                    "hidden_dim": 496,
                    "l2_reg": 0.0016239073580900658,
                    "l2_ghat": 0.00011001296874874198,
                    "boost_lr": 0.7,
                    "iid_scale": 1.8210299345379075
                }
            ]
        }
    }
}