{
    "44984": {
        "GreedyRFRBoostScalar_batchnormFalse": {
            "score_train": [
                0.6624607443809509,
                0.6423291563987732,
                0.6491360664367676,
                0.6472492814064026,
                0.637378454208374
            ],
            "score_test": [
                0.6244010329246521,
                0.6902819275856018,
                0.6550080180168152,
                0.6534945368766785,
                0.6767604947090149
            ],
            "t_fit": [
                1.1452883146703243,
                0.5390886142849922,
                0.32017048820853233,
                0.8626325726509094,
                0.5252730064094067
            ],
            "t_inference": [
                0.5042896717786789,
                0.21912749856710434,
                0.13315808027982712,
                0.3377196565270424,
                0.20721622928977013
            ],
            "hyperparams": [
                {
                    "in_dim": 12,
                    "out_dim": 1,
                    "feature_type": "SWIM",
                    "upscale_type": "SWIM",
                    "randfeat_xt_dim": 512,
                    "randfeat_x0_dim": 512,
                    "sandwich_solver": "scalar",
                    "activation": "tanh",
                    "use_batchnorm": false,
                    "n_layers": 8,
                    "l2_reg": 0.03252015160121904,
                    "l2_ghat": 2.3452938381751123e-05,
                    "boost_lr": 0.3217499168557101,
                    "hidden_dim": 330,
                    "SWIM_scale": 1.7894143135051692
                },
                {
                    "in_dim": 12,
                    "out_dim": 1,
                    "feature_type": "SWIM",
                    "upscale_type": "SWIM",
                    "randfeat_xt_dim": 512,
                    "randfeat_x0_dim": 512,
                    "sandwich_solver": "scalar",
                    "activation": "tanh",
                    "use_batchnorm": false,
                    "n_layers": 4,
                    "l2_reg": 0.00022757361392508453,
                    "l2_ghat": 0.000104937385008249,
                    "boost_lr": 0.19674944544634174,
                    "hidden_dim": 310,
                    "SWIM_scale": 0.591947780567752
                },
                {
                    "in_dim": 12,
                    "out_dim": 1,
                    "feature_type": "SWIM",
                    "upscale_type": "SWIM",
                    "randfeat_xt_dim": 512,
                    "randfeat_x0_dim": 512,
                    "sandwich_solver": "scalar",
                    "activation": "tanh",
                    "use_batchnorm": false,
                    "n_layers": 3,
                    "l2_reg": 6.104204779559455e-06,
                    "l2_ghat": 0.004926107381839252,
                    "boost_lr": 0.30256758672041417,
                    "hidden_dim": 214,
                    "SWIM_scale": 0.36634131282545546
                },
                {
                    "in_dim": 12,
                    "out_dim": 1,
                    "feature_type": "SWIM",
                    "upscale_type": "SWIM",
                    "randfeat_xt_dim": 512,
                    "randfeat_x0_dim": 512,
                    "sandwich_solver": "scalar",
                    "activation": "tanh",
                    "use_batchnorm": false,
                    "n_layers": 7,
                    "l2_reg": 0.0016964786649387243,
                    "l2_ghat": 0.0020716504961185954,
                    "boost_lr": 0.1865785006826227,
                    "hidden_dim": 302,
                    "SWIM_scale": 1.3302803233066856
                },
                {
                    "in_dim": 12,
                    "out_dim": 1,
                    "feature_type": "SWIM",
                    "upscale_type": "SWIM",
                    "randfeat_xt_dim": 512,
                    "randfeat_x0_dim": 512,
                    "sandwich_solver": "scalar",
                    "activation": "tanh",
                    "use_batchnorm": false,
                    "n_layers": 3,
                    "l2_reg": 0.0008287993230942965,
                    "l2_ghat": 3.578397613909719e-05,
                    "boost_lr": 0.19604908657635506,
                    "hidden_dim": 357,
                    "SWIM_scale": 1.5556867041493705
                }
            ]
        }
    }
}