{
    "44974": {
        "GreedyRFRBoostDiag_relu": {
            "score_train": [
                0.15548427402973175,
                0.16869911551475525,
                0.1453104317188263,
                0.14822061359882355,
                0.14244331419467926
            ],
            "score_test": [
                0.1963871717453003,
                0.20873937010765076,
                0.21086856722831726,
                0.20497354865074158,
                0.19313038885593414
            ],
            "t_fit": [
                1.4118950497359037,
                0.751757362857461,
                2.285083232447505,
                2.084091914817691,
                4.674336725845933
            ],
            "t_inference": [
                0.43660186044871807,
                0.21863477677106857,
                0.7216621283441782,
                0.7446341682225466,
                1.2489570267498493
            ],
            "hyperparams": [
                {
                    "in_dim": 24,
                    "out_dim": 1,
                    "feature_type": "SWIM",
                    "upscale_type": "iid",
                    "randfeat_xt_dim": 512,
                    "randfeat_x0_dim": 512,
                    "sandwich_solver": "diag",
                    "activation": "relu",
                    "n_layers": 11,
                    "hidden_dim": 380,
                    "l2_reg": 0.004723942559047397,
                    "l2_ghat": 2.6127837859196784e-07,
                    "boost_lr": 1.0,
                    "SWIM_scale": 0.6279513489687422,
                    "iid_scale": 0.4519610849388154
                },
                {
                    "in_dim": 24,
                    "out_dim": 1,
                    "feature_type": "SWIM",
                    "upscale_type": "iid",
                    "randfeat_xt_dim": 512,
                    "randfeat_x0_dim": 512,
                    "sandwich_solver": "diag",
                    "activation": "relu",
                    "n_layers": 13,
                    "hidden_dim": 267,
                    "l2_reg": 0.014358045352325585,
                    "l2_ghat": 3.1881403847534447e-06,
                    "boost_lr": 0.9,
                    "SWIM_scale": 1.5044355069203101,
                    "iid_scale": 6.25390162214377
                },
                {
                    "in_dim": 24,
                    "out_dim": 1,
                    "feature_type": "SWIM",
                    "upscale_type": "iid",
                    "randfeat_xt_dim": 512,
                    "randfeat_x0_dim": 512,
                    "sandwich_solver": "diag",
                    "activation": "relu",
                    "n_layers": 15,
                    "hidden_dim": 502,
                    "l2_reg": 0.018558865681173327,
                    "l2_ghat": 1.4015737840440074e-06,
                    "boost_lr": 1.0,
                    "SWIM_scale": 1.064263315003676,
                    "iid_scale": 3.403755813119616
                },
                {
                    "in_dim": 24,
                    "out_dim": 1,
                    "feature_type": "SWIM",
                    "upscale_type": "iid",
                    "randfeat_xt_dim": 512,
                    "randfeat_x0_dim": 512,
                    "sandwich_solver": "diag",
                    "activation": "relu",
                    "n_layers": 14,
                    "hidden_dim": 475,
                    "l2_reg": 0.013367614255501323,
                    "l2_ghat": 1.8424064321937098e-06,
                    "boost_lr": 1.0,
                    "SWIM_scale": 1.3007175510133275,
                    "iid_scale": 2.545131604301328
                },
                {
                    "in_dim": 24,
                    "out_dim": 1,
                    "feature_type": "SWIM",
                    "upscale_type": "iid",
                    "randfeat_xt_dim": 512,
                    "randfeat_x0_dim": 512,
                    "sandwich_solver": "diag",
                    "activation": "relu",
                    "n_layers": 11,
                    "hidden_dim": 503,
                    "l2_reg": 0.009332022655667805,
                    "l2_ghat": 5.919946958182881e-07,
                    "boost_lr": 0.8,
                    "SWIM_scale": 0.9273265247717163,
                    "iid_scale": 5.093606280242882
                }
            ]
        }
    }
}