{
    "44981": {
        "GreedyRFRBoostScalar": {
            "score_train": [
                0.8934357762336731,
                0.8972179293632507,
                0.9069328904151917,
                0.8988964557647705,
                0.9029701352119446
            ],
            "score_test": [
                0.9246633052825928,
                0.9280469417572021,
                0.888582170009613,
                0.9286743998527527,
                0.893627405166626
            ],
            "t_fit": [
                2.3596633672714233,
                0.5311714708805084,
                2.583250891417265,
                0.13650092855095863,
                1.1703924871981144
            ],
            "t_inference": [
                0.862159974873066,
                0.14469588547945023,
                1.219326313585043,
                0.054701291024684906,
                0.42566436156630516
            ],
            "hyperparams": [
                {
                    "in_dim": 32,
                    "out_dim": 1,
                    "feature_type": "SWIM",
                    "upscale_type": "SWIM",
                    "randfeat_xt_dim": 512,
                    "randfeat_x0_dim": 512,
                    "sandwich_solver": "scalar",
                    "n_layers": 13,
                    "hidden_dim": 464,
                    "l2_reg": 0.23566331084962125,
                    "l2_ghat": 9.686587309183937e-05,
                    "boost_lr": 0.9,
                    "SWIM_scale": 1.9984432981824494
                },
                {
                    "in_dim": 32,
                    "out_dim": 1,
                    "feature_type": "SWIM",
                    "upscale_type": "SWIM",
                    "randfeat_xt_dim": 512,
                    "randfeat_x0_dim": 512,
                    "sandwich_solver": "scalar",
                    "n_layers": 12,
                    "hidden_dim": 144,
                    "l2_reg": 0.05858743961458419,
                    "l2_ghat": 4.520483379741124e-05,
                    "boost_lr": 0.5,
                    "SWIM_scale": 1.7513598400881574
                },
                {
                    "in_dim": 32,
                    "out_dim": 1,
                    "feature_type": "SWIM",
                    "upscale_type": "SWIM",
                    "randfeat_xt_dim": 512,
                    "randfeat_x0_dim": 512,
                    "sandwich_solver": "scalar",
                    "n_layers": 14,
                    "hidden_dim": 496,
                    "l2_reg": 0.3534850528665199,
                    "l2_ghat": 0.0006565701285266182,
                    "boost_lr": 0.5,
                    "SWIM_scale": 1.7151193044736295
                },
                {
                    "in_dim": 32,
                    "out_dim": 1,
                    "feature_type": "SWIM",
                    "upscale_type": "SWIM",
                    "randfeat_xt_dim": 512,
                    "randfeat_x0_dim": 512,
                    "sandwich_solver": "scalar",
                    "n_layers": 2,
                    "hidden_dim": 240,
                    "l2_reg": 0.23139595311445146,
                    "l2_ghat": 6.99422950097137e-06,
                    "boost_lr": 0.7,
                    "SWIM_scale": 1.8793092934422218
                },
                {
                    "in_dim": 32,
                    "out_dim": 1,
                    "feature_type": "SWIM",
                    "upscale_type": "SWIM",
                    "randfeat_xt_dim": 512,
                    "randfeat_x0_dim": 512,
                    "sandwich_solver": "scalar",
                    "n_layers": 11,
                    "hidden_dim": 336,
                    "l2_reg": 0.16150475315186397,
                    "l2_ghat": 0.026158400268040578,
                    "boost_lr": 0.9,
                    "SWIM_scale": 1.836171654501801
                }
            ]
        }
    }
}