{
    "45402": {
        "GradientRFRBoost": {
            "score_train": [
                0.47126829624176025,
                0.4229324460029602,
                0.4631299376487732,
                0.4679684042930603,
                0.4596789479255676
            ],
            "score_test": [
                0.5499512553215027,
                0.5275661945343018,
                0.4926277697086334,
                0.5004845857620239,
                0.5048805475234985
            ],
            "t_fit": [
                1.910193907096982,
                6.8680237252265215,
                1.319738246500492,
                0.4437142852693796,
                0.9699928387999535
            ],
            "t_inference": [
                0.462542325258255,
                1.6882345229387283,
                0.2215474769473076,
                0.09963101334869862,
                0.23829535581171513
            ],
            "hyperparams": [
                {
                    "in_dim": 6,
                    "out_dim": 1,
                    "feature_type": "SWIM",
                    "upscale_type": "SWIM",
                    "randfeat_xt_dim": 512,
                    "randfeat_x0_dim": 512,
                    "n_layers": 5,
                    "hidden_dim": 400,
                    "l2_reg": 0.5059734103821191,
                    "l2_ghat": 0.003084411449361417,
                    "boost_lr": 0.7,
                    "SWIM_scale": 0.416356701829868
                },
                {
                    "in_dim": 6,
                    "out_dim": 1,
                    "feature_type": "SWIM",
                    "upscale_type": "SWIM",
                    "randfeat_xt_dim": 512,
                    "randfeat_x0_dim": 512,
                    "n_layers": 16,
                    "hidden_dim": 432,
                    "l2_reg": 0.0021894276511047737,
                    "l2_ghat": 0.000903329254796297,
                    "boost_lr": 0.6,
                    "SWIM_scale": 0.46801366075661616
                },
                {
                    "in_dim": 6,
                    "out_dim": 1,
                    "feature_type": "SWIM",
                    "upscale_type": "SWIM",
                    "randfeat_xt_dim": 512,
                    "randfeat_x0_dim": 512,
                    "n_layers": 5,
                    "hidden_dim": 112,
                    "l2_reg": 0.7594504236124814,
                    "l2_ghat": 0.00037608945870133844,
                    "boost_lr": 0.5,
                    "SWIM_scale": 0.42056320390872315
                },
                {
                    "in_dim": 6,
                    "out_dim": 1,
                    "feature_type": "SWIM",
                    "upscale_type": "SWIM",
                    "randfeat_xt_dim": 512,
                    "randfeat_x0_dim": 512,
                    "n_layers": 1,
                    "hidden_dim": 336,
                    "l2_reg": 0.1939968717567411,
                    "l2_ghat": 5.915009366290411e-06,
                    "boost_lr": 0.7,
                    "SWIM_scale": 0.34294914849572283
                },
                {
                    "in_dim": 6,
                    "out_dim": 1,
                    "feature_type": "SWIM",
                    "upscale_type": "SWIM",
                    "randfeat_xt_dim": 512,
                    "randfeat_x0_dim": 512,
                    "n_layers": 2,
                    "hidden_dim": 432,
                    "l2_reg": 0.9944463939407856,
                    "l2_ghat": 0.00013792358741021685,
                    "boost_lr": 0.7,
                    "SWIM_scale": 0.4500232354001576
                }
            ]
        }
    }
}