{
    "44959": {
        "GradientRFRBoostID": {
            "score_train": [
                0.19724202156066895,
                0.23031091690063477,
                0.21991245448589325,
                0.22694464027881622,
                0.24947009980678558
            ],
            "score_test": [
                0.33334988355636597,
                0.3117990493774414,
                0.3001229166984558,
                0.3049985468387604,
                0.3022541403770447
            ],
            "t_fit": [
                0.18424681574106216,
                0.5077850595116615,
                0.23461978137493134,
                0.16401230171322823,
                0.5989293698221445
            ],
            "t_inference": [
                0.015762485563755035,
                0.041748857125639915,
                0.018330387771129608,
                0.013567360118031502,
                0.049961140379309654
            ],
            "hyperparams": [
                {
                    "in_dim": 8,
                    "out_dim": 1,
                    "feature_type": "SWIM",
                    "upscale_type": "identity",
                    "randfeat_xt_dim": 512,
                    "randfeat_x0_dim": 512,
                    "n_layers": 3,
                    "hidden_dim": 8,
                    "l2_reg": 0.03568664809139479,
                    "l2_ghat": 4.9311830390636836e-05,
                    "boost_lr": 0.6
                },
                {
                    "in_dim": 8,
                    "out_dim": 1,
                    "feature_type": "SWIM",
                    "upscale_type": "identity",
                    "randfeat_xt_dim": 512,
                    "randfeat_x0_dim": 512,
                    "n_layers": 8,
                    "hidden_dim": 8,
                    "l2_reg": 0.18618195469098714,
                    "l2_ghat": 0.00147144742004472,
                    "boost_lr": 0.7
                },
                {
                    "in_dim": 8,
                    "out_dim": 1,
                    "feature_type": "SWIM",
                    "upscale_type": "identity",
                    "randfeat_xt_dim": 512,
                    "randfeat_x0_dim": 512,
                    "n_layers": 3,
                    "hidden_dim": 8,
                    "l2_reg": 0.06827864551123079,
                    "l2_ghat": 0.00028663044710222375,
                    "boost_lr": 0.9
                },
                {
                    "in_dim": 8,
                    "out_dim": 1,
                    "feature_type": "SWIM",
                    "upscale_type": "identity",
                    "randfeat_xt_dim": 512,
                    "randfeat_x0_dim": 512,
                    "n_layers": 2,
                    "hidden_dim": 8,
                    "l2_reg": 0.03376654357827257,
                    "l2_ghat": 0.00016486114201211128,
                    "boost_lr": 0.8
                },
                {
                    "in_dim": 8,
                    "out_dim": 1,
                    "feature_type": "SWIM",
                    "upscale_type": "identity",
                    "randfeat_xt_dim": 512,
                    "randfeat_x0_dim": 512,
                    "n_layers": 8,
                    "hidden_dim": 8,
                    "l2_reg": 0.3205612776074365,
                    "l2_ghat": 0.005481954992348923,
                    "boost_lr": 1.0
                }
            ]
        }
    }
}