{
    "44969": {
        "GradientRFRBoost": {
            "score_train": [
                0.03305012360215187,
                0.020379994064569473,
                0.019661681726574898,
                0.028357628732919693,
                0.022266359999775887
            ],
            "score_test": [
                0.04554992914199829,
                0.037766944617033005,
                0.04266674816608429,
                0.06356759369373322,
                0.07973368465900421
            ],
            "t_fit": [
                2.622044663876295,
                3.165101993829012,
                4.263199666514993,
                3.0542813520878553,
                3.5833335630595684
            ],
            "t_inference": [
                0.6946884579956532,
                0.8671975433826447,
                1.3089170437306166,
                0.9079069960862398,
                1.1542760208249092
            ],
            "hyperparams": [
                {
                    "in_dim": 14,
                    "out_dim": 1,
                    "feature_type": "SWIM",
                    "upscale_type": "SWIM",
                    "randfeat_xt_dim": 512,
                    "randfeat_x0_dim": 512,
                    "n_layers": 9,
                    "hidden_dim": 208,
                    "l2_reg": 0.0836873021490139,
                    "l2_ghat": 0.00025692220021787654,
                    "boost_lr": 1.0
                },
                {
                    "in_dim": 14,
                    "out_dim": 1,
                    "feature_type": "SWIM",
                    "upscale_type": "SWIM",
                    "randfeat_xt_dim": 512,
                    "randfeat_x0_dim": 512,
                    "n_layers": 10,
                    "hidden_dim": 240,
                    "l2_reg": 0.020697683072836225,
                    "l2_ghat": 9.513313019320987e-06,
                    "boost_lr": 0.9
                },
                {
                    "in_dim": 14,
                    "out_dim": 1,
                    "feature_type": "SWIM",
                    "upscale_type": "SWIM",
                    "randfeat_xt_dim": 512,
                    "randfeat_x0_dim": 512,
                    "n_layers": 10,
                    "hidden_dim": 368,
                    "l2_reg": 0.028812822393516218,
                    "l2_ghat": 7.157506973644313e-05,
                    "boost_lr": 1.0
                },
                {
                    "in_dim": 14,
                    "out_dim": 1,
                    "feature_type": "SWIM",
                    "upscale_type": "SWIM",
                    "randfeat_xt_dim": 512,
                    "randfeat_x0_dim": 512,
                    "n_layers": 9,
                    "hidden_dim": 304,
                    "l2_reg": 0.12511933434236117,
                    "l2_ghat": 2.7669217214762682e-05,
                    "boost_lr": 0.9
                },
                {
                    "in_dim": 14,
                    "out_dim": 1,
                    "feature_type": "SWIM",
                    "upscale_type": "SWIM",
                    "randfeat_xt_dim": 512,
                    "randfeat_x0_dim": 512,
                    "n_layers": 9,
                    "hidden_dim": 432,
                    "l2_reg": 0.028361300087283273,
                    "l2_ghat": 2.8369605498108242e-05,
                    "boost_lr": 1.0
                }
            ]
        }
    }
}