{
    "44972": {
        "GreedyRFRBoostDense_upscaleiid": {
            "score_train": [
                0.7133781909942627,
                0.6735973358154297,
                0.7076475620269775,
                0.7149012684822083,
                0.7099928259849548
            ],
            "score_test": [
                0.7527031302452087,
                0.7935807704925537,
                0.7169678807258606,
                0.8051658272743225,
                0.7793092727661133
            ],
            "t_fit": [
                1.9181486517190933,
                5.217494938522577,
                3.2082914151251316,
                5.677576694637537,
                4.069229010492563
            ],
            "t_inference": [
                0.19273850321769714,
                0.6639827452600002,
                0.43451105430722237,
                0.7110476903617382,
                0.5356680601835251
            ],
            "hyperparams": [
                {
                    "in_dim": 11,
                    "out_dim": 1,
                    "feature_type": "SWIM",
                    "upscale_type": "iid",
                    "randfeat_xt_dim": 512,
                    "randfeat_x0_dim": 512,
                    "sandwich_solver": "dense",
                    "n_layers": 6,
                    "hidden_dim": 240,
                    "l2_reg": 0.08993375012371689,
                    "l2_ghat": 0.21407181878710263,
                    "boost_lr": 0.8,
                    "SWIM_scale": 1.2519403689144146
                },
                {
                    "in_dim": 11,
                    "out_dim": 1,
                    "feature_type": "SWIM",
                    "upscale_type": "iid",
                    "randfeat_xt_dim": 512,
                    "randfeat_x0_dim": 512,
                    "sandwich_solver": "dense",
                    "n_layers": 15,
                    "hidden_dim": 368,
                    "l2_reg": 0.1147654727147114,
                    "l2_ghat": 0.3502273382373587,
                    "boost_lr": 1.0,
                    "SWIM_scale": 1.4841692245664817
                },
                {
                    "in_dim": 11,
                    "out_dim": 1,
                    "feature_type": "SWIM",
                    "upscale_type": "iid",
                    "randfeat_xt_dim": 512,
                    "randfeat_x0_dim": 512,
                    "sandwich_solver": "dense",
                    "n_layers": 10,
                    "hidden_dim": 336,
                    "l2_reg": 0.31239761082273515,
                    "l2_ghat": 0.1021224688242799,
                    "boost_lr": 0.9,
                    "SWIM_scale": 1.5453405493653571
                },
                {
                    "in_dim": 11,
                    "out_dim": 1,
                    "feature_type": "SWIM",
                    "upscale_type": "iid",
                    "randfeat_xt_dim": 512,
                    "randfeat_x0_dim": 512,
                    "sandwich_solver": "dense",
                    "n_layers": 15,
                    "hidden_dim": 400,
                    "l2_reg": 0.4937400137286443,
                    "l2_ghat": 0.027133363470392777,
                    "boost_lr": 0.8,
                    "SWIM_scale": 0.7724174391027181
                },
                {
                    "in_dim": 11,
                    "out_dim": 1,
                    "feature_type": "SWIM",
                    "upscale_type": "iid",
                    "randfeat_xt_dim": 512,
                    "randfeat_x0_dim": 512,
                    "sandwich_solver": "dense",
                    "n_layers": 11,
                    "hidden_dim": 368,
                    "l2_reg": 0.4649669021978387,
                    "l2_ghat": 0.15687989358362667,
                    "boost_lr": 0.8,
                    "SWIM_scale": 1.8769487796960846
                }
            ]
        }
    }
}