{
    "44973": {
        "GreedyRFRBoostDiag_upscaleiid": {
            "score_train": [
                0.20966441929340363,
                0.21078558266162872,
                0.206960991024971,
                0.21225015819072723,
                0.20536531507968903
            ],
            "score_test": [
                0.2634909749031067,
                0.24333176016807556,
                0.2613016963005066,
                0.246101513504982,
                0.24896961450576782
            ],
            "t_fit": [
                2.9847695380449295,
                2.561859220266342,
                1.993012085556984,
                2.608483973890543,
                2.1428672187030315
            ],
            "t_inference": [
                1.0666979439556599,
                0.898720134049654,
                0.7089851908385754,
                0.9105118811130524,
                0.7456007488071918
            ],
            "hyperparams": [
                {
                    "in_dim": 12,
                    "out_dim": 1,
                    "feature_type": "SWIM",
                    "upscale_type": "iid",
                    "randfeat_xt_dim": 512,
                    "randfeat_x0_dim": 512,
                    "sandwich_solver": "diag",
                    "n_layers": 19,
                    "hidden_dim": 496,
                    "l2_reg": 0.005253260881336259,
                    "l2_ghat": 1.1736561516703432e-05,
                    "boost_lr": 0.7,
                    "SWIM_scale": 1.2077295497706078
                },
                {
                    "in_dim": 12,
                    "out_dim": 1,
                    "feature_type": "SWIM",
                    "upscale_type": "iid",
                    "randfeat_xt_dim": 512,
                    "randfeat_x0_dim": 512,
                    "sandwich_solver": "diag",
                    "n_layers": 16,
                    "hidden_dim": 496,
                    "l2_reg": 0.0024939497818469076,
                    "l2_ghat": 2.803333044716625e-06,
                    "boost_lr": 0.8,
                    "SWIM_scale": 0.8688559556821089
                },
                {
                    "in_dim": 12,
                    "out_dim": 1,
                    "feature_type": "SWIM",
                    "upscale_type": "iid",
                    "randfeat_xt_dim": 512,
                    "randfeat_x0_dim": 512,
                    "sandwich_solver": "diag",
                    "n_layers": 16,
                    "hidden_dim": 432,
                    "l2_reg": 0.005867071734848033,
                    "l2_ghat": 3.6802529660662774e-06,
                    "boost_lr": 0.5,
                    "SWIM_scale": 1.2820482874398929
                },
                {
                    "in_dim": 12,
                    "out_dim": 1,
                    "feature_type": "SWIM",
                    "upscale_type": "iid",
                    "randfeat_xt_dim": 512,
                    "randfeat_x0_dim": 512,
                    "sandwich_solver": "diag",
                    "n_layers": 16,
                    "hidden_dim": 496,
                    "l2_reg": 0.0026781298119924854,
                    "l2_ghat": 5.5588898531691e-06,
                    "boost_lr": 1.0,
                    "SWIM_scale": 0.9064566375221449
                },
                {
                    "in_dim": 12,
                    "out_dim": 1,
                    "feature_type": "SWIM",
                    "upscale_type": "iid",
                    "randfeat_xt_dim": 512,
                    "randfeat_x0_dim": 512,
                    "sandwich_solver": "diag",
                    "n_layers": 17,
                    "hidden_dim": 432,
                    "l2_reg": 0.003275312854435942,
                    "l2_ghat": 4.915002534284189e-06,
                    "boost_lr": 0.9,
                    "SWIM_scale": 1.0724106399124724
                }
            ]
        }
    }
}