{
    "44976": {
        "GradientRFRBoostID": {
            "score_train": [
                0.15772321820259094,
                0.15922564268112183,
                0.15401628613471985,
                0.15083171427249908,
                0.15817342698574066
            ],
            "score_test": [
                0.1898317188024521,
                0.1834469735622406,
                0.17786414921283722,
                0.2011195868253708,
                0.18705420196056366
            ],
            "t_fit": [
                0.3019983023405075,
                0.2983187586069107,
                0.33993951976299286,
                0.32661624252796173,
                0.382602259516716
            ],
            "t_inference": [
                0.046512171626091,
                0.046294599771499634,
                0.0471733957529068,
                0.047680824995040894,
                0.05969434976577759
            ],
            "hyperparams": [
                {
                    "in_dim": 21,
                    "out_dim": 1,
                    "feature_type": "SWIM",
                    "upscale_type": "identity",
                    "randfeat_xt_dim": 512,
                    "randfeat_x0_dim": 512,
                    "n_layers": 1,
                    "hidden_dim": 21,
                    "l2_reg": 1.3760869908139748e-05,
                    "l2_ghat": 1.0470592848169436e-06,
                    "boost_lr": 0.8
                },
                {
                    "in_dim": 21,
                    "out_dim": 1,
                    "feature_type": "SWIM",
                    "upscale_type": "identity",
                    "randfeat_xt_dim": 512,
                    "randfeat_x0_dim": 512,
                    "n_layers": 1,
                    "hidden_dim": 21,
                    "l2_reg": 0.006862059901709546,
                    "l2_ghat": 1.036013277621765e-06,
                    "boost_lr": 0.8
                },
                {
                    "in_dim": 21,
                    "out_dim": 1,
                    "feature_type": "SWIM",
                    "upscale_type": "identity",
                    "randfeat_xt_dim": 512,
                    "randfeat_x0_dim": 512,
                    "n_layers": 1,
                    "hidden_dim": 21,
                    "l2_reg": 1.6513258846921285e-06,
                    "l2_ghat": 1.0405890374940978e-06,
                    "boost_lr": 0.9
                },
                {
                    "in_dim": 21,
                    "out_dim": 1,
                    "feature_type": "SWIM",
                    "upscale_type": "identity",
                    "randfeat_xt_dim": 512,
                    "randfeat_x0_dim": 512,
                    "n_layers": 1,
                    "hidden_dim": 21,
                    "l2_reg": 2.2012989970861535e-05,
                    "l2_ghat": 1.0471345122464694e-06,
                    "boost_lr": 0.9
                },
                {
                    "in_dim": 21,
                    "out_dim": 1,
                    "feature_type": "SWIM",
                    "upscale_type": "identity",
                    "randfeat_xt_dim": 512,
                    "randfeat_x0_dim": 512,
                    "n_layers": 1,
                    "hidden_dim": 21,
                    "l2_reg": 0.014851769846746037,
                    "l2_ghat": 1.0052203074207424e-06,
                    "boost_lr": 0.9
                }
            ]
        }
    }
}