{
    "44959": {
        "End2End": {
            "score_train": [
                0.17416441440582275,
                0.19540710747241974,
                0.18970656394958496,
                0.18902014195919037,
                0.2147941291332245
            ],
            "score_test": [
                0.334834486246109,
                0.2970739006996155,
                0.30467915534973145,
                0.28798043727874756,
                0.315081924200058
            ],
            "t_fit": [
                2.0271980557590723,
                0.8349538333714008,
                0.7996263988316059,
                1.174251900985837,
                0.4750498812645674
            ],
            "t_inference": [
                0.012933004647493362,
                0.001555832102894783,
                0.0026499368250370026,
                0.00538807176053524,
                0.0011855140328407288
            ],
            "hyperparams": [
                {
                    "in_dim": 8,
                    "out_dim": 1,
                    "loss": "mse",
                    "n_blocks": 2,
                    "hidden_dim": 496,
                    "bottleneck_dim": 128,
                    "lr": 0.0015135130971619041,
                    "end_lr_factor": 0.050542175224720695,
                    "n_epochs": 45,
                    "weight_decay": 2.0583227801059917e-06,
                    "batch_size": 128
                },
                {
                    "in_dim": 8,
                    "out_dim": 1,
                    "loss": "mse",
                    "n_blocks": 2,
                    "hidden_dim": 48,
                    "bottleneck_dim": 64,
                    "lr": 0.01197175676294627,
                    "end_lr_factor": 0.017301925759233703,
                    "n_epochs": 50,
                    "weight_decay": 3.112826056217041e-06,
                    "batch_size": 128
                },
                {
                    "in_dim": 8,
                    "out_dim": 1,
                    "loss": "mse",
                    "n_blocks": 1,
                    "hidden_dim": 272,
                    "bottleneck_dim": 96,
                    "lr": 0.0028040857077391863,
                    "end_lr_factor": 0.12660707789410064,
                    "n_epochs": 46,
                    "weight_decay": 3.667537782864329e-06,
                    "batch_size": 128
                },
                {
                    "in_dim": 8,
                    "out_dim": 1,
                    "loss": "mse",
                    "n_blocks": 1,
                    "hidden_dim": 496,
                    "bottleneck_dim": 128,
                    "lr": 0.0009067825288933201,
                    "end_lr_factor": 0.2015682512420372,
                    "n_epochs": 48,
                    "weight_decay": 1.7790526250714733e-06,
                    "batch_size": 128
                },
                {
                    "in_dim": 8,
                    "out_dim": 1,
                    "loss": "mse",
                    "n_blocks": 1,
                    "hidden_dim": 48,
                    "bottleneck_dim": 128,
                    "lr": 0.00875603024466173,
                    "end_lr_factor": 0.4829553050277386,
                    "n_epochs": 36,
                    "weight_decay": 0.0002990061261647262,
                    "batch_size": 128
                }
            ]
        }
    }
}