{
    "44966": {
        "GradientRFRBoostID": {
            "score_train": [
                0.6674644351005554,
                0.7056037187576294,
                0.7256506085395813,
                0.7077475786209106,
                0.7168664336204529
            ],
            "score_test": [
                0.8609986901283264,
                0.7547511458396912,
                0.6263759732246399,
                0.6977910399436951,
                0.6833555698394775
            ],
            "t_fit": [
                0.7078086920082569,
                0.9719977658241987,
                0.5828693620860577,
                0.5333967320621014,
                0.5409086924046278
            ],
            "t_inference": [
                0.07316713221371174,
                0.10102676786482334,
                0.0651138424873352,
                0.06391588225960732,
                0.05686863511800766
            ],
            "hyperparams": [
                {
                    "in_dim": 29,
                    "out_dim": 1,
                    "feature_type": "SWIM",
                    "upscale_type": "identity",
                    "randfeat_xt_dim": 512,
                    "randfeat_x0_dim": 512,
                    "activation": "tanh",
                    "n_layers": 7,
                    "hidden_dim": 20,
                    "l2_reg": 0.3276796400526759,
                    "l2_ghat": 2.204308750452109,
                    "boost_lr": 0.6,
                    "SWIM_scale": -0.10619595604295634,
                    "iid_scale": 0.14384275109315162
                },
                {
                    "in_dim": 29,
                    "out_dim": 1,
                    "feature_type": "SWIM",
                    "upscale_type": "identity",
                    "randfeat_xt_dim": 512,
                    "randfeat_x0_dim": 512,
                    "activation": "tanh",
                    "n_layers": 11,
                    "hidden_dim": 28,
                    "l2_reg": 5.836892834920333,
                    "l2_ghat": 1.9135844952411587,
                    "boost_lr": 1.0,
                    "SWIM_scale": 0.4613407949237445,
                    "iid_scale": 0.260100181332911
                },
                {
                    "in_dim": 29,
                    "out_dim": 1,
                    "feature_type": "SWIM",
                    "upscale_type": "identity",
                    "randfeat_xt_dim": 512,
                    "randfeat_x0_dim": 512,
                    "activation": "tanh",
                    "n_layers": 7,
                    "hidden_dim": 17,
                    "l2_reg": 0.31599656672901777,
                    "l2_ghat": 0.29328296384765007,
                    "boost_lr": 0.5,
                    "SWIM_scale": -0.00629688547696039,
                    "iid_scale": 6.202453954493253
                },
                {
                    "in_dim": 29,
                    "out_dim": 1,
                    "feature_type": "SWIM",
                    "upscale_type": "identity",
                    "randfeat_xt_dim": 512,
                    "randfeat_x0_dim": 512,
                    "activation": "tanh",
                    "n_layers": 6,
                    "hidden_dim": 468,
                    "l2_reg": 0.6948541822883216,
                    "l2_ghat": 0.30388294432941976,
                    "boost_lr": 0.9,
                    "SWIM_scale": -0.5992293419925386,
                    "iid_scale": 0.14539015999120575
                },
                {
                    "in_dim": 29,
                    "out_dim": 1,
                    "feature_type": "SWIM",
                    "upscale_type": "identity",
                    "randfeat_xt_dim": 512,
                    "randfeat_x0_dim": 512,
                    "activation": "tanh",
                    "n_layers": 6,
                    "hidden_dim": 19,
                    "l2_reg": 3.1343155690501114,
                    "l2_ghat": 0.910656188813946,
                    "boost_lr": 0.8,
                    "SWIM_scale": 1.271755093884364,
                    "iid_scale": 3.565386939467395
                }
            ]
        }
    }
}