{
    "44971": {
        "GradientRFRBoost_ID_batchnormFalse": {
            "score_train": [
                0.706493079662323,
                0.6874473690986633,
                0.7118372917175293,
                0.7238824367523193,
                0.6967335939407349
            ],
            "score_test": [
                0.7549792528152466,
                0.7809193134307861,
                0.8118220567703247,
                0.7628402709960938,
                0.7577832341194153
            ],
            "t_fit": [
                1.5411090962588787,
                2.046396378427744,
                2.246237713843584,
                2.0481368005275726,
                2.930439744144678
            ],
            "t_inference": [
                0.1569778062403202,
                0.1955004557967186,
                0.22468391433358192,
                0.19367624819278717,
                0.3151019439101219
            ],
            "hyperparams": [
                {
                    "in_dim": 11,
                    "out_dim": 1,
                    "feature_type": "SWIM",
                    "upscale_type": "identity",
                    "randfeat_xt_dim": 512,
                    "randfeat_x0_dim": 512,
                    "activation": "tanh",
                    "use_batchnorm": false,
                    "n_layers": 4,
                    "l2_reg": 0.035114672881893114,
                    "l2_ghat": 0.016080586614196618,
                    "boost_lr": 0.18484743040994223,
                    "hidden_dim": 11,
                    "SWIM_scale": 1.8452005471501463
                },
                {
                    "in_dim": 11,
                    "out_dim": 1,
                    "feature_type": "SWIM",
                    "upscale_type": "identity",
                    "randfeat_xt_dim": 512,
                    "randfeat_x0_dim": 512,
                    "activation": "tanh",
                    "use_batchnorm": false,
                    "n_layers": 5,
                    "l2_reg": 0.34477419015329636,
                    "l2_ghat": 0.005627769428386427,
                    "boost_lr": 0.19802860375248557,
                    "hidden_dim": 11,
                    "SWIM_scale": 1.40679691965785
                },
                {
                    "in_dim": 11,
                    "out_dim": 1,
                    "feature_type": "SWIM",
                    "upscale_type": "identity",
                    "randfeat_xt_dim": 512,
                    "randfeat_x0_dim": 512,
                    "activation": "tanh",
                    "use_batchnorm": false,
                    "n_layers": 6,
                    "l2_reg": 0.10591652597549428,
                    "l2_ghat": 0.05116360533230462,
                    "boost_lr": 0.17807719123626017,
                    "hidden_dim": 11,
                    "SWIM_scale": 1.6348812233013796
                },
                {
                    "in_dim": 11,
                    "out_dim": 1,
                    "feature_type": "SWIM",
                    "upscale_type": "identity",
                    "randfeat_xt_dim": 512,
                    "randfeat_x0_dim": 512,
                    "activation": "tanh",
                    "use_batchnorm": false,
                    "n_layers": 5,
                    "l2_reg": 0.12860374148830644,
                    "l2_ghat": 0.003330621225182431,
                    "boost_lr": 0.19322233996559296,
                    "hidden_dim": 11,
                    "SWIM_scale": 0.9462084806188592
                },
                {
                    "in_dim": 11,
                    "out_dim": 1,
                    "feature_type": "SWIM",
                    "upscale_type": "identity",
                    "randfeat_xt_dim": 512,
                    "randfeat_x0_dim": 512,
                    "activation": "tanh",
                    "use_batchnorm": false,
                    "n_layers": 8,
                    "l2_reg": 0.12608668121798025,
                    "l2_ghat": 0.005729090662565969,
                    "boost_lr": 0.12392492359384742,
                    "hidden_dim": 11,
                    "SWIM_scale": 1.254075690772502
                }
            ]
        }
    }
}