{
    "44976": {
        "GreedyRFRBoostScalar_upscaleiid_iidfeat": {
            "score_train": [
                0.16888433694839478,
                0.16937759518623352,
                0.16921520233154297,
                0.1663295328617096,
                0.1688815802335739
            ],
            "score_test": [
                0.19730080664157867,
                0.18678849935531616,
                0.18799695372581482,
                0.20854347944259644,
                0.19046835601329803
            ],
            "t_fit": [
                3.141809806227684,
                2.015831798315048,
                1.6304302662611008,
                2.4353761076927185,
                1.9570547938346863
            ],
            "t_inference": [
                2.379803165793419,
                1.4447352886199951,
                1.2552493065595627,
                1.8552186191082,
                1.455842524766922
            ],
            "hyperparams": [
                {
                    "in_dim": 21,
                    "out_dim": 1,
                    "feature_type": "iid",
                    "upscale_type": "iid",
                    "randfeat_xt_dim": 512,
                    "randfeat_x0_dim": 512,
                    "sandwich_solver": "scalar",
                    "n_layers": 10,
                    "hidden_dim": 496,
                    "l2_reg": 0.001216176911083982,
                    "l2_ghat": 0.07545321000778712,
                    "boost_lr": 0.5,
                    "iid_scale": 1.1101625564548752
                },
                {
                    "in_dim": 21,
                    "out_dim": 1,
                    "feature_type": "iid",
                    "upscale_type": "iid",
                    "randfeat_xt_dim": 512,
                    "randfeat_x0_dim": 512,
                    "sandwich_solver": "scalar",
                    "n_layers": 7,
                    "hidden_dim": 496,
                    "l2_reg": 0.0013310835093853235,
                    "l2_ghat": 0.18803325488197753,
                    "boost_lr": 0.6,
                    "iid_scale": 1.1479660497060247
                },
                {
                    "in_dim": 21,
                    "out_dim": 1,
                    "feature_type": "iid",
                    "upscale_type": "iid",
                    "randfeat_xt_dim": 512,
                    "randfeat_x0_dim": 512,
                    "sandwich_solver": "scalar",
                    "n_layers": 7,
                    "hidden_dim": 496,
                    "l2_reg": 0.0013310835093853235,
                    "l2_ghat": 0.18803325488197753,
                    "boost_lr": 0.6,
                    "iid_scale": 1.1479660497060247
                },
                {
                    "in_dim": 21,
                    "out_dim": 1,
                    "feature_type": "iid",
                    "upscale_type": "iid",
                    "randfeat_xt_dim": 512,
                    "randfeat_x0_dim": 512,
                    "sandwich_solver": "scalar",
                    "n_layers": 11,
                    "hidden_dim": 496,
                    "l2_reg": 0.0012512849026958537,
                    "l2_ghat": 2.37773137315115e-05,
                    "boost_lr": 0.9,
                    "iid_scale": 1.0315167090949424
                },
                {
                    "in_dim": 21,
                    "out_dim": 1,
                    "feature_type": "iid",
                    "upscale_type": "iid",
                    "randfeat_xt_dim": 512,
                    "randfeat_x0_dim": 512,
                    "sandwich_solver": "scalar",
                    "n_layers": 7,
                    "hidden_dim": 496,
                    "l2_reg": 0.0013310835093853235,
                    "l2_ghat": 0.18803325488197753,
                    "boost_lr": 0.6,
                    "iid_scale": 1.1479660497060247
                }
            ]
        }
    }
}