{
    "44980": {
        "GradientRFRBoostID": {
            "score_train": [
                0.2839204668998718,
                0.2881038188934326,
                0.2976717948913574,
                0.2816833555698395,
                0.29058220982551575
            ],
            "score_test": [
                0.36676928400993347,
                0.36203888058662415,
                0.3343169689178467,
                0.38375458121299744,
                0.37453579902648926
            ],
            "t_fit": [
                0.9586392790079117,
                0.8013077974319458,
                1.2938336953520775,
                1.3208512216806412,
                0.5477422848343849
            ],
            "t_inference": [
                0.09999237954616547,
                0.10192910954356194,
                0.14790022373199463,
                0.17550809308886528,
                0.0650135800242424
            ],
            "hyperparams": [
                {
                    "in_dim": 8,
                    "out_dim": 1,
                    "feature_type": "SWIM",
                    "upscale_type": "identity",
                    "randfeat_xt_dim": 512,
                    "randfeat_x0_dim": 512,
                    "n_layers": 2,
                    "hidden_dim": 8,
                    "l2_reg": 0.0028929126334170654,
                    "l2_ghat": 7.52977309501308e-07,
                    "boost_lr": 0.9
                },
                {
                    "in_dim": 8,
                    "out_dim": 1,
                    "feature_type": "SWIM",
                    "upscale_type": "identity",
                    "randfeat_xt_dim": 512,
                    "randfeat_x0_dim": 512,
                    "n_layers": 2,
                    "hidden_dim": 8,
                    "l2_reg": 0.04216803963543329,
                    "l2_ghat": 4.340760211990011e-07,
                    "boost_lr": 0.6
                },
                {
                    "in_dim": 8,
                    "out_dim": 1,
                    "feature_type": "SWIM",
                    "upscale_type": "identity",
                    "randfeat_xt_dim": 512,
                    "randfeat_x0_dim": 512,
                    "n_layers": 4,
                    "hidden_dim": 8,
                    "l2_reg": 0.12041050366687846,
                    "l2_ghat": 1.0089495744490332e-05,
                    "boost_lr": 0.8
                },
                {
                    "in_dim": 8,
                    "out_dim": 1,
                    "feature_type": "SWIM",
                    "upscale_type": "identity",
                    "randfeat_xt_dim": 512,
                    "randfeat_x0_dim": 512,
                    "n_layers": 5,
                    "hidden_dim": 8,
                    "l2_reg": 0.037999349855766605,
                    "l2_ghat": 1.0138553488707558e-05,
                    "boost_lr": 0.7
                },
                {
                    "in_dim": 8,
                    "out_dim": 1,
                    "feature_type": "SWIM",
                    "upscale_type": "identity",
                    "randfeat_xt_dim": 512,
                    "randfeat_x0_dim": 512,
                    "n_layers": 2,
                    "hidden_dim": 8,
                    "l2_reg": 0.10896539322361688,
                    "l2_ghat": 7.159589971308471e-07,
                    "boost_lr": 0.7
                }
            ]
        }
    }
}