{
    "44962": {
        "GradientRFRBoost": {
            "score_train": [
                0.44478923082351685,
                0.4345085322856903,
                0.41530275344848633,
                0.3855053782463074,
                0.4337395429611206
            ],
            "score_test": [
                0.40566691756248474,
                0.41585573554039,
                0.4772839844226837,
                0.5869407653808594,
                0.4550248682498932
            ],
            "t_fit": [
                0.07628996297717094,
                0.10663606598973274,
                0.14182080328464508,
                0.12653905898332596,
                0.08173258975148201
            ],
            "t_inference": [
                0.006116025149822235,
                0.011571407318115234,
                0.021496102213859558,
                0.019329257309436798,
                0.0070386528968811035
            ],
            "hyperparams": [
                {
                    "in_dim": 29,
                    "out_dim": 1,
                    "feature_type": "SWIM",
                    "upscale_type": "SWIM",
                    "randfeat_xt_dim": 512,
                    "randfeat_x0_dim": 512,
                    "n_layers": 1,
                    "hidden_dim": 48,
                    "l2_reg": 0.030155629637867862,
                    "l2_ghat": 0.09832390845405661,
                    "boost_lr": 0.9
                },
                {
                    "in_dim": 29,
                    "out_dim": 1,
                    "feature_type": "SWIM",
                    "upscale_type": "SWIM",
                    "randfeat_xt_dim": 512,
                    "randfeat_x0_dim": 512,
                    "n_layers": 1,
                    "hidden_dim": 144,
                    "l2_reg": 0.026477217805461854,
                    "l2_ghat": 0.09916004758972087,
                    "boost_lr": 0.8
                },
                {
                    "in_dim": 29,
                    "out_dim": 1,
                    "feature_type": "SWIM",
                    "upscale_type": "SWIM",
                    "randfeat_xt_dim": 512,
                    "randfeat_x0_dim": 512,
                    "n_layers": 1,
                    "hidden_dim": 432,
                    "l2_reg": 0.03761786040980718,
                    "l2_ghat": 0.09923505755609997,
                    "boost_lr": 0.8
                },
                {
                    "in_dim": 29,
                    "out_dim": 1,
                    "feature_type": "SWIM",
                    "upscale_type": "SWIM",
                    "randfeat_xt_dim": 512,
                    "randfeat_x0_dim": 512,
                    "n_layers": 1,
                    "hidden_dim": 304,
                    "l2_reg": 0.03576281419109619,
                    "l2_ghat": 0.09865819153270237,
                    "boost_lr": 0.9
                },
                {
                    "in_dim": 29,
                    "out_dim": 1,
                    "feature_type": "SWIM",
                    "upscale_type": "SWIM",
                    "randfeat_xt_dim": 512,
                    "randfeat_x0_dim": 512,
                    "n_layers": 1,
                    "hidden_dim": 80,
                    "l2_reg": 0.07741650930467908,
                    "l2_ghat": 0.09677241764052574,
                    "boost_lr": 0.6
                }
            ]
        }
    }
}