{
    "44989": {
        "RFNN_iid": {
            "score_train": [
                0.2861565947532654,
                0.28827112913131714,
                0.2879231572151184,
                0.29891422390937805,
                0.29116642475128174
            ],
            "score_test": [
                0.3040757179260254,
                0.3132072687149048,
                0.32552167773246765,
                0.2954413592815399,
                0.30479276180267334
            ],
            "t_fit": [
                0.08940360695123672,
                0.06284445151686668,
                0.08144257590174675,
                0.05808250606060028,
                0.06047830358147621
            ],
            "t_inference": [
                0.04269621893763542,
                0.037389691919088364,
                0.03510262444615364,
                0.02658844366669655,
                0.02952222153544426
            ],
            "hyperparams": [
                {
                    "n_layers": 0,
                    "in_dim": 132,
                    "out_dim": 1,
                    "upscale_type": "iid",
                    "activation": "tanh",
                    "use_batchnorm": false,
                    "l2_reg": 0.00019528897806502906,
                    "hidden_dim": 446,
                    "iid_scale": 0.7429905898738963
                },
                {
                    "n_layers": 0,
                    "in_dim": 132,
                    "out_dim": 1,
                    "upscale_type": "iid",
                    "activation": "tanh",
                    "use_batchnorm": false,
                    "l2_reg": 0.00025038007182103845,
                    "hidden_dim": 467,
                    "iid_scale": 0.658491880852234
                },
                {
                    "n_layers": 0,
                    "in_dim": 132,
                    "out_dim": 1,
                    "upscale_type": "iid",
                    "activation": "tanh",
                    "use_batchnorm": false,
                    "l2_reg": 0.00025238732991898126,
                    "hidden_dim": 508,
                    "iid_scale": 0.5862848465824689
                },
                {
                    "n_layers": 0,
                    "in_dim": 132,
                    "out_dim": 1,
                    "upscale_type": "iid",
                    "activation": "tanh",
                    "use_batchnorm": false,
                    "l2_reg": 0.00010048216363969486,
                    "hidden_dim": 407,
                    "iid_scale": 0.40401899336489383
                },
                {
                    "n_layers": 0,
                    "in_dim": 132,
                    "out_dim": 1,
                    "upscale_type": "iid",
                    "activation": "tanh",
                    "use_batchnorm": false,
                    "l2_reg": 0.0002173059265438455,
                    "hidden_dim": 454,
                    "iid_scale": 0.6198675150724712
                }
            ]
        }
    }
}