{
    "44964": {
        "GreedyRFRBoostDiag_upscaleiid_iidfeat": {
            "score_train": [
                0.34662026166915894,
                0.33932575583457947,
                0.319818377494812,
                0.316252201795578,
                0.3402036428451538
            ],
            "score_test": [
                0.400727778673172,
                0.4162857234477997,
                0.42330825328826904,
                0.42648595571517944,
                0.42591798305511475
            ],
            "t_fit": [
                3.9430691599845886,
                3.776956556364894,
                2.5753223802894354,
                3.304332545027137,
                2.3339196126908064
            ],
            "t_inference": [
                2.2948476653546095,
                2.1929462663829327,
                1.5136972349137068,
                2.0155494026839733,
                1.367377046495676
            ],
            "hyperparams": [
                {
                    "in_dim": 81,
                    "out_dim": 1,
                    "feature_type": "iid",
                    "upscale_type": "iid",
                    "randfeat_xt_dim": 512,
                    "randfeat_x0_dim": 512,
                    "sandwich_solver": "diag",
                    "n_layers": 13,
                    "hidden_dim": 400,
                    "l2_reg": 0.2874213454984127,
                    "l2_ghat": 3.839666810691631e-05,
                    "boost_lr": 1.0,
                    "iid_scale": 3.532463008129881
                },
                {
                    "in_dim": 81,
                    "out_dim": 1,
                    "feature_type": "iid",
                    "upscale_type": "iid",
                    "randfeat_xt_dim": 512,
                    "randfeat_x0_dim": 512,
                    "sandwich_solver": "diag",
                    "n_layers": 14,
                    "hidden_dim": 464,
                    "l2_reg": 0.1810258285473755,
                    "l2_ghat": 5.6641858356872235e-05,
                    "boost_lr": 0.9,
                    "iid_scale": 3.7599818959796605
                },
                {
                    "in_dim": 81,
                    "out_dim": 1,
                    "feature_type": "iid",
                    "upscale_type": "iid",
                    "randfeat_xt_dim": 512,
                    "randfeat_x0_dim": 512,
                    "sandwich_solver": "diag",
                    "n_layers": 13,
                    "hidden_dim": 368,
                    "l2_reg": 0.10988282592380316,
                    "l2_ghat": 9.633158062459895e-05,
                    "boost_lr": 1.0,
                    "iid_scale": 6.4292245523356835
                },
                {
                    "in_dim": 81,
                    "out_dim": 1,
                    "feature_type": "iid",
                    "upscale_type": "iid",
                    "randfeat_xt_dim": 512,
                    "randfeat_x0_dim": 512,
                    "sandwich_solver": "diag",
                    "n_layers": 12,
                    "hidden_dim": 464,
                    "l2_reg": 0.32107527080408543,
                    "l2_ghat": 1.4566336172673116e-05,
                    "boost_lr": 0.6,
                    "iid_scale": 4.504486662243274
                },
                {
                    "in_dim": 81,
                    "out_dim": 1,
                    "feature_type": "iid",
                    "upscale_type": "iid",
                    "randfeat_xt_dim": 512,
                    "randfeat_x0_dim": 512,
                    "sandwich_solver": "diag",
                    "n_layers": 11,
                    "hidden_dim": 432,
                    "l2_reg": 0.41856446688975596,
                    "l2_ghat": 1.2832673721865233e-05,
                    "boost_lr": 0.8,
                    "iid_scale": 3.623638405406232
                }
            ]
        }
    }
}