{
    "44958": {
        "GradientRFRBoost": {
            "score_train": [
                0.16129544377326965,
                0.12361524999141693,
                0.15324604511260986,
                0.13867755234241486,
                0.14286503195762634
            ],
            "score_test": [
                0.24557317793369293,
                0.1881515234708786,
                0.24915070831775665,
                0.1865452229976654,
                0.18956129252910614
            ],
            "t_fit": [
                5.044721119105816,
                5.109367921948433,
                3.0722464732825756,
                3.882635798305273,
                3.2265579476952553
            ],
            "t_inference": [
                0.9641991928219795,
                1.017929669469595,
                0.4903593249619007,
                0.611247681081295,
                0.6267680376768112
            ],
            "hyperparams": [
                {
                    "in_dim": 16,
                    "out_dim": 1,
                    "feature_type": "SWIM",
                    "upscale_type": "SWIM",
                    "randfeat_xt_dim": 512,
                    "randfeat_x0_dim": 512,
                    "n_layers": 15,
                    "hidden_dim": 272,
                    "l2_reg": 0.030611562666933156,
                    "l2_ghat": 0.008939664796421947,
                    "boost_lr": 0.6,
                    "SWIM_scale": 1.9088264781629425
                },
                {
                    "in_dim": 16,
                    "out_dim": 1,
                    "feature_type": "SWIM",
                    "upscale_type": "SWIM",
                    "randfeat_xt_dim": 512,
                    "randfeat_x0_dim": 512,
                    "n_layers": 14,
                    "hidden_dim": 432,
                    "l2_reg": 0.36550498326804665,
                    "l2_ghat": 0.007058004803487183,
                    "boost_lr": 0.9,
                    "SWIM_scale": 1.4483492038813193
                },
                {
                    "in_dim": 16,
                    "out_dim": 1,
                    "feature_type": "SWIM",
                    "upscale_type": "SWIM",
                    "randfeat_xt_dim": 512,
                    "randfeat_x0_dim": 512,
                    "n_layers": 11,
                    "hidden_dim": 176,
                    "l2_reg": 0.5858833319311522,
                    "l2_ghat": 0.005439780873496004,
                    "boost_lr": 0.8,
                    "SWIM_scale": 1.3043067882169326
                },
                {
                    "in_dim": 16,
                    "out_dim": 1,
                    "feature_type": "SWIM",
                    "upscale_type": "SWIM",
                    "randfeat_xt_dim": 512,
                    "randfeat_x0_dim": 512,
                    "n_layers": 15,
                    "hidden_dim": 144,
                    "l2_reg": 0.3087078994212652,
                    "l2_ghat": 0.015429628018224234,
                    "boost_lr": 0.9,
                    "SWIM_scale": 1.2499827434543378
                },
                {
                    "in_dim": 16,
                    "out_dim": 1,
                    "feature_type": "SWIM",
                    "upscale_type": "SWIM",
                    "randfeat_xt_dim": 512,
                    "randfeat_x0_dim": 512,
                    "n_layers": 9,
                    "hidden_dim": 304,
                    "l2_reg": 0.60504050347196,
                    "l2_ghat": 0.017235354148023487,
                    "boost_lr": 1.0,
                    "SWIM_scale": 1.8021174700161549
                }
            ]
        }
    }
}