{
    "44969": {
        "GradientRFRBoost_upscaleiid": {
            "score_train": [
                0.012350649572908878,
                0.011323301121592522,
                0.009839656762778759,
                0.008498418144881725,
                0.009705746546387672
            ],
            "score_test": [
                0.03308429569005966,
                0.033387865871191025,
                0.024111097678542137,
                0.034498993307352066,
                0.041310250759124756
            ],
            "t_fit": [
                6.04836012236774,
                4.331127064302564,
                3.5307863634079695,
                3.230859987437725,
                4.267236905172467
            ],
            "t_inference": [
                1.5533724520355463,
                0.963526614010334,
                0.442048704251647,
                0.7783264201134443,
                1.2931578867137432
            ],
            "hyperparams": [
                {
                    "in_dim": 14,
                    "out_dim": 1,
                    "feature_type": "SWIM",
                    "upscale_type": "iid",
                    "randfeat_xt_dim": 512,
                    "randfeat_x0_dim": 512,
                    "n_layers": 12,
                    "hidden_dim": 400,
                    "l2_reg": 0.7453956402951284,
                    "l2_ghat": 4.400247221136714e-05,
                    "boost_lr": 0.7,
                    "SWIM_scale": 0.2526655099108024
                },
                {
                    "in_dim": 14,
                    "out_dim": 1,
                    "feature_type": "SWIM",
                    "upscale_type": "iid",
                    "randfeat_xt_dim": 512,
                    "randfeat_x0_dim": 512,
                    "n_layers": 11,
                    "hidden_dim": 240,
                    "l2_reg": 0.5964745728709561,
                    "l2_ghat": 5.785649975138457e-05,
                    "boost_lr": 1.0,
                    "SWIM_scale": 0.2532658118289577
                },
                {
                    "in_dim": 14,
                    "out_dim": 1,
                    "feature_type": "SWIM",
                    "upscale_type": "iid",
                    "randfeat_xt_dim": 512,
                    "randfeat_x0_dim": 512,
                    "n_layers": 11,
                    "hidden_dim": 16,
                    "l2_reg": 0.05462030581577115,
                    "l2_ghat": 1.2469286934798269e-05,
                    "boost_lr": 1.0,
                    "SWIM_scale": 0.3052660896453191
                },
                {
                    "in_dim": 14,
                    "out_dim": 1,
                    "feature_type": "SWIM",
                    "upscale_type": "iid",
                    "randfeat_xt_dim": 512,
                    "randfeat_x0_dim": 512,
                    "n_layers": 7,
                    "hidden_dim": 304,
                    "l2_reg": 0.36220326635419475,
                    "l2_ghat": 1.0744548657532956e-05,
                    "boost_lr": 0.9,
                    "SWIM_scale": 0.2615797634370155
                },
                {
                    "in_dim": 14,
                    "out_dim": 1,
                    "feature_type": "SWIM",
                    "upscale_type": "iid",
                    "randfeat_xt_dim": 512,
                    "randfeat_x0_dim": 512,
                    "n_layers": 9,
                    "hidden_dim": 464,
                    "l2_reg": 0.6601604486110839,
                    "l2_ghat": 1.3258189124121107e-05,
                    "boost_lr": 0.8,
                    "SWIM_scale": 0.2562342087829295
                }
            ]
        }
    }
}