{
    "44983": {
        "GradientRFRBoostID_relu": {
            "score_train": [
                0.19638799130916595,
                0.19209522008895874,
                0.2149079442024231,
                0.20514804124832153,
                0.1948903501033783
            ],
            "score_test": [
                0.2323146015405655,
                0.28398647904396057,
                0.2560731768608093,
                0.23735912144184113,
                0.23883658647537231
            ],
            "t_fit": [
                0.6729298792779446,
                2.5406979471445084,
                0.9328983947634697,
                0.8458469361066818,
                3.0808538012206554
            ],
            "t_inference": [
                0.072475116699934,
                0.28228799998760223,
                0.09985692799091339,
                0.08609165623784065,
                0.3116859830915928
            ],
            "hyperparams": [
                {
                    "in_dim": 15,
                    "out_dim": 1,
                    "feature_type": "SWIM",
                    "upscale_type": "identity",
                    "randfeat_xt_dim": 512,
                    "randfeat_x0_dim": 512,
                    "activation": "relu",
                    "n_layers": 3,
                    "hidden_dim": 25,
                    "l2_reg": 0.0651684159516325,
                    "l2_ghat": 0.00012019867725347764,
                    "boost_lr": 0.6,
                    "SWIM_scale": 0.24967060568371957,
                    "iid_scale": 3.336321078464668
                },
                {
                    "in_dim": 15,
                    "out_dim": 1,
                    "feature_type": "SWIM",
                    "upscale_type": "identity",
                    "randfeat_xt_dim": 512,
                    "randfeat_x0_dim": 512,
                    "activation": "relu",
                    "n_layers": 11,
                    "hidden_dim": 250,
                    "l2_reg": 0.07352908097412506,
                    "l2_ghat": 0.027926519212326036,
                    "boost_lr": 0.8,
                    "SWIM_scale": 0.9852441715968161,
                    "iid_scale": 0.5352923821647438
                },
                {
                    "in_dim": 15,
                    "out_dim": 1,
                    "feature_type": "SWIM",
                    "upscale_type": "identity",
                    "randfeat_xt_dim": 512,
                    "randfeat_x0_dim": 512,
                    "activation": "relu",
                    "n_layers": 4,
                    "hidden_dim": 40,
                    "l2_reg": 0.00012986095527755287,
                    "l2_ghat": 0.0029422892130238523,
                    "boost_lr": 1.0,
                    "SWIM_scale": 0.39013347347909666,
                    "iid_scale": 0.2863352761157776
                },
                {
                    "in_dim": 15,
                    "out_dim": 1,
                    "feature_type": "SWIM",
                    "upscale_type": "identity",
                    "randfeat_xt_dim": 512,
                    "randfeat_x0_dim": 512,
                    "activation": "relu",
                    "n_layers": 3,
                    "hidden_dim": 25,
                    "l2_reg": 0.013831703682413503,
                    "l2_ghat": 0.006934992616980787,
                    "boost_lr": 0.5,
                    "SWIM_scale": 1.6265807512766606,
                    "iid_scale": 3.614441795388751
                },
                {
                    "in_dim": 15,
                    "out_dim": 1,
                    "feature_type": "SWIM",
                    "upscale_type": "identity",
                    "randfeat_xt_dim": 512,
                    "randfeat_x0_dim": 512,
                    "activation": "relu",
                    "n_layers": 12,
                    "hidden_dim": 371,
                    "l2_reg": 0.09891718018073441,
                    "l2_ghat": 0.05204533498973476,
                    "boost_lr": 0.8,
                    "SWIM_scale": 1.4811616320374263,
                    "iid_scale": 1.0356113450370237
                }
            ]
        }
    }
}