{
    "44994": {
        "GradientRFRBoost_relu": {
            "score_train": [
                0.19728010892868042,
                0.16649584472179413,
                0.18445703387260437,
                0.17767678201198578,
                0.19404888153076172
            ],
            "score_test": [
                0.23578111827373505,
                0.23376958072185516,
                0.2273811548948288,
                0.23902367055416107,
                0.20870080590248108
            ],
            "t_fit": [
                0.2400973793119192,
                1.0175657477229834,
                0.48585908487439156,
                0.799136059358716,
                0.8550313878804445
            ],
            "t_inference": [
                0.04046810418367386,
                0.17275222204625607,
                0.08454854786396027,
                0.11497051268815994,
                0.052006011828780174
            ],
            "hyperparams": [
                {
                    "in_dim": 17,
                    "out_dim": 1,
                    "feature_type": "SWIM",
                    "upscale_type": "iid",
                    "randfeat_xt_dim": 512,
                    "randfeat_x0_dim": 512,
                    "activation": "relu",
                    "n_layers": 2,
                    "hidden_dim": 431,
                    "l2_reg": 0.4570563099801455,
                    "l2_ghat": 0.006155564318973018,
                    "boost_lr": 0.5,
                    "SWIM_scale": -0.5320164389913921,
                    "iid_scale": 0.13066739238053282
                },
                {
                    "in_dim": 17,
                    "out_dim": 1,
                    "feature_type": "SWIM",
                    "upscale_type": "iid",
                    "randfeat_xt_dim": 512,
                    "randfeat_x0_dim": 512,
                    "activation": "relu",
                    "n_layers": 8,
                    "hidden_dim": 471,
                    "l2_reg": 0.04463416727774263,
                    "l2_ghat": 0.06554367587807822,
                    "boost_lr": 0.9,
                    "SWIM_scale": 0.9005583652422571,
                    "iid_scale": 2.1992723144174935
                },
                {
                    "in_dim": 17,
                    "out_dim": 1,
                    "feature_type": "SWIM",
                    "upscale_type": "iid",
                    "randfeat_xt_dim": 512,
                    "randfeat_x0_dim": 512,
                    "activation": "relu",
                    "n_layers": 4,
                    "hidden_dim": 455,
                    "l2_reg": 0.1557198746196014,
                    "l2_ghat": 0.6843639589736518,
                    "boost_lr": 1.0,
                    "SWIM_scale": 1.6264185211275302,
                    "iid_scale": 0.1977567706109285
                },
                {
                    "in_dim": 17,
                    "out_dim": 1,
                    "feature_type": "SWIM",
                    "upscale_type": "iid",
                    "randfeat_xt_dim": 512,
                    "randfeat_x0_dim": 512,
                    "activation": "relu",
                    "n_layers": 6,
                    "hidden_dim": 407,
                    "l2_reg": 0.024701896430984752,
                    "l2_ghat": 0.9013057603295603,
                    "boost_lr": 0.5,
                    "SWIM_scale": 0.1133608865006511,
                    "iid_scale": 8.982228746481555
                },
                {
                    "in_dim": 17,
                    "out_dim": 1,
                    "feature_type": "SWIM",
                    "upscale_type": "iid",
                    "randfeat_xt_dim": 512,
                    "randfeat_x0_dim": 512,
                    "activation": "relu",
                    "n_layers": 13,
                    "hidden_dim": 53,
                    "l2_reg": 0.05936652547111734,
                    "l2_ghat": 0.8495147930356666,
                    "boost_lr": 0.8,
                    "SWIM_scale": 1.1602327832066883,
                    "iid_scale": 9.632884190709401
                }
            ]
        }
    }
}