{
    "44979": {
        "End2End": {
            "score_train": [
                0.10466218739748001,
                0.10284338891506195,
                0.10795915871858597,
                0.09880482405424118,
                0.11068469285964966
            ],
            "score_test": [
                0.18220676481723785,
                0.14241158962249756,
                0.14311851561069489,
                0.13608931005001068,
                0.13520421087741852
            ],
            "t_fit": [
                48.38932465389371,
                32.883100006729364,
                13.842545051127672,
                10.943730920553207,
                22.40218473225832
            ],
            "t_inference": [
                0.32083605229854584,
                0.21778559684753418,
                0.10055119916796684,
                0.08881956338882446,
                0.16833839938044548
            ],
            "hyperparams": [
                {
                    "in_dim": 26,
                    "out_dim": 1,
                    "loss": "mse",
                    "bottleneck_dim": 512,
                    "n_blocks": 6,
                    "hidden_dim": 297,
                    "lr": 0.00730858884598435,
                    "end_lr_factor": 0.03563351423101703,
                    "n_epochs": 47,
                    "weight_decay": 6.484101900058746e-05,
                    "batch_size": 128
                },
                {
                    "in_dim": 26,
                    "out_dim": 1,
                    "loss": "mse",
                    "bottleneck_dim": 512,
                    "n_blocks": 7,
                    "hidden_dim": 151,
                    "lr": 0.004634990329204502,
                    "end_lr_factor": 0.016632759616538043,
                    "n_epochs": 44,
                    "weight_decay": 0.0008994439669550793,
                    "batch_size": 128
                },
                {
                    "in_dim": 26,
                    "out_dim": 1,
                    "loss": "mse",
                    "bottleneck_dim": 512,
                    "n_blocks": 7,
                    "hidden_dim": 21,
                    "lr": 0.009778501656956507,
                    "end_lr_factor": 0.022276461154664536,
                    "n_epochs": 44,
                    "weight_decay": 1.832679151038697e-06,
                    "batch_size": 128
                },
                {
                    "in_dim": 26,
                    "out_dim": 1,
                    "loss": "mse",
                    "bottleneck_dim": 512,
                    "n_blocks": 5,
                    "hidden_dim": 56,
                    "lr": 0.009940197277046049,
                    "end_lr_factor": 0.012565109295232144,
                    "n_epochs": 37,
                    "weight_decay": 1.4487406970028654e-05,
                    "batch_size": 128
                },
                {
                    "in_dim": 26,
                    "out_dim": 1,
                    "loss": "mse",
                    "bottleneck_dim": 512,
                    "n_blocks": 11,
                    "hidden_dim": 19,
                    "lr": 0.007499087019574852,
                    "end_lr_factor": 0.028279900759130363,
                    "n_epochs": 47,
                    "weight_decay": 0.0001892579539957008,
                    "batch_size": 128
                }
            ]
        }
    }
}