{
    "44993": {
        "GreedyRFRBoostScalar": {
            "score_train": [
                0.8003096580505371,
                0.7712563872337341,
                0.7805428504943848,
                0.7450879216194153,
                0.7782606482505798
            ],
            "score_test": [
                0.7720130681991577,
                0.7949725985527039,
                0.7853377461433411,
                0.8198547959327698,
                0.7878621816635132
            ],
            "t_fit": [
                1.1347588561475277,
                2.0190203450620174,
                2.4324620217084885,
                1.926380556076765,
                0.563601553440094
            ],
            "t_inference": [
                0.49496443569660187,
                0.9021470807492733,
                1.6639517955482006,
                0.940726988017559,
                0.26465464383363724
            ],
            "hyperparams": [
                {
                    "in_dim": 25,
                    "out_dim": 1,
                    "feature_type": "SWIM",
                    "upscale_type": "iid",
                    "randfeat_xt_dim": 512,
                    "randfeat_x0_dim": 512,
                    "sandwich_solver": "scalar",
                    "activation": "tanh",
                    "n_layers": 10,
                    "hidden_dim": 287,
                    "l2_reg": 0.004171883883116358,
                    "l2_ghat": 6.0407306652784075e-09,
                    "boost_lr": 0.9,
                    "SWIM_scale": -0.8845848193910467,
                    "iid_scale": 0.19095399076087247
                },
                {
                    "in_dim": 25,
                    "out_dim": 1,
                    "feature_type": "SWIM",
                    "upscale_type": "iid",
                    "randfeat_xt_dim": 512,
                    "randfeat_x0_dim": 512,
                    "sandwich_solver": "scalar",
                    "activation": "tanh",
                    "n_layers": 11,
                    "hidden_dim": 448,
                    "l2_reg": 0.005023752823579599,
                    "l2_ghat": 1.9683112105621544e-09,
                    "boost_lr": 0.8,
                    "SWIM_scale": -0.5300925937434848,
                    "iid_scale": 0.4515043263353095
                },
                {
                    "in_dim": 25,
                    "out_dim": 1,
                    "feature_type": "SWIM",
                    "upscale_type": "iid",
                    "randfeat_xt_dim": 512,
                    "randfeat_x0_dim": 512,
                    "sandwich_solver": "scalar",
                    "activation": "tanh",
                    "n_layers": 13,
                    "hidden_dim": 512,
                    "l2_reg": 0.06427059816954121,
                    "l2_ghat": 1.9134463730443034e-06,
                    "boost_lr": 0.6,
                    "SWIM_scale": 1.008009617271581,
                    "iid_scale": 0.10060695307665687
                },
                {
                    "in_dim": 25,
                    "out_dim": 1,
                    "feature_type": "SWIM",
                    "upscale_type": "iid",
                    "randfeat_xt_dim": 512,
                    "randfeat_x0_dim": 512,
                    "sandwich_solver": "scalar",
                    "activation": "tanh",
                    "n_layers": 12,
                    "hidden_dim": 443,
                    "l2_reg": 0.01595145491856176,
                    "l2_ghat": 7.133978190304165e-06,
                    "boost_lr": 0.9,
                    "SWIM_scale": 0.14292723255628378,
                    "iid_scale": 1.0666257726481236
                },
                {
                    "in_dim": 25,
                    "out_dim": 1,
                    "feature_type": "SWIM",
                    "upscale_type": "iid",
                    "randfeat_xt_dim": 512,
                    "randfeat_x0_dim": 512,
                    "sandwich_solver": "scalar",
                    "activation": "tanh",
                    "n_layers": 5,
                    "hidden_dim": 296,
                    "l2_reg": 0.01826549997036656,
                    "l2_ghat": 1.1693831458785062e-05,
                    "boost_lr": 0.9,
                    "SWIM_scale": -0.9906346357991641,
                    "iid_scale": 0.5597001347736211
                }
            ]
        }
    }
}