{
    "44978": {
        "GreedyRFRBoostDiag": {
            "score_train": [
                0.13234180212020874,
                0.14361786842346191,
                0.13096125423908234,
                0.14275018870830536,
                0.145726278424263
            ],
            "score_test": [
                0.1534174680709839,
                0.15368641912937164,
                0.19444598257541656,
                0.17507635056972504,
                0.14745301008224487
            ],
            "t_fit": [
                2.1305680200457573,
                1.224545668810606,
                2.1560918539762497,
                0.6469324678182602,
                0.40426165983080864
            ],
            "t_inference": [
                0.7390039451420307,
                0.4210970588028431,
                0.6223191097378731,
                0.20778099447488785,
                0.13495853170752525
            ],
            "hyperparams": [
                {
                    "in_dim": 21,
                    "out_dim": 1,
                    "feature_type": "SWIM",
                    "upscale_type": "SWIM",
                    "randfeat_xt_dim": 512,
                    "randfeat_x0_dim": 512,
                    "sandwich_solver": "diag",
                    "n_layers": 10,
                    "hidden_dim": 496,
                    "l2_reg": 0.000605731191480738,
                    "l2_ghat": 1.4863496947063858e-06,
                    "boost_lr": 0.8
                },
                {
                    "in_dim": 21,
                    "out_dim": 1,
                    "feature_type": "SWIM",
                    "upscale_type": "SWIM",
                    "randfeat_xt_dim": 512,
                    "randfeat_x0_dim": 512,
                    "sandwich_solver": "diag",
                    "n_layers": 10,
                    "hidden_dim": 400,
                    "l2_reg": 0.0023923574526956144,
                    "l2_ghat": 1.474707325577667e-06,
                    "boost_lr": 0.8
                },
                {
                    "in_dim": 21,
                    "out_dim": 1,
                    "feature_type": "SWIM",
                    "upscale_type": "SWIM",
                    "randfeat_xt_dim": 512,
                    "randfeat_x0_dim": 512,
                    "sandwich_solver": "diag",
                    "n_layers": 9,
                    "hidden_dim": 496,
                    "l2_reg": 0.0004072224659039324,
                    "l2_ghat": 3.932787904323662e-06,
                    "boost_lr": 0.8
                },
                {
                    "in_dim": 21,
                    "out_dim": 1,
                    "feature_type": "SWIM",
                    "upscale_type": "SWIM",
                    "randfeat_xt_dim": 512,
                    "randfeat_x0_dim": 512,
                    "sandwich_solver": "diag",
                    "n_layers": 8,
                    "hidden_dim": 304,
                    "l2_reg": 0.001438713962067295,
                    "l2_ghat": 2.483238969495515e-06,
                    "boost_lr": 0.9
                },
                {
                    "in_dim": 21,
                    "out_dim": 1,
                    "feature_type": "SWIM",
                    "upscale_type": "SWIM",
                    "randfeat_xt_dim": 512,
                    "randfeat_x0_dim": 512,
                    "sandwich_solver": "diag",
                    "n_layers": 5,
                    "hidden_dim": 304,
                    "l2_reg": 0.0013563708061696204,
                    "l2_ghat": 1.0173264546444693e-06,
                    "boost_lr": 0.8
                }
            ]
        }
    }
}