{
    "44980": {
        "GreedyRFRBoostScalar_batchnormFalse": {
            "score_train": [
                0.3625505268573761,
                0.36595508456230164,
                0.3749118149280548,
                0.3931034207344055,
                0.37417158484458923
            ],
            "score_test": [
                0.40632718801498413,
                0.41564029455184937,
                0.4240354001522064,
                0.4896104335784912,
                0.4485902190208435
            ],
            "t_fit": [
                1.3259999006986618,
                1.7876723073422909,
                1.8134983405470848,
                1.3799570240080357,
                1.7745196484029293
            ],
            "t_inference": [
                0.6077444516122341,
                0.7196657732129097,
                0.8347091339528561,
                0.6080972850322723,
                0.7731174007058144
            ],
            "hyperparams": [
                {
                    "in_dim": 8,
                    "out_dim": 1,
                    "feature_type": "SWIM",
                    "upscale_type": "SWIM",
                    "randfeat_xt_dim": 512,
                    "randfeat_x0_dim": 512,
                    "sandwich_solver": "scalar",
                    "activation": "tanh",
                    "use_batchnorm": false,
                    "n_layers": 7,
                    "l2_reg": 1.1669811374579089e-05,
                    "l2_ghat": 6.174831039803759e-06,
                    "boost_lr": 0.6261033330332438,
                    "hidden_dim": 507,
                    "SWIM_scale": 1.8891812030125843
                },
                {
                    "in_dim": 8,
                    "out_dim": 1,
                    "feature_type": "SWIM",
                    "upscale_type": "SWIM",
                    "randfeat_xt_dim": 512,
                    "randfeat_x0_dim": 512,
                    "sandwich_solver": "scalar",
                    "activation": "tanh",
                    "use_batchnorm": false,
                    "n_layers": 8,
                    "l2_reg": 4.636895734518742e-06,
                    "l2_ghat": 3.988681094545978e-06,
                    "boost_lr": 0.9391033242609098,
                    "hidden_dim": 509,
                    "SWIM_scale": 1.3547516080263153
                },
                {
                    "in_dim": 8,
                    "out_dim": 1,
                    "feature_type": "SWIM",
                    "upscale_type": "SWIM",
                    "randfeat_xt_dim": 512,
                    "randfeat_x0_dim": 512,
                    "sandwich_solver": "scalar",
                    "activation": "tanh",
                    "use_batchnorm": false,
                    "n_layers": 10,
                    "l2_reg": 4.588037059149868e-06,
                    "l2_ghat": 4.186648733524906e-06,
                    "boost_lr": 0.9385283709464808,
                    "hidden_dim": 511,
                    "SWIM_scale": 1.6438377056486833
                },
                {
                    "in_dim": 8,
                    "out_dim": 1,
                    "feature_type": "SWIM",
                    "upscale_type": "SWIM",
                    "randfeat_xt_dim": 512,
                    "randfeat_x0_dim": 512,
                    "sandwich_solver": "scalar",
                    "activation": "tanh",
                    "use_batchnorm": false,
                    "n_layers": 10,
                    "l2_reg": 0.00013336820597886057,
                    "l2_ghat": 6.313907615678067e-06,
                    "boost_lr": 0.8094822498970309,
                    "hidden_dim": 496,
                    "SWIM_scale": 1.879302747643509
                },
                {
                    "in_dim": 8,
                    "out_dim": 1,
                    "feature_type": "SWIM",
                    "upscale_type": "SWIM",
                    "randfeat_xt_dim": 512,
                    "randfeat_x0_dim": 512,
                    "sandwich_solver": "scalar",
                    "activation": "tanh",
                    "use_batchnorm": false,
                    "n_layers": 10,
                    "l2_reg": 4.588037059149868e-06,
                    "l2_ghat": 4.186648733524906e-06,
                    "boost_lr": 0.9385283709464808,
                    "hidden_dim": 511,
                    "SWIM_scale": 1.6438377056486833
                }
            ]
        }
    }
}