{
    "44980": {
        "GreedyRFRBoostScalar_batchnormFalse": {
            "score_train": [
                0.36125022172927856,
                0.35477107763290405,
                0.394891619682312,
                0.40830251574516296,
                0.35782185196876526
            ],
            "score_test": [
                0.40022432804107666,
                0.415056973695755,
                0.43299397826194763,
                0.4918018579483032,
                0.41055652499198914
            ],
            "t_fit": [
                1.2384013421833515,
                1.6801925003528595,
                1.893116045743227,
                1.4359045960009098,
                1.0006338246166706
            ],
            "t_inference": [
                0.5012422241270542,
                0.7852136120200157,
                0.7964660450816154,
                0.6245443299412727,
                0.4702283591032028
            ],
            "hyperparams": [
                {
                    "in_dim": 8,
                    "out_dim": 1,
                    "feature_type": "SWIM",
                    "upscale_type": "SWIM",
                    "randfeat_xt_dim": 512,
                    "randfeat_x0_dim": 512,
                    "sandwich_solver": "scalar",
                    "activation": "tanh",
                    "use_batchnorm": false,
                    "n_layers": 7,
                    "l2_reg": 0.000176861474752631,
                    "l2_ghat": 1.0114328984095321e-07,
                    "boost_lr": 0.8834413504735825,
                    "hidden_dim": 507,
                    "SWIM_scale": 1.669649506540378
                },
                {
                    "in_dim": 8,
                    "out_dim": 1,
                    "feature_type": "SWIM",
                    "upscale_type": "SWIM",
                    "randfeat_xt_dim": 512,
                    "randfeat_x0_dim": 512,
                    "sandwich_solver": "scalar",
                    "activation": "tanh",
                    "use_batchnorm": false,
                    "n_layers": 10,
                    "l2_reg": 0.00011454335435583454,
                    "l2_ghat": 1.8821648278852994e-07,
                    "boost_lr": 0.9941307995400901,
                    "hidden_dim": 505,
                    "SWIM_scale": 1.6075071497552846
                },
                {
                    "in_dim": 8,
                    "out_dim": 1,
                    "feature_type": "SWIM",
                    "upscale_type": "SWIM",
                    "randfeat_xt_dim": 512,
                    "randfeat_x0_dim": 512,
                    "sandwich_solver": "scalar",
                    "activation": "tanh",
                    "use_batchnorm": false,
                    "n_layers": 9,
                    "l2_reg": 0.00010714845538373133,
                    "l2_ghat": 1.1491548505141186e-07,
                    "boost_lr": 0.9018718447611282,
                    "hidden_dim": 484,
                    "SWIM_scale": 1.619160222301931
                },
                {
                    "in_dim": 8,
                    "out_dim": 1,
                    "feature_type": "SWIM",
                    "upscale_type": "SWIM",
                    "randfeat_xt_dim": 512,
                    "randfeat_x0_dim": 512,
                    "sandwich_solver": "scalar",
                    "activation": "tanh",
                    "use_batchnorm": false,
                    "n_layers": 9,
                    "l2_reg": 0.00010714845538373133,
                    "l2_ghat": 1.1491548505141186e-07,
                    "boost_lr": 0.9018718447611282,
                    "hidden_dim": 484,
                    "SWIM_scale": 1.619160222301931
                },
                {
                    "in_dim": 8,
                    "out_dim": 1,
                    "feature_type": "SWIM",
                    "upscale_type": "SWIM",
                    "randfeat_xt_dim": 512,
                    "randfeat_x0_dim": 512,
                    "sandwich_solver": "scalar",
                    "activation": "tanh",
                    "use_batchnorm": false,
                    "n_layers": 6,
                    "l2_reg": 0.00010097463550943002,
                    "l2_ghat": 1.312759983797646e-06,
                    "boost_lr": 0.8329885426042106,
                    "hidden_dim": 506,
                    "SWIM_scale": 1.3981142848207484
                }
            ]
        }
    }
}