{
    "44978": {
        "GreedyRFRBoostScalar_batchnormFalse": {
            "score_train": [
                0.13028758764266968,
                0.1379261165857315,
                0.13204430043697357,
                0.13364669680595398,
                0.13338305056095123
            ],
            "score_test": [
                0.1550832837820053,
                0.14199063181877136,
                0.15736305713653564,
                0.14844831824302673,
                0.13667289912700653
            ],
            "t_fit": [
                0.46354982256889343,
                0.9109479412436485,
                1.442091979086399,
                0.4148712269961834,
                0.6253270506858826
            ],
            "t_inference": [
                0.19914546236395836,
                0.3619782254099846,
                0.6356354057788849,
                0.197063360363245,
                0.24313268810510635
            ],
            "hyperparams": [
                {
                    "in_dim": 21,
                    "out_dim": 1,
                    "feature_type": "SWIM",
                    "upscale_type": "SWIM",
                    "randfeat_xt_dim": 512,
                    "randfeat_x0_dim": 512,
                    "sandwich_solver": "scalar",
                    "activation": "tanh",
                    "use_batchnorm": false,
                    "n_layers": 2,
                    "l2_reg": 0.0002195203178951123,
                    "l2_ghat": 0.5530253815346935,
                    "boost_lr": 0.8900440114950791,
                    "hidden_dim": 474,
                    "SWIM_scale": 1.570617744146649
                },
                {
                    "in_dim": 21,
                    "out_dim": 1,
                    "feature_type": "SWIM",
                    "upscale_type": "SWIM",
                    "randfeat_xt_dim": 512,
                    "randfeat_x0_dim": 512,
                    "sandwich_solver": "scalar",
                    "activation": "tanh",
                    "use_batchnorm": false,
                    "n_layers": 7,
                    "l2_reg": 0.00015104199886732748,
                    "l2_ghat": 0.00018042303531023299,
                    "boost_lr": 0.931140184106965,
                    "hidden_dim": 362,
                    "SWIM_scale": 1.473017355859114
                },
                {
                    "in_dim": 21,
                    "out_dim": 1,
                    "feature_type": "SWIM",
                    "upscale_type": "SWIM",
                    "randfeat_xt_dim": 512,
                    "randfeat_x0_dim": 512,
                    "sandwich_solver": "scalar",
                    "activation": "tanh",
                    "use_batchnorm": false,
                    "n_layers": 10,
                    "l2_reg": 0.0004900778551884408,
                    "l2_ghat": 7.880592567070319e-05,
                    "boost_lr": 0.775943955960131,
                    "hidden_dim": 389,
                    "SWIM_scale": 1.717531007728199
                },
                {
                    "in_dim": 21,
                    "out_dim": 1,
                    "feature_type": "SWIM",
                    "upscale_type": "SWIM",
                    "randfeat_xt_dim": 512,
                    "randfeat_x0_dim": 512,
                    "sandwich_solver": "scalar",
                    "activation": "tanh",
                    "use_batchnorm": false,
                    "n_layers": 2,
                    "l2_reg": 0.00041674233942492594,
                    "l2_ghat": 0.0010804270304473316,
                    "boost_lr": 0.7729130646773581,
                    "hidden_dim": 455,
                    "SWIM_scale": 1.6347794203340291
                },
                {
                    "in_dim": 21,
                    "out_dim": 1,
                    "feature_type": "SWIM",
                    "upscale_type": "SWIM",
                    "randfeat_xt_dim": 512,
                    "randfeat_x0_dim": 512,
                    "sandwich_solver": "scalar",
                    "activation": "tanh",
                    "use_batchnorm": false,
                    "n_layers": 5,
                    "l2_reg": 0.00014727046314622655,
                    "l2_ghat": 0.6748237997389487,
                    "boost_lr": 0.9163290563103288,
                    "hidden_dim": 396,
                    "SWIM_scale": 1.4359336367496658
                }
            ]
        }
    }
}