{
    "44987": {
        "GradientRFRBoost_ID_batchnormFalse": {
            "score_train": [
                0.04372388869524002,
                0.07159192115068436,
                0.06918153166770935,
                0.09493233263492584,
                0.07869916409254074
            ],
            "score_test": [
                0.23520752787590027,
                0.16863487660884857,
                0.18254151940345764,
                0.1448228508234024,
                0.1680920422077179
            ],
            "t_fit": [
                2.052375875413418,
                2.674005389213562,
                2.78717727586627,
                2.4138736538589,
                2.187366645783186
            ],
            "t_inference": [
                0.2632237561047077,
                0.3284672014415264,
                0.3352769836783409,
                0.30529457330703735,
                0.2862139940261841
            ],
            "hyperparams": [
                {
                    "in_dim": 39,
                    "out_dim": 1,
                    "feature_type": "SWIM",
                    "upscale_type": "identity",
                    "randfeat_xt_dim": 512,
                    "randfeat_x0_dim": 512,
                    "activation": "tanh",
                    "use_batchnorm": false,
                    "n_layers": 7,
                    "l2_reg": 6.544966481183501e-05,
                    "l2_ghat": 0.001860273106917337,
                    "boost_lr": 0.9402947000710239,
                    "hidden_dim": 39,
                    "SWIM_scale": 1.429664045606083
                },
                {
                    "in_dim": 39,
                    "out_dim": 1,
                    "feature_type": "SWIM",
                    "upscale_type": "identity",
                    "randfeat_xt_dim": 512,
                    "randfeat_x0_dim": 512,
                    "activation": "tanh",
                    "use_batchnorm": false,
                    "n_layers": 9,
                    "l2_reg": 0.0019248006730068852,
                    "l2_ghat": 0.004489768288978873,
                    "boost_lr": 0.6092710993640549,
                    "hidden_dim": 39,
                    "SWIM_scale": 1.3867365490344925
                },
                {
                    "in_dim": 39,
                    "out_dim": 1,
                    "feature_type": "SWIM",
                    "upscale_type": "identity",
                    "randfeat_xt_dim": 512,
                    "randfeat_x0_dim": 512,
                    "activation": "tanh",
                    "use_batchnorm": false,
                    "n_layers": 9,
                    "l2_reg": 3.6568528114405137,
                    "l2_ghat": 0.0030736241341340308,
                    "boost_lr": 0.9331047263863389,
                    "hidden_dim": 39,
                    "SWIM_scale": 1.2066874659465663
                },
                {
                    "in_dim": 39,
                    "out_dim": 1,
                    "feature_type": "SWIM",
                    "upscale_type": "identity",
                    "randfeat_xt_dim": 512,
                    "randfeat_x0_dim": 512,
                    "activation": "tanh",
                    "use_batchnorm": false,
                    "n_layers": 8,
                    "l2_reg": 3.2903954689873296,
                    "l2_ghat": 0.01266483215510364,
                    "boost_lr": 0.8624568133210555,
                    "hidden_dim": 39,
                    "SWIM_scale": 1.4698829414221901
                },
                {
                    "in_dim": 39,
                    "out_dim": 1,
                    "feature_type": "SWIM",
                    "upscale_type": "identity",
                    "randfeat_xt_dim": 512,
                    "randfeat_x0_dim": 512,
                    "activation": "tanh",
                    "use_batchnorm": false,
                    "n_layers": 9,
                    "l2_reg": 5.5829682215921625,
                    "l2_ghat": 0.004713964851241596,
                    "boost_lr": 0.7226306756735326,
                    "hidden_dim": 39,
                    "SWIM_scale": 1.4578374411154302
                }
            ]
        }
    }
}