{
    "44989": {
        "GreedyRFRBoostScalar": {
            "score_train": [
                0.2741662859916687,
                0.26891234517097473,
                0.26751708984375,
                0.2755950689315796,
                0.27592718601226807
            ],
            "score_test": [
                0.2901186943054199,
                0.29516956210136414,
                0.3061463236808777,
                0.28875869512557983,
                0.3028862774372101
            ],
            "t_fit": [
                1.838022192940116,
                1.094154546968639,
                0.56025151303038,
                1.070315114222467,
                0.40999948186799884
            ],
            "t_inference": [
                0.809604634065181,
                0.4674995180685073,
                0.24463720805943012,
                0.47354711778461933,
                0.17338751209899783
            ],
            "hyperparams": [
                {
                    "in_dim": 132,
                    "out_dim": 1,
                    "feature_type": "SWIM",
                    "upscale_type": "SWIM",
                    "randfeat_xt_dim": 512,
                    "randfeat_x0_dim": 512,
                    "sandwich_solver": "scalar",
                    "n_layers": 14,
                    "hidden_dim": 496,
                    "l2_reg": 0.00388001318183235,
                    "l2_ghat": 1.3960017506368829e-06,
                    "boost_lr": 0.7,
                    "SWIM_scale": 1.1835625626401505
                },
                {
                    "in_dim": 132,
                    "out_dim": 1,
                    "feature_type": "SWIM",
                    "upscale_type": "SWIM",
                    "randfeat_xt_dim": 512,
                    "randfeat_x0_dim": 512,
                    "sandwich_solver": "scalar",
                    "n_layers": 8,
                    "hidden_dim": 496,
                    "l2_reg": 0.0011621570997201623,
                    "l2_ghat": 1.605461009501338e-05,
                    "boost_lr": 0.6,
                    "SWIM_scale": 0.8242732635151854
                },
                {
                    "in_dim": 132,
                    "out_dim": 1,
                    "feature_type": "SWIM",
                    "upscale_type": "SWIM",
                    "randfeat_xt_dim": 512,
                    "randfeat_x0_dim": 512,
                    "sandwich_solver": "scalar",
                    "n_layers": 4,
                    "hidden_dim": 496,
                    "l2_reg": 0.0033380458421731463,
                    "l2_ghat": 0.0002520334738911312,
                    "boost_lr": 0.7,
                    "SWIM_scale": 1.2387302856735585
                },
                {
                    "in_dim": 132,
                    "out_dim": 1,
                    "feature_type": "SWIM",
                    "upscale_type": "SWIM",
                    "randfeat_xt_dim": 512,
                    "randfeat_x0_dim": 512,
                    "sandwich_solver": "scalar",
                    "n_layers": 8,
                    "hidden_dim": 496,
                    "l2_reg": 0.0018686563202709617,
                    "l2_ghat": 1.3392786992099156e-05,
                    "boost_lr": 0.5,
                    "SWIM_scale": 0.8465968200794678
                },
                {
                    "in_dim": 132,
                    "out_dim": 1,
                    "feature_type": "SWIM",
                    "upscale_type": "SWIM",
                    "randfeat_xt_dim": 512,
                    "randfeat_x0_dim": 512,
                    "sandwich_solver": "scalar",
                    "n_layers": 4,
                    "hidden_dim": 400,
                    "l2_reg": 0.001375618619558127,
                    "l2_ghat": 3.3996386593641507e-06,
                    "boost_lr": 0.5,
                    "SWIM_scale": 0.7823611112874406
                }
            ]
        }
    }
}