{
    "44973": {
        "GreedyRFRBoostScalar": {
            "score_train": [
                0.2822811007499695,
                0.2826671600341797,
                0.30633723735809326,
                0.28359976410865784,
                0.2940540313720703
            ],
            "score_test": [
                0.3264743387699127,
                0.308351993560791,
                0.32741376757621765,
                0.3185611963272095,
                0.3250536024570465
            ],
            "t_fit": [
                2.106885738670826,
                2.372947048395872,
                0.27930667251348495,
                0.758679959923029,
                0.21364864706993103
            ],
            "t_inference": [
                0.8788800872862339,
                0.8492221273481846,
                0.11851651594042778,
                0.283133901655674,
                0.08635800331830978
            ],
            "hyperparams": [
                {
                    "in_dim": 12,
                    "out_dim": 1,
                    "feature_type": "SWIM",
                    "upscale_type": "SWIM",
                    "randfeat_xt_dim": 512,
                    "randfeat_x0_dim": 512,
                    "sandwich_solver": "scalar",
                    "n_layers": 7,
                    "hidden_dim": 496,
                    "l2_reg": 0.0013113559275429796,
                    "l2_ghat": 0.0031625312700222477,
                    "boost_lr": 0.9,
                    "SWIM_scale": 1.0302235728481413
                },
                {
                    "in_dim": 12,
                    "out_dim": 1,
                    "feature_type": "SWIM",
                    "upscale_type": "SWIM",
                    "randfeat_xt_dim": 512,
                    "randfeat_x0_dim": 512,
                    "sandwich_solver": "scalar",
                    "n_layers": 10,
                    "hidden_dim": 496,
                    "l2_reg": 0.001044803148768713,
                    "l2_ghat": 0.0047538364648372885,
                    "boost_lr": 0.8,
                    "SWIM_scale": 1.158993238536114
                },
                {
                    "in_dim": 12,
                    "out_dim": 1,
                    "feature_type": "SWIM",
                    "upscale_type": "SWIM",
                    "randfeat_xt_dim": 512,
                    "randfeat_x0_dim": 512,
                    "sandwich_solver": "scalar",
                    "n_layers": 1,
                    "hidden_dim": 496,
                    "l2_reg": 0.0011621570997201623,
                    "l2_ghat": 1.605461009501338e-05,
                    "boost_lr": 0.6,
                    "SWIM_scale": 0.8242732635151854
                },
                {
                    "in_dim": 12,
                    "out_dim": 1,
                    "feature_type": "SWIM",
                    "upscale_type": "SWIM",
                    "randfeat_xt_dim": 512,
                    "randfeat_x0_dim": 512,
                    "sandwich_solver": "scalar",
                    "n_layers": 3,
                    "hidden_dim": 496,
                    "l2_reg": 0.0011830051449933925,
                    "l2_ghat": 0.14579862121178644,
                    "boost_lr": 0.6,
                    "SWIM_scale": 1.158569915971939
                },
                {
                    "in_dim": 12,
                    "out_dim": 1,
                    "feature_type": "SWIM",
                    "upscale_type": "SWIM",
                    "randfeat_xt_dim": 512,
                    "randfeat_x0_dim": 512,
                    "sandwich_solver": "scalar",
                    "n_layers": 1,
                    "hidden_dim": 496,
                    "l2_reg": 0.0011621570997201623,
                    "l2_ghat": 1.605461009501338e-05,
                    "boost_lr": 0.6,
                    "SWIM_scale": 0.8242732635151854
                }
            ]
        }
    }
}