{
    "44994": {
        "End2End": {
            "score_train": [
                0.19580885767936707,
                0.1748589128255844,
                0.1790655106306076,
                0.17144565284252167,
                0.18622629344463348
            ],
            "score_test": [
                0.23386821150779724,
                0.22163286805152893,
                0.23134277760982513,
                0.2514467239379883,
                0.2149277627468109
            ],
            "t_fit": [
                0.40466512739658356,
                0.3109903112053871,
                0.3029392436146736,
                0.7701030671596527,
                0.384208619594574
            ],
            "t_inference": [
                0.001687377691268921,
                0.0023697465658187866,
                0.0018352940678596497,
                0.005095787346363068,
                0.0020604878664016724
            ],
            "hyperparams": [
                {
                    "in_dim": 17,
                    "out_dim": 1,
                    "loss": "mse",
                    "n_blocks": 1,
                    "hidden_dim": 400,
                    "bottleneck_dim": 16,
                    "lr": 0.004591605713646569,
                    "end_lr_factor": 0.05768420654655521,
                    "n_epochs": 27,
                    "weight_decay": 4.466555404337256e-05,
                    "batch_size": 256
                },
                {
                    "in_dim": 17,
                    "out_dim": 1,
                    "loss": "mse",
                    "n_blocks": 1,
                    "hidden_dim": 432,
                    "bottleneck_dim": 16,
                    "lr": 0.004622757905413066,
                    "end_lr_factor": 0.2068325510281284,
                    "n_epochs": 25,
                    "weight_decay": 0.0005709838570256067,
                    "batch_size": 128
                },
                {
                    "in_dim": 17,
                    "out_dim": 1,
                    "loss": "mse",
                    "n_blocks": 1,
                    "hidden_dim": 432,
                    "bottleneck_dim": 16,
                    "lr": 0.00220710118151815,
                    "end_lr_factor": 0.02177828162032961,
                    "n_epochs": 24,
                    "weight_decay": 7.058114467659948e-06,
                    "batch_size": 128
                },
                {
                    "in_dim": 17,
                    "out_dim": 1,
                    "loss": "mse",
                    "n_blocks": 3,
                    "hidden_dim": 272,
                    "bottleneck_dim": 80,
                    "lr": 0.0016172900811143157,
                    "end_lr_factor": 0.01409617514981587,
                    "n_epochs": 30,
                    "weight_decay": 0.00020736445177905034,
                    "batch_size": 128
                },
                {
                    "in_dim": 17,
                    "out_dim": 1,
                    "loss": "mse",
                    "n_blocks": 1,
                    "hidden_dim": 368,
                    "bottleneck_dim": 48,
                    "lr": 0.0051237991298215746,
                    "end_lr_factor": 0.7229113208877698,
                    "n_epochs": 28,
                    "weight_decay": 0.000762232559822948,
                    "batch_size": 128
                }
            ]
        }
    }
}