{
    "44981": {
        "GradientRFRBoost": {
            "score_train": [
                0.8813165426254272,
                0.8964284062385559,
                0.9085670113563538,
                0.8981590270996094,
                0.9053632020950317
            ],
            "score_test": [
                0.9253811240196228,
                0.9257071018218994,
                0.8863275051116943,
                0.9265420436859131,
                0.8923109769821167
            ],
            "t_fit": [
                10.59218542650342,
                1.5807460211217403,
                8.820329412817955,
                3.860527701675892,
                13.166063394397497
            ],
            "t_inference": [
                3.003849897533655,
                0.5079886354506016,
                2.81064448133111,
                0.9705299213528633,
                3.368108943104744
            ],
            "hyperparams": [
                {
                    "in_dim": 32,
                    "out_dim": 1,
                    "feature_type": "SWIM",
                    "upscale_type": "iid",
                    "randfeat_xt_dim": 512,
                    "randfeat_x0_dim": 512,
                    "n_layers": 14,
                    "hidden_dim": 512,
                    "l2_reg": 0.10115710758769425,
                    "l2_ghat": 4.402846876848008,
                    "boost_lr": 0.5,
                    "SWIM_scale": -0.75
                },
                {
                    "in_dim": 32,
                    "out_dim": 1,
                    "feature_type": "SWIM",
                    "upscale_type": "iid",
                    "randfeat_xt_dim": 512,
                    "randfeat_x0_dim": 512,
                    "n_layers": 3,
                    "hidden_dim": 512,
                    "l2_reg": 0.4914200099823954,
                    "l2_ghat": 9.946154145555118,
                    "boost_lr": 0.9,
                    "SWIM_scale": -0.75
                },
                {
                    "in_dim": 32,
                    "out_dim": 1,
                    "feature_type": "SWIM",
                    "upscale_type": "iid",
                    "randfeat_xt_dim": 512,
                    "randfeat_x0_dim": 512,
                    "n_layers": 15,
                    "hidden_dim": 512,
                    "l2_reg": 0.92251619210003,
                    "l2_ghat": 2.5452310135837006,
                    "boost_lr": 0.6,
                    "SWIM_scale": -0.75
                },
                {
                    "in_dim": 32,
                    "out_dim": 1,
                    "feature_type": "SWIM",
                    "upscale_type": "iid",
                    "randfeat_xt_dim": 512,
                    "randfeat_x0_dim": 512,
                    "n_layers": 4,
                    "hidden_dim": 512,
                    "l2_reg": 0.7748631787539582,
                    "l2_ghat": 4.1744468191024415,
                    "boost_lr": 0.6,
                    "SWIM_scale": -0.75
                },
                {
                    "in_dim": 32,
                    "out_dim": 1,
                    "feature_type": "SWIM",
                    "upscale_type": "iid",
                    "randfeat_xt_dim": 512,
                    "randfeat_x0_dim": 512,
                    "n_layers": 12,
                    "hidden_dim": 512,
                    "l2_reg": 0.5861558055957016,
                    "l2_ghat": 3.9315334503953814,
                    "boost_lr": 0.5,
                    "SWIM_scale": -0.75
                }
            ]
        }
    }
}