{
    "41021": {
        "GreedyRFRBoostScalar": {
            "score_train": [
                0.217860147356987,
                0.20679262280464172,
                0.2153758853673935,
                0.21856708824634552,
                0.21196915209293365
            ],
            "score_test": [
                0.2201659381389618,
                0.2573451101779938,
                0.24611715972423553,
                0.25127822160720825,
                0.25708067417144775
            ],
            "t_fit": [
                0.2939627692103386,
                0.2243573646992445,
                0.5589847285300493,
                0.5277948081493378,
                0.22989712841808796
            ],
            "t_inference": [
                0.0896471906453371,
                0.07937434315681458,
                0.19885943084955215,
                0.19943593256175518,
                0.08669604547321796
            ],
            "hyperparams": [
                {
                    "in_dim": 72,
                    "out_dim": 1,
                    "feature_type": "SWIM",
                    "upscale_type": "iid",
                    "randfeat_xt_dim": 512,
                    "randfeat_x0_dim": 512,
                    "sandwich_solver": "scalar",
                    "n_layers": 11,
                    "hidden_dim": 336,
                    "l2_reg": 0.03763873254851729,
                    "l2_ghat": 0.004379778050291732,
                    "boost_lr": 0.6,
                    "SWIM_scale": 1.123233502583871
                },
                {
                    "in_dim": 72,
                    "out_dim": 1,
                    "feature_type": "SWIM",
                    "upscale_type": "iid",
                    "randfeat_xt_dim": 512,
                    "randfeat_x0_dim": 512,
                    "sandwich_solver": "scalar",
                    "n_layers": 9,
                    "hidden_dim": 336,
                    "l2_reg": 0.030208194328452467,
                    "l2_ghat": 0.508187488995692,
                    "boost_lr": 0.7,
                    "SWIM_scale": 1.0034524385051684
                },
                {
                    "in_dim": 72,
                    "out_dim": 1,
                    "feature_type": "SWIM",
                    "upscale_type": "iid",
                    "randfeat_xt_dim": 512,
                    "randfeat_x0_dim": 512,
                    "sandwich_solver": "scalar",
                    "n_layers": 14,
                    "hidden_dim": 464,
                    "l2_reg": 0.08649586279091559,
                    "l2_ghat": 0.998650879389983,
                    "boost_lr": 0.5,
                    "SWIM_scale": -0.052210901395980724
                },
                {
                    "in_dim": 72,
                    "out_dim": 1,
                    "feature_type": "SWIM",
                    "upscale_type": "iid",
                    "randfeat_xt_dim": 512,
                    "randfeat_x0_dim": 512,
                    "sandwich_solver": "scalar",
                    "n_layers": 14,
                    "hidden_dim": 464,
                    "l2_reg": 0.07954260223754016,
                    "l2_ghat": 4.489414072968486e-07,
                    "boost_lr": 0.9,
                    "SWIM_scale": -0.2578463716030831
                },
                {
                    "in_dim": 72,
                    "out_dim": 1,
                    "feature_type": "SWIM",
                    "upscale_type": "iid",
                    "randfeat_xt_dim": 512,
                    "randfeat_x0_dim": 512,
                    "sandwich_solver": "scalar",
                    "n_layers": 12,
                    "hidden_dim": 304,
                    "l2_reg": 0.027880483081540765,
                    "l2_ghat": 1.7982263775593434e-06,
                    "boost_lr": 0.8,
                    "SWIM_scale": -0.9936381316890947
                }
            ]
        }
    }
}