{
    "44962": {
        "GradientRFRBoost": {
            "score_train": [
                0.45457783341407776,
                0.44778555631637573,
                0.4296882450580597,
                0.4110558032989502,
                0.4392426311969757
            ],
            "score_test": [
                0.3744024336338043,
                0.4074517488479614,
                0.47953709959983826,
                0.5505963563919067,
                0.4481300711631775
            ],
            "t_fit": [
                0.12028329260647297,
                0.2328564003109932,
                0.24465598724782467,
                0.23468797281384468,
                0.23350710794329643
            ],
            "t_inference": [
                0.018574710935354233,
                0.03708150237798691,
                0.03858155570924282,
                0.03655673936009407,
                0.03784240782260895
            ],
            "hyperparams": [
                {
                    "in_dim": 29,
                    "out_dim": 1,
                    "feature_type": "SWIM",
                    "upscale_type": "iid",
                    "randfeat_xt_dim": 512,
                    "randfeat_x0_dim": 512,
                    "n_layers": 1,
                    "hidden_dim": 512,
                    "l2_reg": 9.62740789283951,
                    "l2_ghat": 4.588065405411636,
                    "boost_lr": 0.9,
                    "SWIM_scale": -0.75
                },
                {
                    "in_dim": 29,
                    "out_dim": 1,
                    "feature_type": "SWIM",
                    "upscale_type": "iid",
                    "randfeat_xt_dim": 512,
                    "randfeat_x0_dim": 512,
                    "n_layers": 2,
                    "hidden_dim": 512,
                    "l2_reg": 9.522700957655783,
                    "l2_ghat": 8.694120952608555,
                    "boost_lr": 0.9,
                    "SWIM_scale": -0.75
                },
                {
                    "in_dim": 29,
                    "out_dim": 1,
                    "feature_type": "SWIM",
                    "upscale_type": "iid",
                    "randfeat_xt_dim": 512,
                    "randfeat_x0_dim": 512,
                    "n_layers": 2,
                    "hidden_dim": 512,
                    "l2_reg": 9.522700957655783,
                    "l2_ghat": 8.694120952608555,
                    "boost_lr": 0.9,
                    "SWIM_scale": -0.75
                },
                {
                    "in_dim": 29,
                    "out_dim": 1,
                    "feature_type": "SWIM",
                    "upscale_type": "iid",
                    "randfeat_xt_dim": 512,
                    "randfeat_x0_dim": 512,
                    "n_layers": 2,
                    "hidden_dim": 512,
                    "l2_reg": 9.522700957655783,
                    "l2_ghat": 8.694120952608555,
                    "boost_lr": 0.9,
                    "SWIM_scale": -0.75
                },
                {
                    "in_dim": 29,
                    "out_dim": 1,
                    "feature_type": "SWIM",
                    "upscale_type": "iid",
                    "randfeat_xt_dim": 512,
                    "randfeat_x0_dim": 512,
                    "n_layers": 2,
                    "hidden_dim": 512,
                    "l2_reg": 9.522700957655783,
                    "l2_ghat": 8.694120952608555,
                    "boost_lr": 0.9,
                    "SWIM_scale": -0.75
                }
            ]
        }
    }
}