{
    "44964": {
        "GreedyRFRBoostDiag": {
            "score_train": [
                0.39887478947639465,
                0.3898637294769287,
                0.3767562806606293,
                0.38906365633010864,
                0.41097983717918396
            ],
            "score_test": [
                0.39574381709098816,
                0.41160768270492554,
                0.4561099708080292,
                0.44731685519218445,
                0.44286680221557617
            ],
            "t_fit": [
                0.8796436861157417,
                0.9347927160561085,
                1.243458617478609,
                0.9656786657869816,
                1.0187732316553593
            ],
            "t_inference": [
                0.3165455758571625,
                0.3401242345571518,
                0.4430408999323845,
                0.3417508751153946,
                0.3665030151605606
            ],
            "hyperparams": [
                {
                    "in_dim": 81,
                    "out_dim": 1,
                    "feature_type": "SWIM",
                    "upscale_type": "SWIM",
                    "randfeat_xt_dim": 512,
                    "randfeat_x0_dim": 512,
                    "sandwich_solver": "diag",
                    "n_layers": 7,
                    "hidden_dim": 464,
                    "l2_reg": 0.0005889241410901305,
                    "l2_ghat": 3.1548374362251487e-06,
                    "boost_lr": 0.7
                },
                {
                    "in_dim": 81,
                    "out_dim": 1,
                    "feature_type": "SWIM",
                    "upscale_type": "SWIM",
                    "randfeat_xt_dim": 512,
                    "randfeat_x0_dim": 512,
                    "sandwich_solver": "diag",
                    "n_layers": 9,
                    "hidden_dim": 432,
                    "l2_reg": 0.00040016129818310495,
                    "l2_ghat": 2.7214440737895135e-06,
                    "boost_lr": 0.7
                },
                {
                    "in_dim": 81,
                    "out_dim": 1,
                    "feature_type": "SWIM",
                    "upscale_type": "SWIM",
                    "randfeat_xt_dim": 512,
                    "randfeat_x0_dim": 512,
                    "sandwich_solver": "diag",
                    "n_layers": 9,
                    "hidden_dim": 496,
                    "l2_reg": 0.00023178571377306263,
                    "l2_ghat": 4.380453589137822e-07,
                    "boost_lr": 0.6
                },
                {
                    "in_dim": 81,
                    "out_dim": 1,
                    "feature_type": "SWIM",
                    "upscale_type": "SWIM",
                    "randfeat_xt_dim": 512,
                    "randfeat_x0_dim": 512,
                    "sandwich_solver": "diag",
                    "n_layers": 8,
                    "hidden_dim": 464,
                    "l2_reg": 0.0009168330035396647,
                    "l2_ghat": 2.1759606998034936e-06,
                    "boost_lr": 0.8
                },
                {
                    "in_dim": 81,
                    "out_dim": 1,
                    "feature_type": "SWIM",
                    "upscale_type": "SWIM",
                    "randfeat_xt_dim": 512,
                    "randfeat_x0_dim": 512,
                    "sandwich_solver": "diag",
                    "n_layers": 7,
                    "hidden_dim": 496,
                    "l2_reg": 0.0035101753267774314,
                    "l2_ghat": 2.2659910865217224e-06,
                    "boost_lr": 0.8
                }
            ]
        }
    }
}