{
    "44977": {
        "GreedyRFRBoostDiag_upscaleiid_iidfeat": {
            "score_train": [
                0.46615850925445557,
                0.4721275568008423,
                0.4392615854740143,
                0.4806360900402069,
                0.47868844866752625
            ],
            "score_test": [
                0.5333349108695984,
                0.5094252824783325,
                0.5443046689033508,
                0.4973567724227905,
                0.515200138092041
            ],
            "t_fit": [
                1.3785175289958715,
                2.555406354367733,
                1.341800507158041,
                6.465352550148964,
                0.692694777622819
            ],
            "t_inference": [
                0.7829608637839556,
                1.6447776518762112,
                0.6641427520662546,
                3.2874258179217577,
                0.46625135838985443
            ],
            "hyperparams": [
                {
                    "in_dim": 8,
                    "out_dim": 1,
                    "feature_type": "iid",
                    "upscale_type": "iid",
                    "randfeat_xt_dim": 512,
                    "randfeat_x0_dim": 512,
                    "sandwich_solver": "diag",
                    "n_layers": 7,
                    "hidden_dim": 464,
                    "l2_reg": 0.0027371902053336785,
                    "l2_ghat": 0.48607414993974885,
                    "boost_lr": 0.7,
                    "iid_scale": 2.202659988547127
                },
                {
                    "in_dim": 8,
                    "out_dim": 1,
                    "feature_type": "iid",
                    "upscale_type": "iid",
                    "randfeat_xt_dim": 512,
                    "randfeat_x0_dim": 512,
                    "sandwich_solver": "diag",
                    "n_layers": 12,
                    "hidden_dim": 464,
                    "l2_reg": 0.0012772720834660404,
                    "l2_ghat": 0.00014207258837049095,
                    "boost_lr": 0.8,
                    "iid_scale": 1.0702710616268145
                },
                {
                    "in_dim": 8,
                    "out_dim": 1,
                    "feature_type": "iid",
                    "upscale_type": "iid",
                    "randfeat_xt_dim": 512,
                    "randfeat_x0_dim": 512,
                    "sandwich_solver": "diag",
                    "n_layers": 11,
                    "hidden_dim": 304,
                    "l2_reg": 0.010101492103280258,
                    "l2_ghat": 2.6973786092291132e-05,
                    "boost_lr": 0.7,
                    "iid_scale": 1.7175482489007357
                },
                {
                    "in_dim": 8,
                    "out_dim": 1,
                    "feature_type": "iid",
                    "upscale_type": "iid",
                    "randfeat_xt_dim": 512,
                    "randfeat_x0_dim": 512,
                    "sandwich_solver": "diag",
                    "n_layers": 13,
                    "hidden_dim": 432,
                    "l2_reg": 0.006267558459774729,
                    "l2_ghat": 0.08620617472429228,
                    "boost_lr": 1.0,
                    "iid_scale": 2.9098955699754785
                },
                {
                    "in_dim": 8,
                    "out_dim": 1,
                    "feature_type": "iid",
                    "upscale_type": "iid",
                    "randfeat_xt_dim": 512,
                    "randfeat_x0_dim": 512,
                    "sandwich_solver": "diag",
                    "n_layers": 6,
                    "hidden_dim": 240,
                    "l2_reg": 0.00630139994341839,
                    "l2_ghat": 7.69240277890212e-05,
                    "boost_lr": 0.7,
                    "iid_scale": 1.6314072904450145
                }
            ]
        }
    }
}