{
    "44965": {
        "GreedyRFRBoostDense_ID_batchnormFalse": {
            "score_train": [
                0.7347511053085327,
                0.7761727571487427,
                0.7368706464767456,
                0.7574447989463806,
                0.7366913557052612
            ],
            "score_test": [
                0.9099194407463074,
                0.8616000413894653,
                0.8503633737564087,
                0.9707958102226257,
                0.7362774610519409
            ],
            "t_fit": [
                1.6312200091779232,
                0.5402179956436157,
                2.7929307520389557,
                1.6041994132101536,
                1.8749615624547005
            ],
            "t_inference": [
                0.13582656905055046,
                0.04770839586853981,
                0.2241760641336441,
                0.12788574770092964,
                0.15020392462611198
            ],
            "hyperparams": [
                {
                    "in_dim": 116,
                    "out_dim": 1,
                    "feature_type": "SWIM",
                    "upscale_type": "identity",
                    "randfeat_xt_dim": 512,
                    "randfeat_x0_dim": 512,
                    "sandwich_solver": "dense",
                    "activation": "tanh",
                    "use_batchnorm": false,
                    "n_layers": 4,
                    "l2_reg": 0.2793747362449054,
                    "l2_ghat": 0.0007203653083082256,
                    "boost_lr": 0.4014233959507512,
                    "hidden_dim": 116,
                    "SWIM_scale": 0.6030194457525134
                },
                {
                    "in_dim": 116,
                    "out_dim": 1,
                    "feature_type": "SWIM",
                    "upscale_type": "identity",
                    "randfeat_xt_dim": 512,
                    "randfeat_x0_dim": 512,
                    "sandwich_solver": "dense",
                    "activation": "tanh",
                    "use_batchnorm": false,
                    "n_layers": 1,
                    "l2_reg": 0.31154364575615084,
                    "l2_ghat": 0.0013243590579320801,
                    "boost_lr": 0.38499828879372255,
                    "hidden_dim": 116,
                    "SWIM_scale": 1.1340044535739795
                },
                {
                    "in_dim": 116,
                    "out_dim": 1,
                    "feature_type": "SWIM",
                    "upscale_type": "identity",
                    "randfeat_xt_dim": 512,
                    "randfeat_x0_dim": 512,
                    "sandwich_solver": "dense",
                    "activation": "tanh",
                    "use_batchnorm": false,
                    "n_layers": 5,
                    "l2_reg": 0.4209401241972265,
                    "l2_ghat": 0.000246088504954858,
                    "boost_lr": 0.28244907482180986,
                    "hidden_dim": 116,
                    "SWIM_scale": 0.5260120948056747
                },
                {
                    "in_dim": 116,
                    "out_dim": 1,
                    "feature_type": "SWIM",
                    "upscale_type": "identity",
                    "randfeat_xt_dim": 512,
                    "randfeat_x0_dim": 512,
                    "sandwich_solver": "dense",
                    "activation": "tanh",
                    "use_batchnorm": false,
                    "n_layers": 3,
                    "l2_reg": 6.4970896521488,
                    "l2_ghat": 0.0007804095777068042,
                    "boost_lr": 0.28158679136289966,
                    "hidden_dim": 116,
                    "SWIM_scale": 1.2609041341247926
                },
                {
                    "in_dim": 116,
                    "out_dim": 1,
                    "feature_type": "SWIM",
                    "upscale_type": "identity",
                    "randfeat_xt_dim": 512,
                    "randfeat_x0_dim": 512,
                    "sandwich_solver": "dense",
                    "activation": "tanh",
                    "use_batchnorm": false,
                    "n_layers": 3,
                    "l2_reg": 9.94091497492187,
                    "l2_ghat": 7.951195602739588e-05,
                    "boost_lr": 0.3258920137762228,
                    "hidden_dim": 116,
                    "SWIM_scale": 0.9704014599969855
                }
            ]
        }
    }
}