{
    "44990": {
        "GradientRFRBoost_relu": {
            "score_train": [
                0.38864994049072266,
                0.39592182636260986,
                0.38947591185569763,
                0.37971031665802,
                0.39169225096702576
            ],
            "score_test": [
                0.4010142982006073,
                0.39017724990844727,
                0.40318426489830017,
                0.4031181037425995,
                0.39861202239990234
            ],
            "t_fit": [
                4.342087917029858,
                2.1295002177357674,
                5.5235665664076805,
                3.7985310070216656,
                2.2925747260451317
            ],
            "t_inference": [
                1.2673592269420624,
                0.690484531223774,
                1.7657732404768467,
                1.2310127951204777,
                0.675138633698225
            ],
            "hyperparams": [
                {
                    "in_dim": 49,
                    "out_dim": 1,
                    "feature_type": "SWIM",
                    "upscale_type": "iid",
                    "randfeat_xt_dim": 512,
                    "randfeat_x0_dim": 512,
                    "n_layers": 14,
                    "hidden_dim": 272,
                    "l2_reg": 0.3584228896001677,
                    "l2_ghat": 0.2638396448290536,
                    "boost_lr": 0.8,
                    "SWIM_scale": -0.8029331019676752
                },
                {
                    "in_dim": 49,
                    "out_dim": 1,
                    "feature_type": "SWIM",
                    "upscale_type": "iid",
                    "randfeat_xt_dim": 512,
                    "randfeat_x0_dim": 512,
                    "n_layers": 5,
                    "hidden_dim": 496,
                    "l2_reg": 3.068648298527273,
                    "l2_ghat": 0.00047850851565864794,
                    "boost_lr": 0.5,
                    "SWIM_scale": -0.13041197803236945
                },
                {
                    "in_dim": 49,
                    "out_dim": 1,
                    "feature_type": "SWIM",
                    "upscale_type": "iid",
                    "randfeat_xt_dim": 512,
                    "randfeat_x0_dim": 512,
                    "n_layers": 14,
                    "hidden_dim": 432,
                    "l2_reg": 0.449868415563398,
                    "l2_ghat": 0.0021807552344113306,
                    "boost_lr": 0.6,
                    "SWIM_scale": -0.08619348431492087
                },
                {
                    "in_dim": 49,
                    "out_dim": 1,
                    "feature_type": "SWIM",
                    "upscale_type": "iid",
                    "randfeat_xt_dim": 512,
                    "randfeat_x0_dim": 512,
                    "n_layers": 9,
                    "hidden_dim": 464,
                    "l2_reg": 3.7713664365232944,
                    "l2_ghat": 0.3266035759770882,
                    "boost_lr": 0.6,
                    "SWIM_scale": 1.7598750913709351
                },
                {
                    "in_dim": 49,
                    "out_dim": 1,
                    "feature_type": "SWIM",
                    "upscale_type": "iid",
                    "randfeat_xt_dim": 512,
                    "randfeat_x0_dim": 512,
                    "n_layers": 7,
                    "hidden_dim": 272,
                    "l2_reg": 0.5353819582662938,
                    "l2_ghat": 0.024493746414664234,
                    "boost_lr": 0.7,
                    "SWIM_scale": 0.2950414958510552
                }
            ]
        }
    }
}