{
    "44976": {
        "GradientRFBoostID": {
            "score_train": [
                0.2382012903690338,
                0.18025244772434235
            ],
            "score_test": [
                0.23927107453346252,
                0.18537499010562897
            ],
            "t_fit": [
                0.1524199880004744,
                0.5959470880006847
            ],
            "t_inference": [
                0.04695071500100312,
                0.23303658900113078
            ],
            "hyperparams": [
                {
                    "feature_type": "SWIM",
                    "upscale": "identity",
                    "n_layers": 1,
                    "hidden_dim": 21,
                    "randfeat_xt_dim": 128,
                    "randfeat_x0_dim": 128,
                    "boost_lr": 0.3
                },
                {
                    "feature_type": "SWIM",
                    "upscale": "identity",
                    "n_layers": 2,
                    "hidden_dim": 21,
                    "randfeat_xt_dim": 128,
                    "randfeat_x0_dim": 384,
                    "boost_lr": 0.9000000000000001
                }
            ]
        }
    }
}