{
    "44987": {
        "GreedyRFRBoostDense_upscaleiid": {
            "score_train": [
                0.06615927815437317,
                0.07469946891069412,
                0.10035761445760727,
                0.05255322530865669,
                0.10414110124111176
            ],
            "score_test": [
                0.30436891317367554,
                0.22396664321422577,
                0.21222731471061707,
                0.1802605241537094,
                0.19879955053329468
            ],
            "t_fit": [
                2.3826521206647158,
                3.445886204019189,
                3.9572970382869244,
                4.258417747914791,
                1.6735727097839117
            ],
            "t_inference": [
                0.19884809665381908,
                0.19239022955298424,
                0.32169755548238754,
                0.28999182768166065,
                0.1332785226404667
            ],
            "hyperparams": [
                {
                    "in_dim": 39,
                    "out_dim": 1,
                    "feature_type": "SWIM",
                    "upscale_type": "iid",
                    "randfeat_xt_dim": 512,
                    "randfeat_x0_dim": 512,
                    "sandwich_solver": "dense",
                    "n_layers": 9,
                    "hidden_dim": 240,
                    "l2_reg": 0.7147413304626146,
                    "l2_ghat": 9.711345946871698e-05,
                    "boost_lr": 0.8,
                    "SWIM_scale": 1.5283630652495583
                },
                {
                    "in_dim": 39,
                    "out_dim": 1,
                    "feature_type": "SWIM",
                    "upscale_type": "iid",
                    "randfeat_xt_dim": 512,
                    "randfeat_x0_dim": 512,
                    "sandwich_solver": "dense",
                    "n_layers": 15,
                    "hidden_dim": 112,
                    "l2_reg": 0.6222253066794394,
                    "l2_ghat": 0.0002737864978236501,
                    "boost_lr": 1.0,
                    "SWIM_scale": 1.4517674038181028
                },
                {
                    "in_dim": 39,
                    "out_dim": 1,
                    "feature_type": "SWIM",
                    "upscale_type": "iid",
                    "randfeat_xt_dim": 512,
                    "randfeat_x0_dim": 512,
                    "sandwich_solver": "dense",
                    "n_layers": 16,
                    "hidden_dim": 240,
                    "l2_reg": 0.7093085681923623,
                    "l2_ghat": 0.0013344762148556914,
                    "boost_lr": 1.0,
                    "SWIM_scale": 1.7548443699123375
                },
                {
                    "in_dim": 39,
                    "out_dim": 1,
                    "feature_type": "SWIM",
                    "upscale_type": "iid",
                    "randfeat_xt_dim": 512,
                    "randfeat_x0_dim": 512,
                    "sandwich_solver": "dense",
                    "n_layers": 18,
                    "hidden_dim": 176,
                    "l2_reg": 0.41041822306207787,
                    "l2_ghat": 5.3781106351406e-05,
                    "boost_lr": 0.8,
                    "SWIM_scale": 1.160849128585245
                },
                {
                    "in_dim": 39,
                    "out_dim": 1,
                    "feature_type": "SWIM",
                    "upscale_type": "iid",
                    "randfeat_xt_dim": 512,
                    "randfeat_x0_dim": 512,
                    "sandwich_solver": "dense",
                    "n_layers": 7,
                    "hidden_dim": 240,
                    "l2_reg": 0.9921097906343481,
                    "l2_ghat": 0.00039247104539924017,
                    "boost_lr": 0.7,
                    "SWIM_scale": 1.6435439317919311
                }
            ]
        }
    }
}