{
    "44981": {
        "GreedyRFRBoostDiag_batchnormFalse": {
            "score_train": [
                0.8832375407218933,
                0.8615784049034119,
                0.8988502621650696,
                0.8933060169219971,
                0.8250477313995361
            ],
            "score_test": [
                0.9241069555282593,
                0.9209144115447998,
                0.8845344185829163,
                0.9250730276107788,
                0.880772054195404
            ],
            "t_fit": [
                1.9832937307655811,
                0.6781043708324432,
                0.9005461446940899,
                0.1831061653792858,
                0.8429573774337769
            ],
            "t_inference": [
                0.7323670126497746,
                0.2528793327510357,
                0.30811358243227005,
                0.04131963849067688,
                0.23858629167079926
            ],
            "hyperparams": [
                {
                    "in_dim": 32,
                    "out_dim": 1,
                    "feature_type": "SWIM",
                    "upscale_type": "SWIM",
                    "randfeat_xt_dim": 512,
                    "randfeat_x0_dim": 512,
                    "sandwich_solver": "diag",
                    "activation": "tanh",
                    "use_batchnorm": false,
                    "n_layers": 9,
                    "l2_reg": 7.599862027382881e-05,
                    "l2_ghat": 2.266495545191792e-06,
                    "boost_lr": 0.18581984025765325,
                    "hidden_dim": 479,
                    "SWIM_scale": 0.3545430318573993
                },
                {
                    "in_dim": 32,
                    "out_dim": 1,
                    "feature_type": "SWIM",
                    "upscale_type": "SWIM",
                    "randfeat_xt_dim": 512,
                    "randfeat_x0_dim": 512,
                    "sandwich_solver": "diag",
                    "activation": "tanh",
                    "use_batchnorm": false,
                    "n_layers": 9,
                    "l2_reg": 0.004232660813750736,
                    "l2_ghat": 1.0663304089002262e-06,
                    "boost_lr": 0.19223425583218967,
                    "hidden_dim": 247,
                    "SWIM_scale": 0.7212472458836726
                },
                {
                    "in_dim": 32,
                    "out_dim": 1,
                    "feature_type": "SWIM",
                    "upscale_type": "SWIM",
                    "randfeat_xt_dim": 512,
                    "randfeat_x0_dim": 512,
                    "sandwich_solver": "diag",
                    "activation": "tanh",
                    "use_batchnorm": false,
                    "n_layers": 7,
                    "l2_reg": 0.7634006691136467,
                    "l2_ghat": 3.67487871374651e-06,
                    "boost_lr": 0.3173958736563672,
                    "hidden_dim": 380,
                    "SWIM_scale": 1.8156726783042465
                },
                {
                    "in_dim": 32,
                    "out_dim": 1,
                    "feature_type": "SWIM",
                    "upscale_type": "SWIM",
                    "randfeat_xt_dim": 512,
                    "randfeat_x0_dim": 512,
                    "sandwich_solver": "diag",
                    "activation": "tanh",
                    "use_batchnorm": false,
                    "n_layers": 7,
                    "l2_reg": 0.005571787141109743,
                    "l2_ghat": 9.51605491903269e-06,
                    "boost_lr": 0.15103062766922828,
                    "hidden_dim": 90,
                    "SWIM_scale": 1.1688473758702804
                },
                {
                    "in_dim": 32,
                    "out_dim": 1,
                    "feature_type": "SWIM",
                    "upscale_type": "SWIM",
                    "randfeat_xt_dim": 512,
                    "randfeat_x0_dim": 512,
                    "sandwich_solver": "diag",
                    "activation": "tanh",
                    "use_batchnorm": false,
                    "n_layers": 7,
                    "l2_reg": 0.03029092499869536,
                    "l2_ghat": 4.595623390241569e-06,
                    "boost_lr": 0.3650470349021248,
                    "hidden_dim": 275,
                    "SWIM_scale": 1.457179426706409
                }
            ]
        }
    }
}