{
    "44977": {
        "GreedyRFRBoostDiag_batchnormFalse": {
            "score_train": [
                0.46592727303504944,
                0.4849509298801422,
                0.4726346433162689,
                0.49471279978752136,
                0.48700016736984253
            ],
            "score_test": [
                0.5345736145973206,
                0.4914467930793762,
                0.551823616027832,
                0.5006510615348816,
                0.5180531144142151
            ],
            "t_fit": [
                1.768163699656725,
                1.3020744659006596,
                0.7696489281952381,
                1.6788369379937649,
                2.3154872730374336
            ],
            "t_inference": [
                0.595109649002552,
                0.34828344359993935,
                0.29084501788020134,
                0.6411988325417042,
                0.6912599727511406
            ],
            "hyperparams": [
                {
                    "in_dim": 8,
                    "out_dim": 1,
                    "feature_type": "SWIM",
                    "upscale_type": "SWIM",
                    "randfeat_xt_dim": 512,
                    "randfeat_x0_dim": 512,
                    "sandwich_solver": "diag",
                    "activation": "tanh",
                    "use_batchnorm": false,
                    "n_layers": 5,
                    "l2_reg": 5.364441289192014e-05,
                    "l2_ghat": 3.8737975816025805,
                    "boost_lr": 0.564629951940157,
                    "hidden_dim": 443,
                    "SWIM_scale": 1.18247381067611
                },
                {
                    "in_dim": 8,
                    "out_dim": 1,
                    "feature_type": "SWIM",
                    "upscale_type": "SWIM",
                    "randfeat_xt_dim": 512,
                    "randfeat_x0_dim": 512,
                    "sandwich_solver": "diag",
                    "activation": "tanh",
                    "use_batchnorm": false,
                    "n_layers": 4,
                    "l2_reg": 1.292417690352358e-05,
                    "l2_ghat": 0.029086327463083424,
                    "boost_lr": 0.1630515896610076,
                    "hidden_dim": 472,
                    "SWIM_scale": 0.5516923230113883
                },
                {
                    "in_dim": 8,
                    "out_dim": 1,
                    "feature_type": "SWIM",
                    "upscale_type": "SWIM",
                    "randfeat_xt_dim": 512,
                    "randfeat_x0_dim": 512,
                    "sandwich_solver": "diag",
                    "activation": "tanh",
                    "use_batchnorm": false,
                    "n_layers": 3,
                    "l2_reg": 1.525008356369714e-05,
                    "l2_ghat": 0.17377152850112715,
                    "boost_lr": 0.5217543365944254,
                    "hidden_dim": 458,
                    "SWIM_scale": 0.6468736703833815
                },
                {
                    "in_dim": 8,
                    "out_dim": 1,
                    "feature_type": "SWIM",
                    "upscale_type": "SWIM",
                    "randfeat_xt_dim": 512,
                    "randfeat_x0_dim": 512,
                    "sandwich_solver": "diag",
                    "activation": "tanh",
                    "use_batchnorm": false,
                    "n_layers": 10,
                    "l2_reg": 1.3233255364781596e-05,
                    "l2_ghat": 0.015911596569716916,
                    "boost_lr": 0.9909419192892474,
                    "hidden_dim": 357,
                    "SWIM_scale": 0.48588811925614267
                },
                {
                    "in_dim": 8,
                    "out_dim": 1,
                    "feature_type": "SWIM",
                    "upscale_type": "SWIM",
                    "randfeat_xt_dim": 512,
                    "randfeat_x0_dim": 512,
                    "sandwich_solver": "diag",
                    "activation": "tanh",
                    "use_batchnorm": false,
                    "n_layers": 8,
                    "l2_reg": 3.54276874444143e-05,
                    "l2_ghat": 0.0032690926566315928,
                    "boost_lr": 0.7721156773516256,
                    "hidden_dim": 512,
                    "SWIM_scale": 0.5477202438258447
                }
            ]
        }
    }
}