{
    "44973": {
        "GradientRFRBoost": {
            "score_train": [
                0.164821594953537,
                0.16000598669052124,
                0.15307030081748962,
                0.16113817691802979,
                0.16053234040737152
            ],
            "score_test": [
                0.20249496400356293,
                0.19934509694576263,
                0.19412395358085632,
                0.19939053058624268,
                0.20359158515930176
            ],
            "t_fit": [
                1.7094112001359463,
                5.03830848261714,
                2.5437519289553165,
                1.3748009763658047,
                2.885447807610035
            ],
            "t_inference": [
                0.40918389335274696,
                1.8317644223570824,
                0.7641671597957611,
                0.3321325331926346,
                0.8648097217082977
            ],
            "hyperparams": [
                {
                    "in_dim": 12,
                    "out_dim": 1,
                    "feature_type": "SWIM",
                    "upscale_type": "SWIM",
                    "randfeat_xt_dim": 512,
                    "randfeat_x0_dim": 512,
                    "n_layers": 4,
                    "hidden_dim": 112,
                    "l2_reg": 0.0935146670483989,
                    "l2_ghat": 1.513899005553348e-05,
                    "boost_lr": 1.0
                },
                {
                    "in_dim": 12,
                    "out_dim": 1,
                    "feature_type": "SWIM",
                    "upscale_type": "SWIM",
                    "randfeat_xt_dim": 512,
                    "randfeat_x0_dim": 512,
                    "n_layers": 9,
                    "hidden_dim": 464,
                    "l2_reg": 0.09945252127204134,
                    "l2_ghat": 2.3393960359080042e-05,
                    "boost_lr": 1.0
                },
                {
                    "in_dim": 12,
                    "out_dim": 1,
                    "feature_type": "SWIM",
                    "upscale_type": "SWIM",
                    "randfeat_xt_dim": 512,
                    "randfeat_x0_dim": 512,
                    "n_layers": 6,
                    "hidden_dim": 272,
                    "l2_reg": 0.0797321484890005,
                    "l2_ghat": 1.145414463443547e-05,
                    "boost_lr": 1.0
                },
                {
                    "in_dim": 12,
                    "out_dim": 1,
                    "feature_type": "SWIM",
                    "upscale_type": "SWIM",
                    "randfeat_xt_dim": 512,
                    "randfeat_x0_dim": 512,
                    "n_layers": 4,
                    "hidden_dim": 176,
                    "l2_reg": 0.07963514486388484,
                    "l2_ghat": 8.635620213807337e-06,
                    "boost_lr": 1.0
                },
                {
                    "in_dim": 12,
                    "out_dim": 1,
                    "feature_type": "SWIM",
                    "upscale_type": "SWIM",
                    "randfeat_xt_dim": 512,
                    "randfeat_x0_dim": 512,
                    "n_layers": 9,
                    "hidden_dim": 144,
                    "l2_reg": 0.09962339615730408,
                    "l2_ghat": 4.4185833854838515e-05,
                    "boost_lr": 0.9
                }
            ]
        }
    }
}