{
    "44987": {
        "RFNN": {
            "score_train": [
                0.15582552552223206,
                0.17345087230205536,
                0.14137066900730133,
                0.16683325171470642,
                0.165330708026886
            ],
            "score_test": [
                0.2722475528717041,
                0.20889495313167572,
                0.24618852138519287,
                0.21369999647140503,
                0.23340529203414917
            ],
            "t_fit": [
                0.01141742616891861,
                0.013585910201072693,
                0.015972882509231567,
                0.015734046697616577,
                0.01396070048213005
            ],
            "t_inference": [
                0.002474624663591385,
                0.0028723254799842834,
                0.003111761063337326,
                0.0030917301774024963,
                0.00305238738656044
            ],
            "hyperparams": [
                {
                    "n_layers": 0,
                    "in_dim": 39,
                    "out_dim": 1,
                    "upscale_type": "SWIM",
                    "activation": "tanh",
                    "use_batchnorm": false,
                    "l2_reg": 0.0004595762757533354,
                    "hidden_dim": 401,
                    "SWIM_scale": 1.9508904257043378
                },
                {
                    "n_layers": 0,
                    "in_dim": 39,
                    "out_dim": 1,
                    "upscale_type": "SWIM",
                    "activation": "tanh",
                    "use_batchnorm": false,
                    "l2_reg": 0.0006034247857353404,
                    "hidden_dim": 453,
                    "SWIM_scale": 1.5084031874504475
                },
                {
                    "n_layers": 0,
                    "in_dim": 39,
                    "out_dim": 1,
                    "upscale_type": "SWIM",
                    "activation": "tanh",
                    "use_batchnorm": false,
                    "l2_reg": 0.00022278085676245753,
                    "hidden_dim": 508,
                    "SWIM_scale": 1.6419576226581563
                },
                {
                    "n_layers": 0,
                    "in_dim": 39,
                    "out_dim": 1,
                    "upscale_type": "SWIM",
                    "activation": "tanh",
                    "use_batchnorm": false,
                    "l2_reg": 0.00030946763027007675,
                    "hidden_dim": 506,
                    "SWIM_scale": 1.4370147966869986
                },
                {
                    "n_layers": 0,
                    "in_dim": 39,
                    "out_dim": 1,
                    "upscale_type": "SWIM",
                    "activation": "tanh",
                    "use_batchnorm": false,
                    "l2_reg": 0.0008550504886109714,
                    "hidden_dim": 450,
                    "SWIM_scale": 1.7197000546669068
                }
            ]
        }
    }
}