{
    "44963": {
        "GreedyRFRBoostDense_ID_batchnormFalse": {
            "score_train": [
                0.6914414167404175,
                0.663844108581543,
                0.655476450920105,
                0.667313814163208,
                0.6972807049751282
            ],
            "score_test": [
                0.7412523031234741,
                0.7634039521217346,
                0.7508211731910706,
                0.7505131959915161,
                0.7589668035507202
            ],
            "t_fit": [
                9.93243944272399,
                7.792564179748297,
                6.404255013912916,
                6.029206123203039,
                2.102050617337227
            ],
            "t_inference": [
                1.1216092854738235,
                0.8983640111982822,
                0.8948525823652744,
                0.7936374619603157,
                0.26771456748247147
            ],
            "hyperparams": [
                {
                    "in_dim": 9,
                    "out_dim": 1,
                    "feature_type": "SWIM",
                    "upscale_type": "identity",
                    "randfeat_xt_dim": 512,
                    "randfeat_x0_dim": 512,
                    "sandwich_solver": "dense",
                    "activation": "tanh",
                    "use_batchnorm": false,
                    "n_layers": 8,
                    "l2_reg": 0.8584830788729875,
                    "l2_ghat": 3.7265378611331085e-05,
                    "boost_lr": 0.25465270489545244,
                    "hidden_dim": 9,
                    "SWIM_scale": 0.5072864705352916
                },
                {
                    "in_dim": 9,
                    "out_dim": 1,
                    "feature_type": "SWIM",
                    "upscale_type": "identity",
                    "randfeat_xt_dim": 512,
                    "randfeat_x0_dim": 512,
                    "sandwich_solver": "dense",
                    "activation": "tanh",
                    "use_batchnorm": false,
                    "n_layers": 8,
                    "l2_reg": 0.6038487964852897,
                    "l2_ghat": 0.0002276816865734222,
                    "boost_lr": 0.22165489988566897,
                    "hidden_dim": 9,
                    "SWIM_scale": 1.0700480685078113
                },
                {
                    "in_dim": 9,
                    "out_dim": 1,
                    "feature_type": "SWIM",
                    "upscale_type": "identity",
                    "randfeat_xt_dim": 512,
                    "randfeat_x0_dim": 512,
                    "sandwich_solver": "dense",
                    "activation": "tanh",
                    "use_batchnorm": false,
                    "n_layers": 7,
                    "l2_reg": 0.08095486070760669,
                    "l2_ghat": 0.00041684062696912297,
                    "boost_lr": 0.20187703069648352,
                    "hidden_dim": 9,
                    "SWIM_scale": 1.039062535316282
                },
                {
                    "in_dim": 9,
                    "out_dim": 1,
                    "feature_type": "SWIM",
                    "upscale_type": "identity",
                    "randfeat_xt_dim": 512,
                    "randfeat_x0_dim": 512,
                    "sandwich_solver": "dense",
                    "activation": "tanh",
                    "use_batchnorm": false,
                    "n_layers": 6,
                    "l2_reg": 0.1892840949366167,
                    "l2_ghat": 4.050842217153003e-05,
                    "boost_lr": 0.2918670997758102,
                    "hidden_dim": 9,
                    "SWIM_scale": 0.6154636402716671
                },
                {
                    "in_dim": 9,
                    "out_dim": 1,
                    "feature_type": "SWIM",
                    "upscale_type": "identity",
                    "randfeat_xt_dim": 512,
                    "randfeat_x0_dim": 512,
                    "sandwich_solver": "dense",
                    "activation": "tanh",
                    "use_batchnorm": false,
                    "n_layers": 3,
                    "l2_reg": 0.11960247255581395,
                    "l2_ghat": 3.757856873593439e-05,
                    "boost_lr": 0.6339134745524702,
                    "hidden_dim": 9,
                    "SWIM_scale": 0.4389993549785157
                }
            ]
        }
    }
}