{
    "44969": {
        "GreedyRFRBoostDiag": {
            "score_train": [
                0.09681639075279236,
                0.0711396113038063,
                0.09919001162052155,
                0.08305832743644714,
                0.07320842891931534
            ],
            "score_test": [
                0.15100260078907013,
                0.08934429287910461,
                0.11210502684116364,
                0.16069811582565308,
                0.13858231902122498
            ],
            "t_fit": [
                2.333264324814081,
                2.615107085555792,
                1.0224937908351421,
                2.5299112647771835,
                1.2664145231246948
            ],
            "t_inference": [
                0.7899027206003666,
                0.9118093028664589,
                0.3043033927679062,
                0.88493637368083,
                0.3975154496729374
            ],
            "hyperparams": [
                {
                    "in_dim": 14,
                    "out_dim": 1,
                    "feature_type": "SWIM",
                    "upscale_type": "SWIM",
                    "randfeat_xt_dim": 512,
                    "randfeat_x0_dim": 512,
                    "sandwich_solver": "diag",
                    "n_layers": 18,
                    "hidden_dim": 432,
                    "l2_reg": 0.002473697229420286,
                    "l2_ghat": 1.2709325822912288e-06,
                    "boost_lr": 0.9,
                    "SWIM_scale": 0.3182789306798054
                },
                {
                    "in_dim": 14,
                    "out_dim": 1,
                    "feature_type": "SWIM",
                    "upscale_type": "SWIM",
                    "randfeat_xt_dim": 512,
                    "randfeat_x0_dim": 512,
                    "sandwich_solver": "diag",
                    "n_layers": 16,
                    "hidden_dim": 496,
                    "l2_reg": 0.002133092303763831,
                    "l2_ghat": 3.15480604031897e-06,
                    "boost_lr": 0.8,
                    "SWIM_scale": 0.38717833505314486
                },
                {
                    "in_dim": 14,
                    "out_dim": 1,
                    "feature_type": "SWIM",
                    "upscale_type": "SWIM",
                    "randfeat_xt_dim": 512,
                    "randfeat_x0_dim": 512,
                    "sandwich_solver": "diag",
                    "n_layers": 6,
                    "hidden_dim": 464,
                    "l2_reg": 0.0024654530468032117,
                    "l2_ghat": 1.022680274348473e-06,
                    "boost_lr": 0.6,
                    "SWIM_scale": 0.35121507064154156
                },
                {
                    "in_dim": 14,
                    "out_dim": 1,
                    "feature_type": "SWIM",
                    "upscale_type": "SWIM",
                    "randfeat_xt_dim": 512,
                    "randfeat_x0_dim": 512,
                    "sandwich_solver": "diag",
                    "n_layers": 16,
                    "hidden_dim": 496,
                    "l2_reg": 0.0018783266413817657,
                    "l2_ghat": 7.905742064450095e-07,
                    "boost_lr": 0.6,
                    "SWIM_scale": 0.29951989535785684
                },
                {
                    "in_dim": 14,
                    "out_dim": 1,
                    "feature_type": "SWIM",
                    "upscale_type": "SWIM",
                    "randfeat_xt_dim": 512,
                    "randfeat_x0_dim": 512,
                    "sandwich_solver": "diag",
                    "n_layers": 7,
                    "hidden_dim": 496,
                    "l2_reg": 0.002790518072641101,
                    "l2_ghat": 1.4669563007997037e-06,
                    "boost_lr": 1.0,
                    "SWIM_scale": 0.2516463731559879
                }
            ]
        }
    }
}