{
    "44963": {
        "GreedyRFRBoostScalar_relu": {
            "score_train": [
                0.7176865339279175,
                0.7170600891113281,
                0.7222095727920532,
                0.7246715426445007,
                0.7093014121055603
            ],
            "score_test": [
                0.7471912503242493,
                0.7783723473548889,
                0.7663655877113342,
                0.7589448094367981,
                0.7668642401695251
            ],
            "t_fit": [
                0.4094122629612684,
                1.0057234931737185,
                1.3948486186563969,
                1.2717805318534374,
                1.7498827911913395
            ],
            "t_inference": [
                0.14867540635168552,
                0.3978974726051092,
                0.6157325860112906,
                0.5370151866227388,
                0.739339854568243
            ],
            "hyperparams": [
                {
                    "in_dim": 9,
                    "out_dim": 1,
                    "feature_type": "SWIM",
                    "upscale_type": "iid",
                    "randfeat_xt_dim": 512,
                    "randfeat_x0_dim": 512,
                    "sandwich_solver": "scalar",
                    "activation": "relu",
                    "n_layers": 3,
                    "hidden_dim": 488,
                    "l2_reg": 0.0061723371056098975,
                    "l2_ghat": 9.591529002330485e-07,
                    "boost_lr": 0.5,
                    "SWIM_scale": 1.3993352156811067,
                    "iid_scale": 2.1497741899340976
                },
                {
                    "in_dim": 9,
                    "out_dim": 1,
                    "feature_type": "SWIM",
                    "upscale_type": "iid",
                    "randfeat_xt_dim": 512,
                    "randfeat_x0_dim": 512,
                    "sandwich_solver": "scalar",
                    "activation": "relu",
                    "n_layers": 9,
                    "hidden_dim": 480,
                    "l2_reg": 0.009916521319216004,
                    "l2_ghat": 5.016904672589308e-07,
                    "boost_lr": 0.8,
                    "SWIM_scale": 0.7686308235875827,
                    "iid_scale": 0.21776620819474932
                },
                {
                    "in_dim": 9,
                    "out_dim": 1,
                    "feature_type": "SWIM",
                    "upscale_type": "iid",
                    "randfeat_xt_dim": 512,
                    "randfeat_x0_dim": 512,
                    "sandwich_solver": "scalar",
                    "activation": "relu",
                    "n_layers": 11,
                    "hidden_dim": 509,
                    "l2_reg": 0.011539253412362267,
                    "l2_ghat": 5.215533928515681e-08,
                    "boost_lr": 0.5,
                    "SWIM_scale": -0.5719480114130632,
                    "iid_scale": 3.498400125782332
                },
                {
                    "in_dim": 9,
                    "out_dim": 1,
                    "feature_type": "SWIM",
                    "upscale_type": "iid",
                    "randfeat_xt_dim": 512,
                    "randfeat_x0_dim": 512,
                    "sandwich_solver": "scalar",
                    "activation": "relu",
                    "n_layers": 10,
                    "hidden_dim": 483,
                    "l2_reg": 0.009197151465344148,
                    "l2_ghat": 3.3287007452678454e-09,
                    "boost_lr": 0.5,
                    "SWIM_scale": 0.7744870261508514,
                    "iid_scale": 0.21150059780411173
                },
                {
                    "in_dim": 9,
                    "out_dim": 1,
                    "feature_type": "SWIM",
                    "upscale_type": "iid",
                    "randfeat_xt_dim": 512,
                    "randfeat_x0_dim": 512,
                    "sandwich_solver": "scalar",
                    "activation": "relu",
                    "n_layers": 13,
                    "hidden_dim": 509,
                    "l2_reg": 0.005502424779515918,
                    "l2_ghat": 3.7091703818155635e-08,
                    "boost_lr": 0.8,
                    "SWIM_scale": -0.9872030542094912,
                    "iid_scale": 1.5879334755425445
                }
            ]
        }
    }
}