{
    "44969": {
        "GreedyRFRBoostDiag_upscaleiid": {
            "score_train": [
                0.03926100209355354,
                0.028880028054118156,
                0.03026632033288479,
                0.03152748942375183,
                0.03464352339506149
            ],
            "score_test": [
                0.07430166751146317,
                0.046122536063194275,
                0.058096665889024734,
                0.05813842639327049,
                0.0637933686375618
            ],
            "t_fit": [
                2.184511136263609,
                4.2312542870640755,
                5.294825227931142,
                5.396470809355378,
                7.361804759129882
            ],
            "t_inference": [
                0.6507543195039034,
                1.1963554881513119,
                1.6155467461794615,
                1.4159160405397415,
                1.9436139203608036
            ],
            "hyperparams": [
                {
                    "in_dim": 14,
                    "out_dim": 1,
                    "feature_type": "SWIM",
                    "upscale_type": "iid",
                    "randfeat_xt_dim": 512,
                    "randfeat_x0_dim": 512,
                    "sandwich_solver": "diag",
                    "n_layers": 4,
                    "hidden_dim": 496,
                    "l2_reg": 0.002034812250766074,
                    "l2_ghat": 3.6304354778315406e-06,
                    "boost_lr": 0.6,
                    "SWIM_scale": 0.7868627888883372
                },
                {
                    "in_dim": 14,
                    "out_dim": 1,
                    "feature_type": "SWIM",
                    "upscale_type": "iid",
                    "randfeat_xt_dim": 512,
                    "randfeat_x0_dim": 512,
                    "sandwich_solver": "diag",
                    "n_layers": 5,
                    "hidden_dim": 496,
                    "l2_reg": 0.001328224405521064,
                    "l2_ghat": 5.1773644250350475e-06,
                    "boost_lr": 0.6,
                    "SWIM_scale": 0.7215174306945656
                },
                {
                    "in_dim": 14,
                    "out_dim": 1,
                    "feature_type": "SWIM",
                    "upscale_type": "iid",
                    "randfeat_xt_dim": 512,
                    "randfeat_x0_dim": 512,
                    "sandwich_solver": "diag",
                    "n_layers": 11,
                    "hidden_dim": 496,
                    "l2_reg": 0.0014657111317524871,
                    "l2_ghat": 1.643089858175395e-05,
                    "boost_lr": 0.7,
                    "SWIM_scale": 1.1390551591984812
                },
                {
                    "in_dim": 14,
                    "out_dim": 1,
                    "feature_type": "SWIM",
                    "upscale_type": "iid",
                    "randfeat_xt_dim": 512,
                    "randfeat_x0_dim": 512,
                    "sandwich_solver": "diag",
                    "n_layers": 9,
                    "hidden_dim": 496,
                    "l2_reg": 0.0015085919285379266,
                    "l2_ghat": 1.0159796814572851e-06,
                    "boost_lr": 0.5,
                    "SWIM_scale": 0.7945727233704996
                },
                {
                    "in_dim": 14,
                    "out_dim": 1,
                    "feature_type": "SWIM",
                    "upscale_type": "iid",
                    "randfeat_xt_dim": 512,
                    "randfeat_x0_dim": 512,
                    "sandwich_solver": "diag",
                    "n_layers": 15,
                    "hidden_dim": 464,
                    "l2_reg": 0.001948754648208967,
                    "l2_ghat": 6.45968043573206e-06,
                    "boost_lr": 0.7,
                    "SWIM_scale": 0.36412706368288394
                }
            ]
        }
    }
}