{
    "44979": {
        "GreedyRFRBoostDense": {
            "score_train": [
                0.10992508381605148,
                0.11834758520126343,
                0.12263118475675583,
                0.11752834171056747,
                0.12194035947322845
            ],
            "score_test": [
                0.1720913052558899,
                0.1450372338294983,
                0.1442634016275406,
                0.13019835948944092,
                0.138101264834404
            ],
            "t_fit": [
                7.7579872496426105,
                9.398173563182354,
                7.577688802033663,
                8.359346341341734,
                7.92674632743001
            ],
            "t_inference": [
                2.044122952967882,
                2.3512010909616947,
                1.5503066889941692,
                1.891434483230114,
                2.05524905025959
            ],
            "hyperparams": [
                {
                    "in_dim": 26,
                    "out_dim": 1,
                    "feature_type": "SWIM",
                    "upscale_type": "iid",
                    "randfeat_xt_dim": 512,
                    "randfeat_x0_dim": 512,
                    "sandwich_solver": "dense",
                    "n_layers": 13,
                    "hidden_dim": 512,
                    "l2_reg": 1.3480229759751141,
                    "l2_ghat": 2.0270052379695106e-06,
                    "boost_lr": 1.0,
                    "SWIM_scale": -0.75
                },
                {
                    "in_dim": 26,
                    "out_dim": 1,
                    "feature_type": "SWIM",
                    "upscale_type": "iid",
                    "randfeat_xt_dim": 512,
                    "randfeat_x0_dim": 512,
                    "sandwich_solver": "dense",
                    "n_layers": 15,
                    "hidden_dim": 512,
                    "l2_reg": 0.8861576657559451,
                    "l2_ghat": 2.2569477653144147e-06,
                    "boost_lr": 1.0,
                    "SWIM_scale": -0.75
                },
                {
                    "in_dim": 26,
                    "out_dim": 1,
                    "feature_type": "SWIM",
                    "upscale_type": "iid",
                    "randfeat_xt_dim": 512,
                    "randfeat_x0_dim": 512,
                    "sandwich_solver": "dense",
                    "n_layers": 9,
                    "hidden_dim": 512,
                    "l2_reg": 0.7136153087201541,
                    "l2_ghat": 2.2896206003109054e-06,
                    "boost_lr": 0.8,
                    "SWIM_scale": -0.75
                },
                {
                    "in_dim": 26,
                    "out_dim": 1,
                    "feature_type": "SWIM",
                    "upscale_type": "iid",
                    "randfeat_xt_dim": 512,
                    "randfeat_x0_dim": 512,
                    "sandwich_solver": "dense",
                    "n_layers": 11,
                    "hidden_dim": 512,
                    "l2_reg": 3.7910490487178654,
                    "l2_ghat": 1.4080070927023519e-06,
                    "boost_lr": 1.0,
                    "SWIM_scale": -0.75
                },
                {
                    "in_dim": 26,
                    "out_dim": 1,
                    "feature_type": "SWIM",
                    "upscale_type": "iid",
                    "randfeat_xt_dim": 512,
                    "randfeat_x0_dim": 512,
                    "sandwich_solver": "dense",
                    "n_layers": 11,
                    "hidden_dim": 512,
                    "l2_reg": 1.7766255567691738,
                    "l2_ghat": 3.6960309546464967e-06,
                    "boost_lr": 0.9,
                    "SWIM_scale": -0.75
                }
            ]
        }
    }
}