{
    "44971": {
        "GreedyRFRBoostDiag_batchnormFalse": {
            "score_train": [
                0.7226478457450867,
                0.7158114910125732,
                0.7254202961921692,
                0.7260321378707886,
                0.7479262948036194
            ],
            "score_test": [
                0.7696080803871155,
                0.7953361868858337,
                0.814328134059906,
                0.7566508650779724,
                0.759727418422699
            ],
            "t_fit": [
                1.5222457386553288,
                1.7321991212666035,
                1.3241051696240902,
                2.016094706952572,
                1.942526988685131
            ],
            "t_inference": [
                0.4678709954023361,
                0.6768865808844566,
                0.48689866065979004,
                0.6993580423295498,
                0.7242465168237686
            ],
            "hyperparams": [
                {
                    "in_dim": 11,
                    "out_dim": 1,
                    "feature_type": "SWIM",
                    "upscale_type": "SWIM",
                    "randfeat_xt_dim": 512,
                    "randfeat_x0_dim": 512,
                    "sandwich_solver": "diag",
                    "activation": "tanh",
                    "use_batchnorm": false,
                    "n_layers": 7,
                    "l2_reg": 0.01865295987776112,
                    "l2_ghat": 5.401640354846281e-05,
                    "boost_lr": 0.4352895218223919,
                    "hidden_dim": 412,
                    "SWIM_scale": 1.9261359381532708
                },
                {
                    "in_dim": 11,
                    "out_dim": 1,
                    "feature_type": "SWIM",
                    "upscale_type": "SWIM",
                    "randfeat_xt_dim": 512,
                    "randfeat_x0_dim": 512,
                    "sandwich_solver": "diag",
                    "activation": "tanh",
                    "use_batchnorm": false,
                    "n_layers": 8,
                    "l2_reg": 0.024428989850265877,
                    "l2_ghat": 7.836999025096845e-06,
                    "boost_lr": 0.22615081516302765,
                    "hidden_dim": 493,
                    "SWIM_scale": 1.7312638976978008
                },
                {
                    "in_dim": 11,
                    "out_dim": 1,
                    "feature_type": "SWIM",
                    "upscale_type": "SWIM",
                    "randfeat_xt_dim": 512,
                    "randfeat_x0_dim": 512,
                    "sandwich_solver": "diag",
                    "activation": "tanh",
                    "use_batchnorm": false,
                    "n_layers": 7,
                    "l2_reg": 0.034727171908499097,
                    "l2_ghat": 7.274273018285662e-06,
                    "boost_lr": 0.15380630870983866,
                    "hidden_dim": 437,
                    "SWIM_scale": 1.9366282112892168
                },
                {
                    "in_dim": 11,
                    "out_dim": 1,
                    "feature_type": "SWIM",
                    "upscale_type": "SWIM",
                    "randfeat_xt_dim": 512,
                    "randfeat_x0_dim": 512,
                    "sandwich_solver": "diag",
                    "activation": "tanh",
                    "use_batchnorm": false,
                    "n_layers": 9,
                    "l2_reg": 0.004031121841576646,
                    "l2_ghat": 7.002963747712264e-06,
                    "boost_lr": 0.1375422041095098,
                    "hidden_dim": 465,
                    "SWIM_scale": 1.1331450950117363
                },
                {
                    "in_dim": 11,
                    "out_dim": 1,
                    "feature_type": "SWIM",
                    "upscale_type": "SWIM",
                    "randfeat_xt_dim": 512,
                    "randfeat_x0_dim": 512,
                    "sandwich_solver": "diag",
                    "activation": "tanh",
                    "use_batchnorm": false,
                    "n_layers": 9,
                    "l2_reg": 0.004786035607173451,
                    "l2_ghat": 0.008758882368688456,
                    "boost_lr": 0.28814445776999037,
                    "hidden_dim": 506,
                    "SWIM_scale": 1.398369796006369
                }
            ]
        }
    }
}