{
    "44962": {
        "GradientRFRBoostID": {
            "score_train": [
                0.46422553062438965,
                0.45578715205192566,
                0.43993040919303894,
                0.41848546266555786,
                0.44787362217903137
            ],
            "score_test": [
                0.3583621680736542,
                0.4075391888618469,
                0.4728103578090668,
                0.5473788976669312,
                0.44185543060302734
            ],
            "t_fit": [
                0.06225081719458103,
                0.6002266518771648,
                0.2269571889191866,
                0.05812506005167961,
                0.12457577511668205
            ],
            "t_inference": [
                0.005241116508841515,
                0.04600066319108009,
                0.018360644578933716,
                0.004969488829374313,
                0.010443802922964096
            ],
            "hyperparams": [
                {
                    "in_dim": 29,
                    "out_dim": 1,
                    "feature_type": "SWIM",
                    "upscale_type": "identity",
                    "randfeat_xt_dim": 512,
                    "randfeat_x0_dim": 512,
                    "n_layers": 1,
                    "hidden_dim": 29,
                    "l2_reg": 5.5517216852447255,
                    "l2_ghat": 5.309532269009215,
                    "boost_lr": 0.9,
                    "SWIM_scale": -0.75
                },
                {
                    "in_dim": 29,
                    "out_dim": 1,
                    "feature_type": "SWIM",
                    "upscale_type": "identity",
                    "randfeat_xt_dim": 512,
                    "randfeat_x0_dim": 512,
                    "n_layers": 9,
                    "hidden_dim": 29,
                    "l2_reg": 9.736891883779034,
                    "l2_ghat": 9.813001729758634,
                    "boost_lr": 0.6,
                    "SWIM_scale": -0.75
                },
                {
                    "in_dim": 29,
                    "out_dim": 1,
                    "feature_type": "SWIM",
                    "upscale_type": "identity",
                    "randfeat_xt_dim": 512,
                    "randfeat_x0_dim": 512,
                    "n_layers": 4,
                    "hidden_dim": 29,
                    "l2_reg": 9.568427710776001,
                    "l2_ghat": 9.397109659298128,
                    "boost_lr": 0.8,
                    "SWIM_scale": -0.75
                },
                {
                    "in_dim": 29,
                    "out_dim": 1,
                    "feature_type": "SWIM",
                    "upscale_type": "identity",
                    "randfeat_xt_dim": 512,
                    "randfeat_x0_dim": 512,
                    "n_layers": 1,
                    "hidden_dim": 29,
                    "l2_reg": 7.546052003493759,
                    "l2_ghat": 5.823347308508756,
                    "boost_lr": 0.6,
                    "SWIM_scale": -0.75
                },
                {
                    "in_dim": 29,
                    "out_dim": 1,
                    "feature_type": "SWIM",
                    "upscale_type": "identity",
                    "randfeat_xt_dim": 512,
                    "randfeat_x0_dim": 512,
                    "n_layers": 2,
                    "hidden_dim": 29,
                    "l2_reg": 9.522700957655783,
                    "l2_ghat": 8.694120952608555,
                    "boost_lr": 0.9,
                    "SWIM_scale": -0.75
                }
            ]
        }
    }
}