{
    "44984": {
        "RFNN": {
            "score_train": [
                0.6613117456436157,
                0.6422916650772095,
                0.6468921899795532,
                0.6491338610649109,
                0.6437589526176453
            ],
            "score_test": [
                0.6237139701843262,
                0.6908614039421082,
                0.6560640931129456,
                0.6512218713760376,
                0.6807854771614075
            ],
            "t_fit": [
                0.009798843413591385,
                0.028775781393051147,
                0.030083470046520233,
                0.016888175159692764,
                0.017922677099704742
            ],
            "t_inference": [
                0.0024846605956554413,
                0.00967477634549141,
                0.008116193115711212,
                0.005867231637239456,
                0.005492229014635086
            ],
            "hyperparams": [
                {
                    "n_layers": 0,
                    "in_dim": 12,
                    "out_dim": 1,
                    "upscale_type": "SWIM",
                    "activation": "tanh",
                    "use_batchnorm": false,
                    "l2_reg": 0.00016865968201867576,
                    "hidden_dim": 97,
                    "SWIM_scale": 0.7433674213555761
                },
                {
                    "n_layers": 0,
                    "in_dim": 12,
                    "out_dim": 1,
                    "upscale_type": "SWIM",
                    "activation": "tanh",
                    "use_batchnorm": false,
                    "l2_reg": 0.009215137107322503,
                    "hidden_dim": 302,
                    "SWIM_scale": 1.53546544174012
                },
                {
                    "n_layers": 0,
                    "in_dim": 12,
                    "out_dim": 1,
                    "upscale_type": "SWIM",
                    "activation": "tanh",
                    "use_batchnorm": false,
                    "l2_reg": 0.0014319432939346318,
                    "hidden_dim": 324,
                    "SWIM_scale": 1.1092238085345556
                },
                {
                    "n_layers": 0,
                    "in_dim": 12,
                    "out_dim": 1,
                    "upscale_type": "SWIM",
                    "activation": "tanh",
                    "use_batchnorm": false,
                    "l2_reg": 0.00022077633051045855,
                    "hidden_dim": 203,
                    "SWIM_scale": 0.7679546721877749
                },
                {
                    "n_layers": 0,
                    "in_dim": 12,
                    "out_dim": 1,
                    "upscale_type": "SWIM",
                    "activation": "tanh",
                    "use_batchnorm": false,
                    "l2_reg": 0.0010542893478118652,
                    "hidden_dim": 212,
                    "SWIM_scale": 1.5925732203654284
                }
            ]
        }
    }
}