{
    "44975": {
        "GradientRFRBoost_ID_batchnormFalse": {
            "score_train": [
                0.019761959090828896,
                0.019671158865094185,
                0.02184300683438778,
                0.021973449736833572,
                0.022728627547621727
            ],
            "score_test": [
                0.02193533256649971,
                0.040927860885858536,
                0.019703079015016556,
                0.02384117804467678,
                0.022628994658589363
            ],
            "t_fit": [
                3.92666644975543,
                1.6117748282849789,
                4.596868224442005,
                3.2735442854464054,
                2.2001483850181103
            ],
            "t_inference": [
                0.5216977968811989,
                0.2805962711572647,
                0.7246484309434891,
                0.45722612738609314,
                0.32631219178438187
            ],
            "hyperparams": [
                {
                    "in_dim": 48,
                    "out_dim": 1,
                    "feature_type": "SWIM",
                    "upscale_type": "identity",
                    "randfeat_xt_dim": 512,
                    "randfeat_x0_dim": 512,
                    "activation": "tanh",
                    "use_batchnorm": false,
                    "n_layers": 8,
                    "l2_reg": 0.0003460964055797097,
                    "l2_ghat": 1.3491567345535998e-05,
                    "boost_lr": 0.10742935966020488,
                    "hidden_dim": 48,
                    "SWIM_scale": 0.7461360058094293
                },
                {
                    "in_dim": 48,
                    "out_dim": 1,
                    "feature_type": "SWIM",
                    "upscale_type": "identity",
                    "randfeat_xt_dim": 512,
                    "randfeat_x0_dim": 512,
                    "activation": "tanh",
                    "use_batchnorm": false,
                    "n_layers": 3,
                    "l2_reg": 0.0003401484721422217,
                    "l2_ghat": 0.00017694457200084868,
                    "boost_lr": 0.18830113986750688,
                    "hidden_dim": 48,
                    "SWIM_scale": 0.7399437064059932
                },
                {
                    "in_dim": 48,
                    "out_dim": 1,
                    "feature_type": "SWIM",
                    "upscale_type": "identity",
                    "randfeat_xt_dim": 512,
                    "randfeat_x0_dim": 512,
                    "activation": "tanh",
                    "use_batchnorm": false,
                    "n_layers": 10,
                    "l2_reg": 1.161329697638165e-05,
                    "l2_ghat": 0.0005453178195599746,
                    "boost_lr": 0.10099864116852737,
                    "hidden_dim": 48,
                    "SWIM_scale": 1.0873464277962266
                },
                {
                    "in_dim": 48,
                    "out_dim": 1,
                    "feature_type": "SWIM",
                    "upscale_type": "identity",
                    "randfeat_xt_dim": 512,
                    "randfeat_x0_dim": 512,
                    "activation": "tanh",
                    "use_batchnorm": false,
                    "n_layers": 7,
                    "l2_reg": 1.4861838320320088e-05,
                    "l2_ghat": 8.95680908753519e-05,
                    "boost_lr": 0.12912670638369686,
                    "hidden_dim": 48,
                    "SWIM_scale": 0.7362890904139737
                },
                {
                    "in_dim": 48,
                    "out_dim": 1,
                    "feature_type": "SWIM",
                    "upscale_type": "identity",
                    "randfeat_xt_dim": 512,
                    "randfeat_x0_dim": 512,
                    "activation": "tanh",
                    "use_batchnorm": false,
                    "n_layers": 5,
                    "l2_reg": 1.9580988427464885e-05,
                    "l2_ghat": 2.621567577674047e-05,
                    "boost_lr": 0.10100022688252268,
                    "hidden_dim": 48,
                    "SWIM_scale": 0.8647054223732403
                }
            ]
        }
    }
}