{
    "44959": {
        "GreedyRFRBoostDense": {
            "score_train": [
                0.20038171112537384,
                0.2214161604642868,
                0.22678011655807495,
                0.1958887130022049,
                0.24312245845794678
            ],
            "score_test": [
                0.3322410583496094,
                0.30948248505592346,
                0.2995601296424866,
                0.29191988706588745,
                0.3097109794616699
            ],
            "t_fit": [
                1.0178732872009277,
                0.9125932082533836,
                1.2906652241945267,
                1.5694807320833206,
                0.2971034608781338
            ],
            "t_inference": [
                0.08031841181218624,
                0.04387319274246693,
                0.06305982358753681,
                0.0760924369096756,
                0.03219175338745117
            ],
            "hyperparams": [
                {
                    "in_dim": 8,
                    "out_dim": 1,
                    "feature_type": "SWIM",
                    "upscale_type": "SWIM",
                    "randfeat_xt_dim": 512,
                    "randfeat_x0_dim": 512,
                    "sandwich_solver": "dense",
                    "n_layers": 4,
                    "hidden_dim": 240,
                    "l2_reg": 0.4736562592718298,
                    "l2_ghat": 1.661078862779028e-05,
                    "boost_lr": 0.9
                },
                {
                    "in_dim": 8,
                    "out_dim": 1,
                    "feature_type": "SWIM",
                    "upscale_type": "SWIM",
                    "randfeat_xt_dim": 512,
                    "randfeat_x0_dim": 512,
                    "sandwich_solver": "dense",
                    "n_layers": 4,
                    "hidden_dim": 112,
                    "l2_reg": 0.4116080981483895,
                    "l2_ghat": 3.617041949839281e-05,
                    "boost_lr": 0.6
                },
                {
                    "in_dim": 8,
                    "out_dim": 1,
                    "feature_type": "SWIM",
                    "upscale_type": "SWIM",
                    "randfeat_xt_dim": 512,
                    "randfeat_x0_dim": 512,
                    "sandwich_solver": "dense",
                    "n_layers": 5,
                    "hidden_dim": 112,
                    "l2_reg": 0.011400863701127324,
                    "l2_ghat": 0.0005486767416600901,
                    "boost_lr": 0.5
                },
                {
                    "in_dim": 8,
                    "out_dim": 1,
                    "feature_type": "SWIM",
                    "upscale_type": "SWIM",
                    "randfeat_xt_dim": 512,
                    "randfeat_x0_dim": 512,
                    "sandwich_solver": "dense",
                    "n_layers": 6,
                    "hidden_dim": 112,
                    "l2_reg": 0.05960320868601712,
                    "l2_ghat": 5.7975590643953315e-05,
                    "boost_lr": 0.5
                },
                {
                    "in_dim": 8,
                    "out_dim": 1,
                    "feature_type": "SWIM",
                    "upscale_type": "SWIM",
                    "randfeat_xt_dim": 512,
                    "randfeat_x0_dim": 512,
                    "sandwich_solver": "dense",
                    "n_layers": 1,
                    "hidden_dim": 496,
                    "l2_reg": 0.41274317780576075,
                    "l2_ghat": 2.1549557852903694e-06,
                    "boost_lr": 0.6
                }
            ]
        }
    }
}