{
    "44959": {
        "GreedyRFRBoostScalar_batchnormFalse": {
            "score_train": [
                0.23015233874320984,
                0.24421794712543488,
                0.25155341625213623,
                0.2238726168870926,
                0.2250567078590393
            ],
            "score_test": [
                0.34292852878570557,
                0.3735785484313965,
                0.3210476040840149,
                0.3315763771533966,
                0.273528516292572
            ],
            "t_fit": [
                0.37003229930996895,
                0.19834624603390694,
                0.3561367392539978,
                0.21974263712763786,
                0.05139846354722977
            ],
            "t_inference": [
                0.12880763038992882,
                0.06432144343852997,
                0.13149306178092957,
                0.07449154183268547,
                0.01564614474773407
            ],
            "hyperparams": [
                {
                    "in_dim": 8,
                    "out_dim": 1,
                    "feature_type": "SWIM",
                    "upscale_type": "SWIM",
                    "randfeat_xt_dim": 512,
                    "randfeat_x0_dim": 512,
                    "sandwich_solver": "scalar",
                    "activation": "tanh",
                    "use_batchnorm": false,
                    "n_layers": 10,
                    "l2_reg": 0.0024749807476456493,
                    "l2_ghat": 0.0006013603448205091,
                    "boost_lr": 0.9259425520965919,
                    "hidden_dim": 472,
                    "SWIM_scale": 1.77108043213385
                },
                {
                    "in_dim": 8,
                    "out_dim": 1,
                    "feature_type": "SWIM",
                    "upscale_type": "SWIM",
                    "randfeat_xt_dim": 512,
                    "randfeat_x0_dim": 512,
                    "sandwich_solver": "scalar",
                    "activation": "tanh",
                    "use_batchnorm": false,
                    "n_layers": 10,
                    "l2_reg": 0.00045036869260375504,
                    "l2_ghat": 0.007481307835634185,
                    "boost_lr": 0.365572729405344,
                    "hidden_dim": 316,
                    "SWIM_scale": 1.7855274970527033
                },
                {
                    "in_dim": 8,
                    "out_dim": 1,
                    "feature_type": "SWIM",
                    "upscale_type": "SWIM",
                    "randfeat_xt_dim": 512,
                    "randfeat_x0_dim": 512,
                    "sandwich_solver": "scalar",
                    "activation": "tanh",
                    "use_batchnorm": false,
                    "n_layers": 9,
                    "l2_reg": 0.001541517299467765,
                    "l2_ghat": 0.30948446766107973,
                    "boost_lr": 0.24949321189176013,
                    "hidden_dim": 493,
                    "SWIM_scale": 1.5586020219507672
                },
                {
                    "in_dim": 8,
                    "out_dim": 1,
                    "feature_type": "SWIM",
                    "upscale_type": "SWIM",
                    "randfeat_xt_dim": 512,
                    "randfeat_x0_dim": 512,
                    "sandwich_solver": "scalar",
                    "activation": "tanh",
                    "use_batchnorm": false,
                    "n_layers": 5,
                    "l2_reg": 2.1435996862041817e-05,
                    "l2_ghat": 8.316983375990308e-05,
                    "boost_lr": 0.2705222865223057,
                    "hidden_dim": 512,
                    "SWIM_scale": 0.6140658709179294
                },
                {
                    "in_dim": 8,
                    "out_dim": 1,
                    "feature_type": "SWIM",
                    "upscale_type": "SWIM",
                    "randfeat_xt_dim": 512,
                    "randfeat_x0_dim": 512,
                    "sandwich_solver": "scalar",
                    "activation": "tanh",
                    "use_batchnorm": false,
                    "n_layers": 1,
                    "l2_reg": 0.0019610446129941827,
                    "l2_ghat": 3.2940847553465477e-06,
                    "boost_lr": 0.3643620246948603,
                    "hidden_dim": 453,
                    "SWIM_scale": 1.7680696900275428
                }
            ]
        }
    }
}