{
    "44981": {
        "GradientRFRBoostID": {
            "score_train": [
                0.9035385251045227,
                0.9006538987159729,
                0.9130311608314514,
                0.9040967226028442,
                0.9103590846061707
            ],
            "score_test": [
                0.9235444068908691,
                0.9288264513015747,
                0.8900390267372131,
                0.9273403286933899,
                0.8956230878829956
            ],
            "t_fit": [
                1.6443026848137379,
                1.942251168191433,
                0.23008088394999504,
                0.25979911908507347,
                2.1717663183808327
            ],
            "t_inference": [
                0.2861909791827202,
                0.33278826251626015,
                0.039326269179582596,
                0.042148251086473465,
                0.3721702918410301
            ],
            "hyperparams": [
                {
                    "in_dim": 32,
                    "out_dim": 1,
                    "feature_type": "SWIM",
                    "upscale_type": "identity",
                    "randfeat_xt_dim": 512,
                    "randfeat_x0_dim": 512,
                    "n_layers": 6,
                    "hidden_dim": 32,
                    "l2_reg": 0.0425875709747736,
                    "l2_ghat": 0.005326352612386224,
                    "boost_lr": 0.5
                },
                {
                    "in_dim": 32,
                    "out_dim": 1,
                    "feature_type": "SWIM",
                    "upscale_type": "identity",
                    "randfeat_xt_dim": 512,
                    "randfeat_x0_dim": 512,
                    "n_layers": 8,
                    "hidden_dim": 32,
                    "l2_reg": 0.09333835879593401,
                    "l2_ghat": 0.006139741280183738,
                    "boost_lr": 0.9
                },
                {
                    "in_dim": 32,
                    "out_dim": 1,
                    "feature_type": "SWIM",
                    "upscale_type": "identity",
                    "randfeat_xt_dim": 512,
                    "randfeat_x0_dim": 512,
                    "n_layers": 1,
                    "hidden_dim": 32,
                    "l2_reg": 0.04878953980578307,
                    "l2_ghat": 0.21022641164064593,
                    "boost_lr": 0.8
                },
                {
                    "in_dim": 32,
                    "out_dim": 1,
                    "feature_type": "SWIM",
                    "upscale_type": "identity",
                    "randfeat_xt_dim": 512,
                    "randfeat_x0_dim": 512,
                    "n_layers": 1,
                    "hidden_dim": 32,
                    "l2_reg": 0.05055874658529924,
                    "l2_ghat": 0.97094374513903,
                    "boost_lr": 0.7
                },
                {
                    "in_dim": 32,
                    "out_dim": 1,
                    "feature_type": "SWIM",
                    "upscale_type": "identity",
                    "randfeat_xt_dim": 512,
                    "randfeat_x0_dim": 512,
                    "n_layers": 9,
                    "hidden_dim": 32,
                    "l2_reg": 0.0459056930432784,
                    "l2_ghat": 0.007355485940013601,
                    "boost_lr": 0.5
                }
            ]
        }
    }
}