{
    "44976": {
        "GradientRFRBoost": {
            "score_train": [
                0.12510690093040466,
                0.11155928671360016,
                0.12396913021802902,
                0.1102764904499054,
                0.12065712362527847
            ],
            "score_test": [
                0.17304277420043945,
                0.1623878926038742,
                0.1700974553823471,
                0.17501209676265717,
                0.16744863986968994
            ],
            "t_fit": [
                7.353161305189133,
                4.152230203151703,
                1.9233569353818893,
                7.702616333961487,
                7.719357922673225
            ],
            "t_inference": [
                2.1817280054092407,
                1.3866755962371826,
                0.48602189123630524,
                2.0953390300273895,
                1.8840147256851196
            ],
            "hyperparams": [
                {
                    "in_dim": 21,
                    "out_dim": 1,
                    "feature_type": "SWIM",
                    "upscale_type": "iid",
                    "randfeat_xt_dim": 512,
                    "randfeat_x0_dim": 512,
                    "activation": "tanh",
                    "n_layers": 14,
                    "hidden_dim": 346,
                    "l2_reg": 0.01235431166996816,
                    "l2_ghat": 0.0007572467996223693,
                    "boost_lr": 0.5,
                    "SWIM_scale": 1.1080111012459173,
                    "iid_scale": 1.0110963338766603
                },
                {
                    "in_dim": 21,
                    "out_dim": 1,
                    "feature_type": "SWIM",
                    "upscale_type": "iid",
                    "randfeat_xt_dim": 512,
                    "randfeat_x0_dim": 512,
                    "activation": "tanh",
                    "n_layers": 7,
                    "hidden_dim": 491,
                    "l2_reg": 0.0010507351421208944,
                    "l2_ghat": 2.606957176774145e-06,
                    "boost_lr": 0.5,
                    "SWIM_scale": 0.6684781904458194,
                    "iid_scale": 1.101818269616323
                },
                {
                    "in_dim": 21,
                    "out_dim": 1,
                    "feature_type": "SWIM",
                    "upscale_type": "iid",
                    "randfeat_xt_dim": 512,
                    "randfeat_x0_dim": 512,
                    "activation": "tanh",
                    "n_layers": 5,
                    "hidden_dim": 240,
                    "l2_reg": 0.007613078435874068,
                    "l2_ghat": 0.0001540674234390452,
                    "boost_lr": 0.5,
                    "SWIM_scale": 1.4103336809592157,
                    "iid_scale": 1.8035875035570812
                },
                {
                    "in_dim": 21,
                    "out_dim": 1,
                    "feature_type": "SWIM",
                    "upscale_type": "iid",
                    "randfeat_xt_dim": 512,
                    "randfeat_x0_dim": 512,
                    "activation": "tanh",
                    "n_layers": 12,
                    "hidden_dim": 504,
                    "l2_reg": 0.004480549282493414,
                    "l2_ghat": 0.0003201101800274384,
                    "boost_lr": 0.5,
                    "SWIM_scale": 1.2240536723448363,
                    "iid_scale": 1.4812507531097119
                },
                {
                    "in_dim": 21,
                    "out_dim": 1,
                    "feature_type": "SWIM",
                    "upscale_type": "iid",
                    "randfeat_xt_dim": 512,
                    "randfeat_x0_dim": 512,
                    "activation": "tanh",
                    "n_layers": 14,
                    "hidden_dim": 280,
                    "l2_reg": 0.002687876127529858,
                    "l2_ghat": 0.00010151469508750031,
                    "boost_lr": 0.5,
                    "SWIM_scale": 0.7840045359304438,
                    "iid_scale": 1.5756507971314446
                }
            ]
        }
    }
}