{
    "44962": {
        "GradientRFRBoost_upscaleiid_iidfeat": {
            "score_train": [
                0.4463467597961426,
                0.4478258490562439,
                0.42406901717185974,
                0.4068135917186737,
                0.43196505308151245
            ],
            "score_test": [
                0.4063869118690491,
                0.4103294014930725,
                0.48494431376457214,
                0.5462349653244019,
                0.44688478112220764
            ],
            "t_fit": [
                0.5850575156509876,
                0.4671241268515587,
                0.46743107214570045,
                0.35399796068668365,
                1.0318911857903004
            ],
            "t_inference": [
                0.08720171824097633,
                0.03417132422327995,
                0.032387491315603256,
                0.03349949046969414,
                0.14799411594867706
            ],
            "hyperparams": [
                {
                    "in_dim": 29,
                    "out_dim": 1,
                    "feature_type": "iid",
                    "upscale_type": "iid",
                    "randfeat_xt_dim": 512,
                    "randfeat_x0_dim": 512,
                    "n_layers": 7,
                    "hidden_dim": 336,
                    "l2_reg": 0.0036007249385413215,
                    "l2_ghat": 0.12487550663559616,
                    "boost_lr": 0.6,
                    "iid_scale": 0.1769430698418058
                },
                {
                    "in_dim": 29,
                    "out_dim": 1,
                    "feature_type": "iid",
                    "upscale_type": "iid",
                    "randfeat_xt_dim": 512,
                    "randfeat_x0_dim": 512,
                    "n_layers": 9,
                    "hidden_dim": 16,
                    "l2_reg": 0.9889969645666875,
                    "l2_ghat": 0.32192276800026587,
                    "boost_lr": 0.6,
                    "iid_scale": 0.18907183778959244
                },
                {
                    "in_dim": 29,
                    "out_dim": 1,
                    "feature_type": "iid",
                    "upscale_type": "iid",
                    "randfeat_xt_dim": 512,
                    "randfeat_x0_dim": 512,
                    "n_layers": 9,
                    "hidden_dim": 16,
                    "l2_reg": 0.8045555729095468,
                    "l2_ghat": 0.004091867955916268,
                    "boost_lr": 0.5,
                    "iid_scale": 0.1104736105100565
                },
                {
                    "in_dim": 29,
                    "out_dim": 1,
                    "feature_type": "iid",
                    "upscale_type": "iid",
                    "randfeat_xt_dim": 512,
                    "randfeat_x0_dim": 512,
                    "n_layers": 6,
                    "hidden_dim": 80,
                    "l2_reg": 0.012051102684375736,
                    "l2_ghat": 0.032396687139310515,
                    "boost_lr": 0.9,
                    "iid_scale": 0.10182393405268848
                },
                {
                    "in_dim": 29,
                    "out_dim": 1,
                    "feature_type": "iid",
                    "upscale_type": "iid",
                    "randfeat_xt_dim": 512,
                    "randfeat_x0_dim": 512,
                    "n_layers": 12,
                    "hidden_dim": 304,
                    "l2_reg": 0.0357768448569351,
                    "l2_ghat": 0.2570728091506252,
                    "boost_lr": 0.6,
                    "iid_scale": 0.3326168318506675
                }
            ]
        }
    }
}