{
    "44963": {
        "GradientRFRBoost": {
            "score_train": [
                0.6877619028091431,
                0.7111214995384216,
                0.6694692969322205,
                0.6974050402641296,
                0.6794872283935547
            ],
            "score_test": [
                0.7413094639778137,
                0.7687845230102539,
                0.7733951807022095,
                0.7573986053466797,
                0.7699223160743713
            ],
            "t_fit": [
                0.5141045711934566,
                3.192942228168249,
                1.9387475401163101,
                2.895543660968542,
                0.7988807503134012
            ],
            "t_inference": [
                0.10305542126297951,
                1.0033987201750278,
                0.38524167984724045,
                0.9083609543740749,
                0.1734097469598055
            ],
            "hyperparams": [
                {
                    "in_dim": 9,
                    "out_dim": 1,
                    "feature_type": "SWIM",
                    "upscale_type": "SWIM",
                    "randfeat_xt_dim": 512,
                    "randfeat_x0_dim": 512,
                    "n_layers": 2,
                    "hidden_dim": 80,
                    "l2_reg": 0.7629009358876503,
                    "l2_ghat": 1.5816226154057252e-05,
                    "boost_lr": 0.5
                },
                {
                    "in_dim": 9,
                    "out_dim": 1,
                    "feature_type": "SWIM",
                    "upscale_type": "SWIM",
                    "randfeat_xt_dim": 512,
                    "randfeat_x0_dim": 512,
                    "n_layers": 7,
                    "hidden_dim": 464,
                    "l2_reg": 0.01572931897539926,
                    "l2_ghat": 0.0020795338532085374,
                    "boost_lr": 0.5
                },
                {
                    "in_dim": 9,
                    "out_dim": 1,
                    "feature_type": "SWIM",
                    "upscale_type": "SWIM",
                    "randfeat_xt_dim": 512,
                    "randfeat_x0_dim": 512,
                    "n_layers": 8,
                    "hidden_dim": 80,
                    "l2_reg": 0.35186881854526164,
                    "l2_ghat": 0.0007346014990124343,
                    "boost_lr": 1.0
                },
                {
                    "in_dim": 9,
                    "out_dim": 1,
                    "feature_type": "SWIM",
                    "upscale_type": "SWIM",
                    "randfeat_xt_dim": 512,
                    "randfeat_x0_dim": 512,
                    "n_layers": 6,
                    "hidden_dim": 432,
                    "l2_reg": 0.0030726263538616806,
                    "l2_ghat": 0.00045331871983299147,
                    "boost_lr": 0.5
                },
                {
                    "in_dim": 9,
                    "out_dim": 1,
                    "feature_type": "SWIM",
                    "upscale_type": "SWIM",
                    "randfeat_xt_dim": 512,
                    "randfeat_x0_dim": 512,
                    "n_layers": 3,
                    "hidden_dim": 112,
                    "l2_reg": 0.8109776114332006,
                    "l2_ghat": 3.7589143331541963e-05,
                    "boost_lr": 0.5
                }
            ]
        }
    }
}