{
    "44966": {
        "RFNN_iid": {
            "score_train": [
                0.6673155426979065,
                0.7019937038421631,
                0.7483856081962585,
                0.7098795175552368,
                0.7188629508018494
            ],
            "score_test": [
                0.8545604944229126,
                0.7372602820396423,
                0.6001436710357666,
                0.7016738057136536,
                0.6829755902290344
            ],
            "t_fit": [
                0.012386493384838104,
                0.010797783732414246,
                0.00561833381652832,
                0.006891168653964996,
                0.01089005172252655
            ],
            "t_inference": [
                0.004919975996017456,
                0.002688691020011902,
                0.001446641981601715,
                0.0017186328768730164,
                0.002648189663887024
            ],
            "hyperparams": [
                {
                    "n_layers": 0,
                    "in_dim": 29,
                    "out_dim": 1,
                    "upscale_type": "SWIM",
                    "activation": "tanh",
                    "use_batchnorm": false,
                    "l2_reg": 0.003672279037194793,
                    "hidden_dim": 288,
                    "SWIM_scale": 0.4269087662697678
                },
                {
                    "n_layers": 0,
                    "in_dim": 29,
                    "out_dim": 1,
                    "upscale_type": "SWIM",
                    "activation": "tanh",
                    "use_batchnorm": false,
                    "l2_reg": 0.02618663189568113,
                    "hidden_dim": 240,
                    "SWIM_scale": 0.6998145764773417
                },
                {
                    "n_layers": 0,
                    "in_dim": 29,
                    "out_dim": 1,
                    "upscale_type": "SWIM",
                    "activation": "tanh",
                    "use_batchnorm": false,
                    "l2_reg": 0.0022909898957884493,
                    "hidden_dim": 95,
                    "SWIM_scale": 0.7475569093573535
                },
                {
                    "n_layers": 0,
                    "in_dim": 29,
                    "out_dim": 1,
                    "upscale_type": "SWIM",
                    "activation": "tanh",
                    "use_batchnorm": false,
                    "l2_reg": 0.005351416165734609,
                    "hidden_dim": 154,
                    "SWIM_scale": 0.6250170912739842
                },
                {
                    "n_layers": 0,
                    "in_dim": 29,
                    "out_dim": 1,
                    "upscale_type": "SWIM",
                    "activation": "tanh",
                    "use_batchnorm": false,
                    "l2_reg": 0.007597378310762382,
                    "hidden_dim": 266,
                    "SWIM_scale": 0.7631952442472072
                }
            ]
        }
    }
}