{
    "44967": {
        "GradientRFRBoost_ID_batchnormFalse": {
            "score_train": [
                0.7282207608222961,
                0.7345924973487854,
                0.7453953623771667,
                0.7006633281707764,
                0.7294034361839294
            ],
            "score_test": [
                0.7385134696960449,
                0.86864173412323,
                0.7736311554908752,
                0.6874579787254333,
                0.8556046485900879
            ],
            "t_fit": [
                0.44636258855462074,
                0.681003849953413,
                0.15915564075112343,
                0.16535484418272972,
                0.6145997121930122
            ],
            "t_inference": [
                0.037872374057769775,
                0.059545986354351044,
                0.014826398342847824,
                0.01633288711309433,
                0.05611399561166763
            ],
            "hyperparams": [
                {
                    "in_dim": 56,
                    "out_dim": 1,
                    "feature_type": "SWIM",
                    "upscale_type": "identity",
                    "randfeat_xt_dim": 512,
                    "randfeat_x0_dim": 512,
                    "activation": "tanh",
                    "use_batchnorm": false,
                    "n_layers": 5,
                    "l2_reg": 3.4802748163545365,
                    "l2_ghat": 0.700296784863119,
                    "boost_lr": 0.2122136260125325,
                    "hidden_dim": 56,
                    "SWIM_scale": 1.8870723886108494
                },
                {
                    "in_dim": 56,
                    "out_dim": 1,
                    "feature_type": "SWIM",
                    "upscale_type": "identity",
                    "randfeat_xt_dim": 512,
                    "randfeat_x0_dim": 512,
                    "activation": "tanh",
                    "use_batchnorm": false,
                    "n_layers": 8,
                    "l2_reg": 5.077837672831304,
                    "l2_ghat": 9.817330877301409,
                    "boost_lr": 0.49423222799006455,
                    "hidden_dim": 56,
                    "SWIM_scale": 1.115224319455334
                },
                {
                    "in_dim": 56,
                    "out_dim": 1,
                    "feature_type": "SWIM",
                    "upscale_type": "identity",
                    "randfeat_xt_dim": 512,
                    "randfeat_x0_dim": 512,
                    "activation": "tanh",
                    "use_batchnorm": false,
                    "n_layers": 2,
                    "l2_reg": 0.5200245193017987,
                    "l2_ghat": 0.024598758654156942,
                    "boost_lr": 0.14721570179835428,
                    "hidden_dim": 56,
                    "SWIM_scale": 0.4612557846234545
                },
                {
                    "in_dim": 56,
                    "out_dim": 1,
                    "feature_type": "SWIM",
                    "upscale_type": "identity",
                    "randfeat_xt_dim": 512,
                    "randfeat_x0_dim": 512,
                    "activation": "tanh",
                    "use_batchnorm": false,
                    "n_layers": 2,
                    "l2_reg": 1.7824412308984565,
                    "l2_ghat": 0.0018712762049448966,
                    "boost_lr": 0.14318141146179467,
                    "hidden_dim": 56,
                    "SWIM_scale": 0.7533046708145656
                },
                {
                    "in_dim": 56,
                    "out_dim": 1,
                    "feature_type": "SWIM",
                    "upscale_type": "identity",
                    "randfeat_xt_dim": 512,
                    "randfeat_x0_dim": 512,
                    "activation": "tanh",
                    "use_batchnorm": false,
                    "n_layers": 8,
                    "l2_reg": 0.5635888230012099,
                    "l2_ghat": 6.768130657673384,
                    "boost_lr": 0.15873283169761454,
                    "hidden_dim": 56,
                    "SWIM_scale": 0.7023710160778552
                }
            ]
        }
    }
}