{
    "44979": {
        "GradientRFRBoost_relu": {
            "score_train": [
                0.1187109425663948,
                0.10965543985366821,
                0.11054947972297668,
                0.1167774647474289,
                0.1128789484500885
            ],
            "score_test": [
                0.16883115470409393,
                0.1405070573091507,
                0.14132438600063324,
                0.13666357100009918,
                0.13165105879306793
            ],
            "t_fit": [
                5.550073629245162,
                3.5619571041315794,
                7.80855849198997,
                3.215459268540144,
                5.1840167585760355
            ],
            "t_inference": [
                1.6837242376059294,
                1.0046106036752462,
                2.1000167820602655,
                0.9420944787561893,
                1.4365544021129608
            ],
            "hyperparams": [
                {
                    "in_dim": 26,
                    "out_dim": 1,
                    "feature_type": "SWIM",
                    "upscale_type": "iid",
                    "randfeat_xt_dim": 512,
                    "randfeat_x0_dim": 512,
                    "activation": "relu",
                    "n_layers": 13,
                    "hidden_dim": 399,
                    "l2_reg": 3.3089654054705635,
                    "l2_ghat": 0.01399885667478718,
                    "boost_lr": 0.6,
                    "SWIM_scale": 0.7675180072486038,
                    "iid_scale": 0.2189295052169363
                },
                {
                    "in_dim": 26,
                    "out_dim": 1,
                    "feature_type": "SWIM",
                    "upscale_type": "iid",
                    "randfeat_xt_dim": 512,
                    "randfeat_x0_dim": 512,
                    "activation": "relu",
                    "n_layers": 7,
                    "hidden_dim": 468,
                    "l2_reg": 0.03435349351480802,
                    "l2_ghat": 0.04650898475252112,
                    "boost_lr": 0.8,
                    "SWIM_scale": 1.9041508764048902,
                    "iid_scale": 0.10002604494795624
                },
                {
                    "in_dim": 26,
                    "out_dim": 1,
                    "feature_type": "SWIM",
                    "upscale_type": "iid",
                    "randfeat_xt_dim": 512,
                    "randfeat_x0_dim": 512,
                    "activation": "relu",
                    "n_layers": 15,
                    "hidden_dim": 512,
                    "l2_reg": 1.275969206629843,
                    "l2_ghat": 0.00768261491835059,
                    "boost_lr": 0.7,
                    "SWIM_scale": 0.7875785377650755,
                    "iid_scale": 0.2837668903232086
                },
                {
                    "in_dim": 26,
                    "out_dim": 1,
                    "feature_type": "SWIM",
                    "upscale_type": "iid",
                    "randfeat_xt_dim": 512,
                    "randfeat_x0_dim": 512,
                    "activation": "relu",
                    "n_layers": 7,
                    "hidden_dim": 387,
                    "l2_reg": 0.3666825163647956,
                    "l2_ghat": 0.05106396643639264,
                    "boost_lr": 0.9,
                    "SWIM_scale": 1.733650690728577,
                    "iid_scale": 0.18190208386638484
                },
                {
                    "in_dim": 26,
                    "out_dim": 1,
                    "feature_type": "SWIM",
                    "upscale_type": "iid",
                    "randfeat_xt_dim": 512,
                    "randfeat_x0_dim": 512,
                    "activation": "relu",
                    "n_layers": 9,
                    "hidden_dim": 441,
                    "l2_reg": 0.26982034943750677,
                    "l2_ghat": 0.02945754639278411,
                    "boost_lr": 0.7,
                    "SWIM_scale": 1.5507165399106935,
                    "iid_scale": 0.14204953704354076
                }
            ]
        }
    }
}