{
    "44974": {
        "GreedyRFRBoostDense_upscaleiid": {
            "score_train": [
                0.12067048996686935,
                0.11827672272920609,
                0.10918137431144714,
                0.10353490710258484,
                0.11462617665529251
            ],
            "score_test": [
                0.15264864265918732,
                0.1740664839744568,
                0.17888952791690826,
                0.16206300258636475,
                0.15255935490131378
            ],
            "t_fit": [
                4.630019515752792,
                4.916397750377655,
                4.013088621199131,
                4.198530435562134,
                5.48651297390461
            ],
            "t_inference": [
                0.8159211203455925,
                1.1719506531953812,
                0.8109558895230293,
                0.8618691563606262,
                1.4362735077738762
            ],
            "hyperparams": [
                {
                    "in_dim": 24,
                    "out_dim": 1,
                    "feature_type": "SWIM",
                    "upscale_type": "iid",
                    "randfeat_xt_dim": 512,
                    "randfeat_x0_dim": 512,
                    "sandwich_solver": "dense",
                    "n_layers": 10,
                    "hidden_dim": 176,
                    "l2_reg": 0.12408417934874232,
                    "l2_ghat": 3.1451548379571346e-07,
                    "boost_lr": 0.8
                },
                {
                    "in_dim": 24,
                    "out_dim": 1,
                    "feature_type": "SWIM",
                    "upscale_type": "iid",
                    "randfeat_xt_dim": 512,
                    "randfeat_x0_dim": 512,
                    "sandwich_solver": "dense",
                    "n_layers": 10,
                    "hidden_dim": 368,
                    "l2_reg": 0.4391559535821724,
                    "l2_ghat": 1.7994399471979602e-07,
                    "boost_lr": 1.0
                },
                {
                    "in_dim": 24,
                    "out_dim": 1,
                    "feature_type": "SWIM",
                    "upscale_type": "iid",
                    "randfeat_xt_dim": 512,
                    "randfeat_x0_dim": 512,
                    "sandwich_solver": "dense",
                    "n_layers": 9,
                    "hidden_dim": 240,
                    "l2_reg": 0.2489263462944758,
                    "l2_ghat": 1.192892833047545e-07,
                    "boost_lr": 0.7
                },
                {
                    "in_dim": 24,
                    "out_dim": 1,
                    "feature_type": "SWIM",
                    "upscale_type": "iid",
                    "randfeat_xt_dim": 512,
                    "randfeat_x0_dim": 512,
                    "sandwich_solver": "dense",
                    "n_layers": 10,
                    "hidden_dim": 208,
                    "l2_reg": 0.43594620685542596,
                    "l2_ghat": 7.55984228257019e-08,
                    "boost_lr": 0.9
                },
                {
                    "in_dim": 24,
                    "out_dim": 1,
                    "feature_type": "SWIM",
                    "upscale_type": "iid",
                    "randfeat_xt_dim": 512,
                    "randfeat_x0_dim": 512,
                    "sandwich_solver": "dense",
                    "n_layers": 10,
                    "hidden_dim": 496,
                    "l2_reg": 0.6318516696480241,
                    "l2_ghat": 8.723361842425725e-08,
                    "boost_lr": 0.7
                }
            ]
        }
    }
}