{
    "44981": {
        "GreedyRFRBoostDiag_upscaleiid": {
            "score_train": [
                0.8789132833480835,
                0.8778370022773743,
                0.8924980759620667,
                0.8583664894104004,
                0.8730842471122742
            ],
            "score_test": [
                0.9237157702445984,
                0.924236536026001,
                0.8855035901069641,
                0.9333608150482178,
                0.892461359500885
            ],
            "t_fit": [
                1.2767668645828962,
                2.575469294562936,
                6.577893199399114,
                5.2562250178307295,
                9.793235981836915
            ],
            "t_inference": [
                0.44326902367174625,
                0.7453969847410917,
                1.7395545653998852,
                1.6010100319981575,
                3.0479872934520245
            ],
            "hyperparams": [
                {
                    "in_dim": 32,
                    "out_dim": 1,
                    "feature_type": "SWIM",
                    "upscale_type": "iid",
                    "randfeat_xt_dim": 512,
                    "randfeat_x0_dim": 512,
                    "sandwich_solver": "diag",
                    "n_layers": 2,
                    "hidden_dim": 400,
                    "l2_reg": 0.08658865775496719,
                    "l2_ghat": 3.4494473133971846e-05,
                    "boost_lr": 0.7,
                    "SWIM_scale": 1.5570400832943252
                },
                {
                    "in_dim": 32,
                    "out_dim": 1,
                    "feature_type": "SWIM",
                    "upscale_type": "iid",
                    "randfeat_xt_dim": 512,
                    "randfeat_x0_dim": 512,
                    "sandwich_solver": "diag",
                    "n_layers": 8,
                    "hidden_dim": 272,
                    "l2_reg": 0.0952916174666957,
                    "l2_ghat": 1.2530829832899589e-05,
                    "boost_lr": 0.8,
                    "SWIM_scale": 1.2745743602003528
                },
                {
                    "in_dim": 32,
                    "out_dim": 1,
                    "feature_type": "SWIM",
                    "upscale_type": "iid",
                    "randfeat_xt_dim": 512,
                    "randfeat_x0_dim": 512,
                    "sandwich_solver": "diag",
                    "n_layers": 14,
                    "hidden_dim": 336,
                    "l2_reg": 0.45370294164998726,
                    "l2_ghat": 1.3689708634727487e-05,
                    "boost_lr": 0.8,
                    "SWIM_scale": 1.7943078466737772
                },
                {
                    "in_dim": 32,
                    "out_dim": 1,
                    "feature_type": "SWIM",
                    "upscale_type": "iid",
                    "randfeat_xt_dim": 512,
                    "randfeat_x0_dim": 512,
                    "sandwich_solver": "diag",
                    "n_layers": 12,
                    "hidden_dim": 368,
                    "l2_reg": 0.042782331478741865,
                    "l2_ghat": 1.7375247740163968e-06,
                    "boost_lr": 0.7,
                    "SWIM_scale": 0.8757297979442988
                },
                {
                    "in_dim": 32,
                    "out_dim": 1,
                    "feature_type": "SWIM",
                    "upscale_type": "iid",
                    "randfeat_xt_dim": 512,
                    "randfeat_x0_dim": 512,
                    "sandwich_solver": "diag",
                    "n_layers": 15,
                    "hidden_dim": 432,
                    "l2_reg": 0.4378578741695497,
                    "l2_ghat": 1.1813797830885469e-05,
                    "boost_lr": 0.7,
                    "SWIM_scale": 1.9845041603884137
                }
            ]
        }
    }
}