{
    "44966": {
        "GreedyRFRBoostDense": {
            "score_train": [
                0.6647501587867737,
                0.7041330337524414,
                0.7257469296455383,
                0.7077203392982483,
                0.7177197337150574
            ],
            "score_test": [
                0.8650709986686707,
                0.7500829696655273,
                0.6210957765579224,
                0.6979613304138184,
                0.6801660060882568
            ],
            "t_fit": [
                0.545600950717926,
                2.598864808678627,
                0.8702711202204227,
                4.634684205055237,
                2.3878154903650284
            ],
            "t_inference": [
                0.016987260431051254,
                0.16758614778518677,
                0.04849479719996452,
                0.40050290524959564,
                0.23553339764475822
            ],
            "hyperparams": [
                {
                    "in_dim": 29,
                    "out_dim": 1,
                    "feature_type": "SWIM",
                    "upscale_type": "iid",
                    "randfeat_xt_dim": 512,
                    "randfeat_x0_dim": 512,
                    "sandwich_solver": "dense",
                    "n_layers": 2,
                    "hidden_dim": 16,
                    "l2_reg": 0.9187779196238206,
                    "l2_ghat": 2.072773325177007e-05,
                    "boost_lr": 0.9,
                    "SWIM_scale": -0.11766772963852579
                },
                {
                    "in_dim": 29,
                    "out_dim": 1,
                    "feature_type": "SWIM",
                    "upscale_type": "iid",
                    "randfeat_xt_dim": 512,
                    "randfeat_x0_dim": 512,
                    "sandwich_solver": "dense",
                    "n_layers": 9,
                    "hidden_dim": 176,
                    "l2_reg": 3.849330787285227,
                    "l2_ghat": 0.9968305812323955,
                    "boost_lr": 0.8,
                    "SWIM_scale": -0.5103741365267453
                },
                {
                    "in_dim": 29,
                    "out_dim": 1,
                    "feature_type": "SWIM",
                    "upscale_type": "iid",
                    "randfeat_xt_dim": 512,
                    "randfeat_x0_dim": 512,
                    "sandwich_solver": "dense",
                    "n_layers": 3,
                    "hidden_dim": 144,
                    "l2_reg": 7.0735769626010425,
                    "l2_ghat": 1.1855736625655336e-05,
                    "boost_lr": 0.7,
                    "SWIM_scale": 0.20289871295674788
                },
                {
                    "in_dim": 29,
                    "out_dim": 1,
                    "feature_type": "SWIM",
                    "upscale_type": "iid",
                    "randfeat_xt_dim": 512,
                    "randfeat_x0_dim": 512,
                    "sandwich_solver": "dense",
                    "n_layers": 15,
                    "hidden_dim": 304,
                    "l2_reg": 3.861232938151944,
                    "l2_ghat": 0.011509147132379936,
                    "boost_lr": 1.0,
                    "SWIM_scale": 0.3301778311911353
                },
                {
                    "in_dim": 29,
                    "out_dim": 1,
                    "feature_type": "SWIM",
                    "upscale_type": "iid",
                    "randfeat_xt_dim": 512,
                    "randfeat_x0_dim": 512,
                    "sandwich_solver": "dense",
                    "n_layers": 8,
                    "hidden_dim": 400,
                    "l2_reg": 7.223887098708312,
                    "l2_ghat": 0.002249834233522459,
                    "boost_lr": 0.5,
                    "SWIM_scale": -0.4085559480733151
                }
            ]
        }
    }
}