{
    "44963": {
        "GreedyRFRBoostDense": {
            "score_train": [
                0.6894250512123108,
                0.6738795638084412,
                0.6718094944953918,
                0.6965746879577637,
                0.6976290345191956
            ],
            "score_test": [
                0.7603638172149658,
                0.7718941569328308,
                0.7652832269668579,
                0.7589399814605713,
                0.7726141214370728
            ],
            "t_fit": [
                1.1382097378373146,
                0.696297537535429,
                2.0607002936303616,
                1.4090255349874496,
                4.246118374168873
            ],
            "t_inference": [
                0.17581386119127274,
                0.07517444342374802,
                0.4795526750385761,
                0.1574714072048664,
                0.5303985252976418
            ],
            "hyperparams": [
                {
                    "in_dim": 9,
                    "out_dim": 1,
                    "feature_type": "SWIM",
                    "upscale_type": "iid",
                    "randfeat_xt_dim": 512,
                    "randfeat_x0_dim": 512,
                    "sandwich_solver": "dense",
                    "activation": "tanh",
                    "n_layers": 3,
                    "hidden_dim": 95,
                    "l2_reg": 9.511734251642318,
                    "l2_ghat": 3.224214954860673e-05,
                    "boost_lr": 0.8,
                    "SWIM_scale": 0.9955093710336705
                },
                {
                    "in_dim": 9,
                    "out_dim": 1,
                    "feature_type": "SWIM",
                    "upscale_type": "iid",
                    "randfeat_xt_dim": 512,
                    "randfeat_x0_dim": 512,
                    "sandwich_solver": "dense",
                    "activation": "tanh",
                    "n_layers": 2,
                    "hidden_dim": 28,
                    "l2_reg": 4.021903074552957,
                    "l2_ghat": 2.9043291295961676e-06,
                    "boost_lr": 0.6,
                    "SWIM_scale": 0.9461773531120989
                },
                {
                    "in_dim": 9,
                    "out_dim": 1,
                    "feature_type": "SWIM",
                    "upscale_type": "iid",
                    "randfeat_xt_dim": 512,
                    "randfeat_x0_dim": 512,
                    "sandwich_solver": "dense",
                    "activation": "tanh",
                    "n_layers": 4,
                    "hidden_dim": 278,
                    "l2_reg": 2.457108311889322,
                    "l2_ghat": 6.99609597351587e-06,
                    "boost_lr": 0.6,
                    "SWIM_scale": 0.6975267383023341
                },
                {
                    "in_dim": 9,
                    "out_dim": 1,
                    "feature_type": "SWIM",
                    "upscale_type": "iid",
                    "randfeat_xt_dim": 512,
                    "randfeat_x0_dim": 512,
                    "sandwich_solver": "dense",
                    "activation": "tanh",
                    "n_layers": 4,
                    "hidden_dim": 33,
                    "l2_reg": 0.818878973385604,
                    "l2_ghat": 2.4140334451180457e-05,
                    "boost_lr": 0.5,
                    "SWIM_scale": 0.5061552716315759
                },
                {
                    "in_dim": 9,
                    "out_dim": 1,
                    "feature_type": "SWIM",
                    "upscale_type": "iid",
                    "randfeat_xt_dim": 512,
                    "randfeat_x0_dim": 512,
                    "sandwich_solver": "dense",
                    "activation": "tanh",
                    "n_layers": 11,
                    "hidden_dim": 65,
                    "l2_reg": 0.9212939559214273,
                    "l2_ghat": 9.984743290692565e-05,
                    "boost_lr": 0.5,
                    "SWIM_scale": 0.5414208074455488
                }
            ]
        }
    }
}