{
    "44957": {
        "GradientRFRBoost": {
            "score_train": [
                0.17145027220249176,
                0.1770354062318802,
                0.1691644936800003,
                0.16650527715682983,
                0.1569603532552719
            ],
            "score_test": [
                0.26548317074775696,
                0.27934810519218445,
                0.2530028820037842,
                0.26153886318206787,
                0.24786598980426788
            ],
            "t_fit": [
                2.351647425442934,
                0.6758587919175625,
                2.513959836214781,
                1.3555661104619503,
                0.6459251008927822
            ],
            "t_inference": [
                0.5355666615068913,
                0.07234036177396774,
                0.3983916789293289,
                0.2449546940624714,
                0.09783347323536873
            ],
            "hyperparams": [
                {
                    "in_dim": 5,
                    "out_dim": 1,
                    "feature_type": "SWIM",
                    "upscale_type": "SWIM",
                    "randfeat_xt_dim": 512,
                    "randfeat_x0_dim": 512,
                    "n_layers": 10,
                    "hidden_dim": 304,
                    "l2_reg": 0.4963211633747108,
                    "l2_ghat": 0.0017739155450596307,
                    "boost_lr": 0.7,
                    "SWIM_scale": 1.28515592424252
                },
                {
                    "in_dim": 5,
                    "out_dim": 1,
                    "feature_type": "SWIM",
                    "upscale_type": "SWIM",
                    "randfeat_xt_dim": 512,
                    "randfeat_x0_dim": 512,
                    "n_layers": 4,
                    "hidden_dim": 80,
                    "l2_reg": 0.43507088962888596,
                    "l2_ghat": 0.00048056978784794186,
                    "boost_lr": 0.5,
                    "SWIM_scale": 1.6707788570133726
                },
                {
                    "in_dim": 5,
                    "out_dim": 1,
                    "feature_type": "SWIM",
                    "upscale_type": "SWIM",
                    "randfeat_xt_dim": 512,
                    "randfeat_x0_dim": 512,
                    "n_layers": 15,
                    "hidden_dim": 208,
                    "l2_reg": 0.23519759884152808,
                    "l2_ghat": 0.010765442000678459,
                    "boost_lr": 0.8,
                    "SWIM_scale": 1.473157573750075
                },
                {
                    "in_dim": 5,
                    "out_dim": 1,
                    "feature_type": "SWIM",
                    "upscale_type": "SWIM",
                    "randfeat_xt_dim": 512,
                    "randfeat_x0_dim": 512,
                    "n_layers": 8,
                    "hidden_dim": 208,
                    "l2_reg": 0.5650373206116024,
                    "l2_ghat": 0.0018194474961063748,
                    "boost_lr": 0.7,
                    "SWIM_scale": 1.2809998491313086
                },
                {
                    "in_dim": 5,
                    "out_dim": 1,
                    "feature_type": "SWIM",
                    "upscale_type": "SWIM",
                    "randfeat_xt_dim": 512,
                    "randfeat_x0_dim": 512,
                    "n_layers": 4,
                    "hidden_dim": 176,
                    "l2_reg": 0.8726798245317817,
                    "l2_ghat": 0.00019348701947004342,
                    "boost_lr": 0.9,
                    "SWIM_scale": 1.1173741878314134
                }
            ]
        }
    }
}