{
    "44972": {
        "RFNN": {
            "score_train": [
                0.759608268737793,
                0.7189420461654663,
                0.7316251397132874,
                0.7295380234718323,
                0.723526120185852
            ],
            "score_test": [
                0.7645601034164429,
                0.7921901345252991,
                0.7237157225608826,
                0.8154703974723816,
                0.7767378687858582
            ],
            "t_fit": [
                0.00608883798122406,
                0.015420183539390564,
                0.022168293595314026,
                0.013716921210289001,
                0.020953834056854248
            ],
            "t_inference": [
                0.00118178129196167,
                0.003353521227836609,
                0.004765331745147705,
                0.0034478306770324707,
                0.005119398236274719
            ],
            "hyperparams": [
                {
                    "n_layers": 0,
                    "in_dim": 11,
                    "out_dim": 1,
                    "upscale_type": "SWIM",
                    "activation": "tanh",
                    "use_batchnorm": false,
                    "l2_reg": 0.0001030117304190323,
                    "hidden_dim": 73,
                    "SWIM_scale": 0.591338426816457
                },
                {
                    "n_layers": 0,
                    "in_dim": 11,
                    "out_dim": 1,
                    "upscale_type": "SWIM",
                    "activation": "tanh",
                    "use_batchnorm": false,
                    "l2_reg": 0.0038417905465819116,
                    "hidden_dim": 252,
                    "SWIM_scale": 0.9973225100042997
                },
                {
                    "n_layers": 0,
                    "in_dim": 11,
                    "out_dim": 1,
                    "upscale_type": "SWIM",
                    "activation": "tanh",
                    "use_batchnorm": false,
                    "l2_reg": 0.03656145735442941,
                    "hidden_dim": 380,
                    "SWIM_scale": 1.8544164176266928
                },
                {
                    "n_layers": 0,
                    "in_dim": 11,
                    "out_dim": 1,
                    "upscale_type": "SWIM",
                    "activation": "tanh",
                    "use_batchnorm": false,
                    "l2_reg": 0.015493523910761253,
                    "hidden_dim": 261,
                    "SWIM_scale": 1.084825537109544
                },
                {
                    "n_layers": 0,
                    "in_dim": 11,
                    "out_dim": 1,
                    "upscale_type": "SWIM",
                    "activation": "tanh",
                    "use_batchnorm": false,
                    "l2_reg": 0.003144723129486666,
                    "hidden_dim": 358,
                    "SWIM_scale": 0.6490569476475905
                }
            ]
        }
    }
}