{
    "45012": {
        "RFNN": {
            "score_train": [
                0.3266609013080597,
                0.3137924373149872,
                0.3111918568611145,
                0.32176485657691956,
                0.3219316303730011
            ],
            "score_test": [
                0.33850744366645813,
                0.37439867854118347,
                0.35259029269218445,
                0.33059751987457275,
                0.31450238823890686
            ],
            "t_fit": [
                0.0691726952791214,
                0.07205112278461456,
                0.11570292711257935,
                0.10387222841382027,
                0.09154382720589638
            ],
            "t_inference": [
                0.027879133820533752,
                0.03190242871642113,
                0.03957606479525566,
                0.04060366004705429,
                0.03593508154153824
            ],
            "hyperparams": [
                {
                    "n_layers": 0,
                    "in_dim": 190,
                    "out_dim": 1,
                    "upscale_type": "SWIM",
                    "activation": "tanh",
                    "use_batchnorm": false,
                    "l2_reg": 0.00041452863845732883,
                    "hidden_dim": 408,
                    "SWIM_scale": 1.0639772993949206
                },
                {
                    "n_layers": 0,
                    "in_dim": 190,
                    "out_dim": 1,
                    "upscale_type": "SWIM",
                    "activation": "tanh",
                    "use_batchnorm": false,
                    "l2_reg": 0.0005127219362534806,
                    "hidden_dim": 407,
                    "SWIM_scale": 1.3892654570304885
                },
                {
                    "n_layers": 0,
                    "in_dim": 190,
                    "out_dim": 1,
                    "upscale_type": "SWIM",
                    "activation": "tanh",
                    "use_batchnorm": false,
                    "l2_reg": 0.0003175035925474751,
                    "hidden_dim": 497,
                    "SWIM_scale": 1.2795484949487814
                },
                {
                    "n_layers": 0,
                    "in_dim": 190,
                    "out_dim": 1,
                    "upscale_type": "SWIM",
                    "activation": "tanh",
                    "use_batchnorm": false,
                    "l2_reg": 0.0002371695812329849,
                    "hidden_dim": 459,
                    "SWIM_scale": 1.0979993179638488
                },
                {
                    "n_layers": 0,
                    "in_dim": 190,
                    "out_dim": 1,
                    "upscale_type": "SWIM",
                    "activation": "tanh",
                    "use_batchnorm": false,
                    "l2_reg": 0.0006221489162785979,
                    "hidden_dim": 506,
                    "SWIM_scale": 1.3959579392293044
                }
            ]
        }
    }
}