{
    "44967": {
        "GradientRFRBoostID": {
            "score_train": [
                0.751535952091217,
                0.7359195947647095,
                0.742790937423706,
                0.7665644884109497,
                0.7266616821289062
            ],
            "score_test": [
                0.7639699578285217,
                0.8656505346298218,
                0.7747961282730103,
                0.7041970491409302,
                0.8522147536277771
            ],
            "t_fit": [
                0.32387746684253216,
                0.7121986225247383,
                0.18372333981096745,
                0.6820183806121349,
                0.3662134259939194
            ],
            "t_inference": [
                0.03137068822979927,
                0.06782537698745728,
                0.019396711140871048,
                0.06689639762043953,
                0.034750187769532204
            ],
            "hyperparams": [
                {
                    "in_dim": 56,
                    "out_dim": 1,
                    "feature_type": "SWIM",
                    "upscale_type": "identity",
                    "randfeat_xt_dim": 512,
                    "randfeat_x0_dim": 512,
                    "n_layers": 5,
                    "hidden_dim": 56,
                    "l2_reg": 0.4493398404142051,
                    "l2_ghat": 4.869142401133289,
                    "boost_lr": 1.0,
                    "SWIM_scale": -0.75
                },
                {
                    "in_dim": 56,
                    "out_dim": 1,
                    "feature_type": "SWIM",
                    "upscale_type": "identity",
                    "randfeat_xt_dim": 512,
                    "randfeat_x0_dim": 512,
                    "n_layers": 11,
                    "hidden_dim": 56,
                    "l2_reg": 0.7976576722933671,
                    "l2_ghat": 7.190938419015806,
                    "boost_lr": 0.6,
                    "SWIM_scale": -0.75
                },
                {
                    "in_dim": 56,
                    "out_dim": 1,
                    "feature_type": "SWIM",
                    "upscale_type": "identity",
                    "randfeat_xt_dim": 512,
                    "randfeat_x0_dim": 512,
                    "n_layers": 3,
                    "hidden_dim": 56,
                    "l2_reg": 0.44393337261958465,
                    "l2_ghat": 3.303701780161937,
                    "boost_lr": 0.5,
                    "SWIM_scale": -0.75
                },
                {
                    "in_dim": 56,
                    "out_dim": 1,
                    "feature_type": "SWIM",
                    "upscale_type": "identity",
                    "randfeat_xt_dim": 512,
                    "randfeat_x0_dim": 512,
                    "n_layers": 10,
                    "hidden_dim": 56,
                    "l2_reg": 0.7503756432701766,
                    "l2_ghat": 9.955029779957185,
                    "boost_lr": 0.5,
                    "SWIM_scale": -0.75
                },
                {
                    "in_dim": 56,
                    "out_dim": 1,
                    "feature_type": "SWIM",
                    "upscale_type": "identity",
                    "randfeat_xt_dim": 512,
                    "randfeat_x0_dim": 512,
                    "n_layers": 5,
                    "hidden_dim": 56,
                    "l2_reg": 0.44149176329678613,
                    "l2_ghat": 9.922057615689235,
                    "boost_lr": 0.6,
                    "SWIM_scale": -0.75
                }
            ]
        }
    }
}