{
    "44966": {
        "GreedyRFRBoostScalar": {
            "score_train": [
                0.6678701639175415,
                0.7032618522644043,
                0.7259770631790161,
                0.7076854705810547,
                0.7177008986473083
            ],
            "score_test": [
                0.8589058518409729,
                0.7473642230033875,
                0.6172060966491699,
                0.6983031630516052,
                0.6805554628372192
            ],
            "t_fit": [
                0.11380520835518837,
                0.18242726288735867,
                0.12404722534120083,
                0.11955809220671654,
                0.306911688297987
            ],
            "t_inference": [
                0.04246160574257374,
                0.07032821327447891,
                0.047354938462376595,
                0.04539567604660988,
                0.1235248614102602
            ],
            "hyperparams": [
                {
                    "in_dim": 29,
                    "out_dim": 1,
                    "feature_type": "SWIM",
                    "upscale_type": "iid",
                    "randfeat_xt_dim": 512,
                    "randfeat_x0_dim": 512,
                    "sandwich_solver": "scalar",
                    "n_layers": 3,
                    "hidden_dim": 512,
                    "l2_reg": 5.443437579427102,
                    "l2_ghat": 0.00806850575218042,
                    "boost_lr": 0.9,
                    "SWIM_scale": -0.75
                },
                {
                    "in_dim": 29,
                    "out_dim": 1,
                    "feature_type": "SWIM",
                    "upscale_type": "iid",
                    "randfeat_xt_dim": 512,
                    "randfeat_x0_dim": 512,
                    "sandwich_solver": "scalar",
                    "n_layers": 5,
                    "hidden_dim": 512,
                    "l2_reg": 9.973889998092274,
                    "l2_ghat": 2.590792992596385e-06,
                    "boost_lr": 1.0,
                    "SWIM_scale": -0.75
                },
                {
                    "in_dim": 29,
                    "out_dim": 1,
                    "feature_type": "SWIM",
                    "upscale_type": "iid",
                    "randfeat_xt_dim": 512,
                    "randfeat_x0_dim": 512,
                    "sandwich_solver": "scalar",
                    "n_layers": 3,
                    "hidden_dim": 512,
                    "l2_reg": 4.708896626239096,
                    "l2_ghat": 0.007820176729645162,
                    "boost_lr": 0.9,
                    "SWIM_scale": -0.75
                },
                {
                    "in_dim": 29,
                    "out_dim": 1,
                    "feature_type": "SWIM",
                    "upscale_type": "iid",
                    "randfeat_xt_dim": 512,
                    "randfeat_x0_dim": 512,
                    "sandwich_solver": "scalar",
                    "n_layers": 3,
                    "hidden_dim": 512,
                    "l2_reg": 5.21071805764112,
                    "l2_ghat": 4.7205616511198056e-05,
                    "boost_lr": 0.8,
                    "SWIM_scale": -0.75
                },
                {
                    "in_dim": 29,
                    "out_dim": 1,
                    "feature_type": "SWIM",
                    "upscale_type": "iid",
                    "randfeat_xt_dim": 512,
                    "randfeat_x0_dim": 512,
                    "sandwich_solver": "scalar",
                    "n_layers": 8,
                    "hidden_dim": 512,
                    "l2_reg": 7.907446560384434,
                    "l2_ghat": 1.860458594429865,
                    "boost_lr": 0.9,
                    "SWIM_scale": -0.75
                }
            ]
        }
    }
}