{
    "44978": {
        "XGBoostRegressor": {
            "score_train": [
                0.07977075129747391,
                0.12196411192417145
            ],
            "score_test": [
                0.1280432492494583,
                0.15581253170967102
            ],
            "t_fit": [
                0.2452985300005821,
                0.2646450729989738
            ],
            "t_inference": [
                0.009471036999457283,
                0.0076495880020956974
            ],
            "hyperparams": [
                {
                    "objective": "reg:squarederror",
                    "lambda": 0.07350388728746338,
                    "learning_rate": 0.04421832540621706,
                    "n_estimators": 256,
                    "max_depth": 5
                },
                {
                    "objective": "reg:squarederror",
                    "lambda": 0.0022003210830366946,
                    "learning_rate": 0.020307437190575595,
                    "n_estimators": 116,
                    "max_depth": 7
                }
            ]
        }
    }
}