{
    "44958": {
        "GradientRFRBoost": {
            "score_train": [
                0.17139726877212524,
                0.17983442544937134,
                0.17376947402954102,
                0.19952505826950073,
                0.18828479945659637
            ],
            "score_test": [
                0.30839261412620544,
                0.2510307729244232,
                0.2277424931526184,
                0.22044627368450165,
                0.21527813374996185
            ],
            "t_fit": [
                0.5540725439786911,
                0.2920395992696285,
                0.6177786849439144,
                0.3174540400505066,
                0.2430004235357046
            ],
            "t_inference": [
                0.12260870449244976,
                0.06571286357939243,
                0.1605262439697981,
                0.07163366489112377,
                0.05485005863010883
            ],
            "hyperparams": [
                {
                    "in_dim": 16,
                    "out_dim": 1,
                    "feature_type": "SWIM",
                    "upscale_type": "SWIM",
                    "randfeat_xt_dim": 512,
                    "randfeat_x0_dim": 512,
                    "n_layers": 2,
                    "hidden_dim": 336,
                    "l2_reg": 0.04475729252762048,
                    "l2_ghat": 2.5760364270958707e-06,
                    "boost_lr": 0.8
                },
                {
                    "in_dim": 16,
                    "out_dim": 1,
                    "feature_type": "SWIM",
                    "upscale_type": "SWIM",
                    "randfeat_xt_dim": 512,
                    "randfeat_x0_dim": 512,
                    "n_layers": 1,
                    "hidden_dim": 368,
                    "l2_reg": 0.03246491275653114,
                    "l2_ghat": 1.0201836644812132e-06,
                    "boost_lr": 0.7
                },
                {
                    "in_dim": 16,
                    "out_dim": 1,
                    "feature_type": "SWIM",
                    "upscale_type": "SWIM",
                    "randfeat_xt_dim": 512,
                    "randfeat_x0_dim": 512,
                    "n_layers": 2,
                    "hidden_dim": 496,
                    "l2_reg": 0.0420004031194466,
                    "l2_ghat": 2.171206525336876e-06,
                    "boost_lr": 0.6
                },
                {
                    "in_dim": 16,
                    "out_dim": 1,
                    "feature_type": "SWIM",
                    "upscale_type": "SWIM",
                    "randfeat_xt_dim": 512,
                    "randfeat_x0_dim": 512,
                    "n_layers": 1,
                    "hidden_dim": 400,
                    "l2_reg": 0.09427057938203501,
                    "l2_ghat": 1.372907603773605e-06,
                    "boost_lr": 0.7
                },
                {
                    "in_dim": 16,
                    "out_dim": 1,
                    "feature_type": "SWIM",
                    "upscale_type": "SWIM",
                    "randfeat_xt_dim": 512,
                    "randfeat_x0_dim": 512,
                    "n_layers": 1,
                    "hidden_dim": 304,
                    "l2_reg": 0.029494532502241377,
                    "l2_ghat": 1.0529119974210301e-06,
                    "boost_lr": 1.0
                }
            ]
        }
    }
}