{
    "44973": {
        "End2End": {
            "score_train": [
                0.20543202757835388,
                0.25184038281440735
            ],
            "score_test": [
                0.23596858978271484,
                0.27329590916633606
            ],
            "t_fit": [
                2.287686687999667,
                0.8133665929999552
            ],
            "t_inference": [
                0.031098911000299267,
                0.0132775269994454
            ],
            "hyperparams": [
                {
                    "in_dim": 12,
                    "out_dim": 1,
                    "loss": "mse",
                    "n_blocks": 5,
                    "hidden_dim": 128,
                    "bottleneck_dim": 32,
                    "lr": 0.007209568892758949,
                    "end_lr_factor": 0.8756078687127308,
                    "n_epochs": 7,
                    "weight_decay": 5.1296916651582857e-05,
                    "batch_size": 96
                },
                {
                    "in_dim": 12,
                    "out_dim": 1,
                    "loss": "mse",
                    "n_blocks": 1,
                    "hidden_dim": 128,
                    "bottleneck_dim": 128,
                    "lr": 0.015703891013317775,
                    "end_lr_factor": 0.39285705517720665,
                    "n_epochs": 6,
                    "weight_decay": 0.007616819765935204,
                    "batch_size": 128
                }
            ]
        }
    }
}