{
    "44965": {
        "GreedyRFRBoostScalar": {
            "score_train": [
                0.7877426743507385,
                0.783031702041626,
                0.7460545301437378,
                0.7392909526824951,
                0.7823795080184937
            ],
            "score_test": [
                0.8831336498260498,
                0.8670474886894226,
                0.8710001707077026,
                0.991204023361206,
                0.7435851693153381
            ],
            "t_fit": [
                0.7962232828140259,
                0.32136497646570206,
                1.3512172400951385,
                0.31408216804265976,
                0.4427381455898285
            ],
            "t_inference": [
                0.26309308782219887,
                0.09436801075935364,
                0.5146728344261646,
                0.1074855588376522,
                0.13979817181825638
            ],
            "hyperparams": [
                {
                    "in_dim": 116,
                    "out_dim": 1,
                    "feature_type": "SWIM",
                    "upscale_type": "SWIM",
                    "randfeat_xt_dim": 512,
                    "randfeat_x0_dim": 512,
                    "sandwich_solver": "scalar",
                    "n_layers": 15,
                    "hidden_dim": 496,
                    "l2_reg": 0.08387377044497392,
                    "l2_ghat": 1.0438958285468048e-07,
                    "boost_lr": 0.8,
                    "SWIM_scale": 0.9529705010731528
                },
                {
                    "in_dim": 116,
                    "out_dim": 1,
                    "feature_type": "SWIM",
                    "upscale_type": "SWIM",
                    "randfeat_xt_dim": 512,
                    "randfeat_x0_dim": 512,
                    "sandwich_solver": "scalar",
                    "n_layers": 3,
                    "hidden_dim": 496,
                    "l2_reg": 0.03436930368356283,
                    "l2_ghat": 0.0029587301726984147,
                    "boost_lr": 0.7,
                    "SWIM_scale": 0.7555657425791126
                },
                {
                    "in_dim": 116,
                    "out_dim": 1,
                    "feature_type": "SWIM",
                    "upscale_type": "SWIM",
                    "randfeat_xt_dim": 512,
                    "randfeat_x0_dim": 512,
                    "sandwich_solver": "scalar",
                    "n_layers": 14,
                    "hidden_dim": 496,
                    "l2_reg": 0.0332776731406947,
                    "l2_ghat": 0.012965176028939615,
                    "boost_lr": 0.7,
                    "SWIM_scale": 1.1456927640784407
                },
                {
                    "in_dim": 116,
                    "out_dim": 1,
                    "feature_type": "SWIM",
                    "upscale_type": "SWIM",
                    "randfeat_xt_dim": 512,
                    "randfeat_x0_dim": 512,
                    "sandwich_solver": "scalar",
                    "n_layers": 7,
                    "hidden_dim": 400,
                    "l2_reg": 0.11049041979548833,
                    "l2_ghat": 0.1071110263163772,
                    "boost_lr": 0.9,
                    "SWIM_scale": 1.8340255399384746
                },
                {
                    "in_dim": 116,
                    "out_dim": 1,
                    "feature_type": "SWIM",
                    "upscale_type": "SWIM",
                    "randfeat_xt_dim": 512,
                    "randfeat_x0_dim": 512,
                    "sandwich_solver": "scalar",
                    "n_layers": 9,
                    "hidden_dim": 464,
                    "l2_reg": 0.062230054326056765,
                    "l2_ghat": 0.09240267655586958,
                    "boost_lr": 0.9,
                    "SWIM_scale": 1.3609408629679842
                }
            ]
        }
    }
}