{
    "44976": {
        "GreedyRFRBoostDiag_batchnormFalse": {
            "score_train": [
                0.149673193693161,
                0.15179875493049622,
                0.15021507441997528,
                0.14408820867538452,
                0.1450512409210205
            ],
            "score_test": [
                0.18423683941364288,
                0.1819525510072708,
                0.18484438955783844,
                0.19640116393566132,
                0.18266183137893677
            ],
            "t_fit": [
                1.3063877262175083,
                0.6793361268937588,
                1.327072635293007,
                1.0586305633187294,
                0.8807896189391613
            ],
            "t_inference": [
                0.4655801095068455,
                0.21675723791122437,
                0.47778575122356415,
                0.34771818295121193,
                0.2769117057323456
            ],
            "hyperparams": [
                {
                    "in_dim": 21,
                    "out_dim": 1,
                    "feature_type": "SWIM",
                    "upscale_type": "SWIM",
                    "randfeat_xt_dim": 512,
                    "randfeat_x0_dim": 512,
                    "sandwich_solver": "diag",
                    "activation": "tanh",
                    "use_batchnorm": false,
                    "n_layers": 6,
                    "l2_reg": 3.073810046308449e-05,
                    "l2_ghat": 1.9115666572972202e-05,
                    "boost_lr": 0.7543795029184981,
                    "hidden_dim": 482,
                    "SWIM_scale": 1.534526308898205
                },
                {
                    "in_dim": 21,
                    "out_dim": 1,
                    "feature_type": "SWIM",
                    "upscale_type": "SWIM",
                    "randfeat_xt_dim": 512,
                    "randfeat_x0_dim": 512,
                    "sandwich_solver": "diag",
                    "activation": "tanh",
                    "use_batchnorm": false,
                    "n_layers": 3,
                    "l2_reg": 1.789319797702481e-05,
                    "l2_ghat": 1.004020617006625e-06,
                    "boost_lr": 0.8797106712433077,
                    "hidden_dim": 512,
                    "SWIM_scale": 0.7486366361695135
                },
                {
                    "in_dim": 21,
                    "out_dim": 1,
                    "feature_type": "SWIM",
                    "upscale_type": "SWIM",
                    "randfeat_xt_dim": 512,
                    "randfeat_x0_dim": 512,
                    "sandwich_solver": "diag",
                    "activation": "tanh",
                    "use_batchnorm": false,
                    "n_layers": 9,
                    "l2_reg": 1.0324670296511651e-05,
                    "l2_ghat": 4.1166784242119975e-06,
                    "boost_lr": 0.607809446213761,
                    "hidden_dim": 371,
                    "SWIM_scale": 1.105318104467528
                },
                {
                    "in_dim": 21,
                    "out_dim": 1,
                    "feature_type": "SWIM",
                    "upscale_type": "SWIM",
                    "randfeat_xt_dim": 512,
                    "randfeat_x0_dim": 512,
                    "sandwich_solver": "diag",
                    "activation": "tanh",
                    "use_batchnorm": false,
                    "n_layers": 5,
                    "l2_reg": 1.3201613401430484e-05,
                    "l2_ghat": 9.17529785724392e-06,
                    "boost_lr": 0.8769243870696408,
                    "hidden_dim": 512,
                    "SWIM_scale": 1.0073374831490314
                },
                {
                    "in_dim": 21,
                    "out_dim": 1,
                    "feature_type": "SWIM",
                    "upscale_type": "SWIM",
                    "randfeat_xt_dim": 512,
                    "randfeat_x0_dim": 512,
                    "sandwich_solver": "diag",
                    "activation": "tanh",
                    "use_batchnorm": false,
                    "n_layers": 4,
                    "l2_reg": 3.308919613282933e-05,
                    "l2_ghat": 1.0562664998923254e-06,
                    "boost_lr": 0.8678608203810664,
                    "hidden_dim": 512,
                    "SWIM_scale": 1.0218240443096207
                }
            ]
        }
    }
}