{
    "44969": {
        "GreedyRFRBoostScalar": {
            "score_train": [
                0.06562217324972153,
                0.06079430878162384,
                0.07378964126110077,
                0.044661667197942734,
                0.057522810995578766
            ],
            "score_test": [
                0.1278371512889862,
                0.07335127890110016,
                0.1739501804113388,
                0.08643775433301926,
                0.13191254436969757
            ],
            "t_fit": [
                0.8724435046315193,
                1.1579941920936108,
                0.48582604341208935,
                0.44801706075668335,
                0.7734983544796705
            ],
            "t_inference": [
                0.3680793512612581,
                0.513492314144969,
                0.20746364258229733,
                0.19280990213155746,
                0.3590600397437811
            ],
            "hyperparams": [
                {
                    "in_dim": 14,
                    "out_dim": 1,
                    "feature_type": "SWIM",
                    "upscale_type": "SWIM",
                    "randfeat_xt_dim": 512,
                    "randfeat_x0_dim": 512,
                    "sandwich_solver": "scalar",
                    "n_layers": 8,
                    "hidden_dim": 432,
                    "l2_reg": 0.0006356988982512524,
                    "l2_ghat": 1.4124661602651855e-08,
                    "boost_lr": 1.0
                },
                {
                    "in_dim": 14,
                    "out_dim": 1,
                    "feature_type": "SWIM",
                    "upscale_type": "SWIM",
                    "randfeat_xt_dim": 512,
                    "randfeat_x0_dim": 512,
                    "sandwich_solver": "scalar",
                    "n_layers": 8,
                    "hidden_dim": 496,
                    "l2_reg": 0.00016474269998592353,
                    "l2_ghat": 2.272585000891849e-05,
                    "boost_lr": 0.5
                },
                {
                    "in_dim": 14,
                    "out_dim": 1,
                    "feature_type": "SWIM",
                    "upscale_type": "SWIM",
                    "randfeat_xt_dim": 512,
                    "randfeat_x0_dim": 512,
                    "sandwich_solver": "scalar",
                    "n_layers": 3,
                    "hidden_dim": 496,
                    "l2_reg": 0.00011471665194536933,
                    "l2_ghat": 9.830919191750626e-08,
                    "boost_lr": 1.0
                },
                {
                    "in_dim": 14,
                    "out_dim": 1,
                    "feature_type": "SWIM",
                    "upscale_type": "SWIM",
                    "randfeat_xt_dim": 512,
                    "randfeat_x0_dim": 512,
                    "sandwich_solver": "scalar",
                    "n_layers": 3,
                    "hidden_dim": 496,
                    "l2_reg": 0.00016396358279859008,
                    "l2_ghat": 5.743145143607592e-07,
                    "boost_lr": 0.7
                },
                {
                    "in_dim": 14,
                    "out_dim": 1,
                    "feature_type": "SWIM",
                    "upscale_type": "SWIM",
                    "randfeat_xt_dim": 512,
                    "randfeat_x0_dim": 512,
                    "sandwich_solver": "scalar",
                    "n_layers": 6,
                    "hidden_dim": 496,
                    "l2_reg": 0.000206238816145528,
                    "l2_ghat": 2.3996879413341866e-07,
                    "boost_lr": 0.9
                }
            ]
        }
    }
}