{
    "44987": {
        "GradientRFRBoost_upscaleiid_iidfeat": {
            "score_train": [
                0.10492313653230667,
                0.09279047697782516,
                0.05450402945280075,
                0.02249445579946041,
                0.10467749089002609
            ],
            "score_test": [
                0.3586685359477997,
                0.26902544498443604,
                0.22419239580631256,
                0.29996952414512634,
                0.2581992447376251
            ],
            "t_fit": [
                1.0428705960512161,
                1.5322533829603344,
                1.475551001029089,
                0.8925558759365231,
                0.8969735719729215
            ],
            "t_inference": [
                0.23843393800780177,
                0.19569850084371865,
                0.17784200492314994,
                0.12533015897497535,
                0.19600971206091344
            ],
            "hyperparams": [
                {
                    "in_dim": 39,
                    "out_dim": 1,
                    "feature_type": "iid",
                    "upscale_type": "iid",
                    "randfeat_xt_dim": 512,
                    "randfeat_x0_dim": 512,
                    "n_layers": 9,
                    "hidden_dim": 336,
                    "l2_reg": 0.026717623912479727,
                    "l2_ghat": 0.02851400839829266,
                    "boost_lr": 0.5,
                    "iid_scale": 0.8923464669423663
                },
                {
                    "in_dim": 39,
                    "out_dim": 1,
                    "feature_type": "iid",
                    "upscale_type": "iid",
                    "randfeat_xt_dim": 512,
                    "randfeat_x0_dim": 512,
                    "n_layers": 18,
                    "hidden_dim": 48,
                    "l2_reg": 0.8170155877036166,
                    "l2_ghat": 0.043487321931607384,
                    "boost_lr": 0.5,
                    "iid_scale": 1.0724462782542468
                },
                {
                    "in_dim": 39,
                    "out_dim": 1,
                    "feature_type": "iid",
                    "upscale_type": "iid",
                    "randfeat_xt_dim": 512,
                    "randfeat_x0_dim": 512,
                    "n_layers": 17,
                    "hidden_dim": 48,
                    "l2_reg": 0.3541290418879483,
                    "l2_ghat": 0.016804200995576415,
                    "boost_lr": 0.9,
                    "iid_scale": 0.8646023213422491
                },
                {
                    "in_dim": 39,
                    "out_dim": 1,
                    "feature_type": "iid",
                    "upscale_type": "iid",
                    "randfeat_xt_dim": 512,
                    "randfeat_x0_dim": 512,
                    "n_layers": 10,
                    "hidden_dim": 80,
                    "l2_reg": 0.7352789046736238,
                    "l2_ghat": 1.849765159996419e-05,
                    "boost_lr": 0.8,
                    "iid_scale": 0.4395328734420624
                },
                {
                    "in_dim": 39,
                    "out_dim": 1,
                    "feature_type": "iid",
                    "upscale_type": "iid",
                    "randfeat_xt_dim": 512,
                    "randfeat_x0_dim": 512,
                    "n_layers": 7,
                    "hidden_dim": 336,
                    "l2_reg": 0.8766085141214103,
                    "l2_ghat": 0.0067166095846666425,
                    "boost_lr": 0.5,
                    "iid_scale": 0.7860749737092455
                }
            ]
        }
    }
}