{
    "44987": {
        "GreedyRFRBoostScalar": {
            "score_train": [
                0.1824861466884613,
                0.17588554322719574,
                0.18089208006858826,
                0.17857946455478668,
                0.18820787966251373
            ],
            "score_test": [
                0.35236474871635437,
                0.264281690120697,
                0.2602809965610504,
                0.22094927728176117,
                0.2720383405685425
            ],
            "t_fit": [
                0.036820180946961045,
                0.3261369781102985,
                0.11766118789091706,
                0.26859632693231106,
                0.10410354007035494
            ],
            "t_inference": [
                0.012270444072782993,
                0.12877426692284644,
                0.044960693223401904,
                0.0983009070623666,
                0.039616079069674015
            ],
            "hyperparams": [
                {
                    "in_dim": 39,
                    "out_dim": 1,
                    "feature_type": "SWIM",
                    "upscale_type": "SWIM",
                    "randfeat_xt_dim": 512,
                    "randfeat_x0_dim": 512,
                    "sandwich_solver": "scalar",
                    "n_layers": 1,
                    "hidden_dim": 400,
                    "l2_reg": 0.009150158795735535,
                    "l2_ghat": 0.10076315901776757,
                    "boost_lr": 0.7,
                    "SWIM_scale": 1.9608224345024037
                },
                {
                    "in_dim": 39,
                    "out_dim": 1,
                    "feature_type": "SWIM",
                    "upscale_type": "SWIM",
                    "randfeat_xt_dim": 512,
                    "randfeat_x0_dim": 512,
                    "sandwich_solver": "scalar",
                    "n_layers": 12,
                    "hidden_dim": 432,
                    "l2_reg": 0.007876170476511799,
                    "l2_ghat": 0.00022577926116912613,
                    "boost_lr": 0.8,
                    "SWIM_scale": 1.8979386365915387
                },
                {
                    "in_dim": 39,
                    "out_dim": 1,
                    "feature_type": "SWIM",
                    "upscale_type": "SWIM",
                    "randfeat_xt_dim": 512,
                    "randfeat_x0_dim": 512,
                    "sandwich_solver": "scalar",
                    "n_layers": 4,
                    "hidden_dim": 432,
                    "l2_reg": 0.010291604551703647,
                    "l2_ghat": 2.695231912290361e-07,
                    "boost_lr": 0.5,
                    "SWIM_scale": 1.92517820073304
                },
                {
                    "in_dim": 39,
                    "out_dim": 1,
                    "feature_type": "SWIM",
                    "upscale_type": "SWIM",
                    "randfeat_xt_dim": 512,
                    "randfeat_x0_dim": 512,
                    "sandwich_solver": "scalar",
                    "n_layers": 8,
                    "hidden_dim": 464,
                    "l2_reg": 0.01089799445498639,
                    "l2_ghat": 0.00017168027082599754,
                    "boost_lr": 0.6,
                    "SWIM_scale": 1.9675554014462755
                },
                {
                    "in_dim": 39,
                    "out_dim": 1,
                    "feature_type": "SWIM",
                    "upscale_type": "SWIM",
                    "randfeat_xt_dim": 512,
                    "randfeat_x0_dim": 512,
                    "sandwich_solver": "scalar",
                    "n_layers": 4,
                    "hidden_dim": 400,
                    "l2_reg": 0.012448924077541971,
                    "l2_ghat": 5.893892411747852e-07,
                    "boost_lr": 1.0,
                    "SWIM_scale": 1.9592082135543303
                }
            ]
        }
    }
}