{
    "44993": {
        "GreedyRFRBoostDiag_upscaleiid": {
            "score_train": [
                0.7575544714927673,
                0.7479314804077148,
                0.7501599192619324,
                0.7401949763298035,
                0.7521361112594604
            ],
            "score_test": [
                0.748808741569519,
                0.7824757099151611,
                0.7680678963661194,
                0.8102888464927673,
                0.7730088233947754
            ],
            "t_fit": [
                7.319101192057133,
                2.9162127040326595,
                2.731360975652933,
                2.7067504320293665,
                3.7013081163167953
            ],
            "t_inference": [
                2.2491943389177322,
                0.8446402922272682,
                0.8269431591033936,
                0.7720411513000727,
                1.1855212803930044
            ],
            "hyperparams": [
                {
                    "in_dim": 25,
                    "out_dim": 1,
                    "feature_type": "SWIM",
                    "upscale_type": "iid",
                    "randfeat_xt_dim": 512,
                    "randfeat_x0_dim": 512,
                    "sandwich_solver": "diag",
                    "n_layers": 12,
                    "hidden_dim": 464,
                    "l2_reg": 0.17361338874689064,
                    "l2_ghat": 3.109758480360143e-05,
                    "boost_lr": 0.5,
                    "SWIM_scale": 1.7035439637151162
                },
                {
                    "in_dim": 25,
                    "out_dim": 1,
                    "feature_type": "SWIM",
                    "upscale_type": "iid",
                    "randfeat_xt_dim": 512,
                    "randfeat_x0_dim": 512,
                    "sandwich_solver": "diag",
                    "n_layers": 4,
                    "hidden_dim": 496,
                    "l2_reg": 0.050938297375918984,
                    "l2_ghat": 1.3956582859802103e-06,
                    "boost_lr": 0.5,
                    "SWIM_scale": 1.049892406449444
                },
                {
                    "in_dim": 25,
                    "out_dim": 1,
                    "feature_type": "SWIM",
                    "upscale_type": "iid",
                    "randfeat_xt_dim": 512,
                    "randfeat_x0_dim": 512,
                    "sandwich_solver": "diag",
                    "n_layers": 5,
                    "hidden_dim": 496,
                    "l2_reg": 0.029763025800277135,
                    "l2_ghat": 5.589849933182509e-07,
                    "boost_lr": 0.6,
                    "SWIM_scale": 0.7406512987715801
                },
                {
                    "in_dim": 25,
                    "out_dim": 1,
                    "feature_type": "SWIM",
                    "upscale_type": "iid",
                    "randfeat_xt_dim": 512,
                    "randfeat_x0_dim": 512,
                    "sandwich_solver": "diag",
                    "n_layers": 6,
                    "hidden_dim": 400,
                    "l2_reg": 0.09641094258813923,
                    "l2_ghat": 7.970540156980222e-06,
                    "boost_lr": 0.9,
                    "SWIM_scale": 1.8161389783585247
                },
                {
                    "in_dim": 25,
                    "out_dim": 1,
                    "feature_type": "SWIM",
                    "upscale_type": "iid",
                    "randfeat_xt_dim": 512,
                    "randfeat_x0_dim": 512,
                    "sandwich_solver": "diag",
                    "n_layers": 9,
                    "hidden_dim": 496,
                    "l2_reg": 0.15919812332103614,
                    "l2_ghat": 1.6800305921811292e-05,
                    "boost_lr": 1.0,
                    "SWIM_scale": 1.339524500360267
                }
            ]
        }
    }
}