{
    "44976": {
        "GreedyRFBoostDense": {
            "score_train": [
                0.14665919542312622,
                0.1464247852563858,
                0.14263273775577545,
                0.1469026803970337,
                0.14564763009548187
            ],
            "score_test": [
                0.15017537772655487,
                0.1501232087612152,
                0.15006610751152039,
                0.1486489176750183,
                0.15075455605983734
            ],
            "t_fit": [
                14.523035988211632,
                14.597616314888,
                21.532950134947896,
                16.427665980532765,
                14.377596532925963
            ],
            "t_inference": [
                3.3603547737002373,
                3.345476532354951,
                4.497039465233684,
                4.467990722507238,
                3.255996262654662
            ],
            "hyperparams": [
                {
                    "feature_type": "SWIM",
                    "upscale": "dense",
                    "n_layers": 10,
                    "hidden_dim": 48,
                    "randfeat_xt_dim": 384,
                    "randfeat_x0_dim": 512,
                    "boost_lr": 0.9000000000000001,
                    "l2_reg_sandwich": 0.000176007460088894
                },
                {
                    "feature_type": "SWIM",
                    "upscale": "dense",
                    "n_layers": 10,
                    "hidden_dim": 48,
                    "randfeat_xt_dim": 384,
                    "randfeat_x0_dim": 512,
                    "boost_lr": 0.6000000000000001,
                    "l2_reg_sandwich": 0.00013428647383762464
                },
                {
                    "feature_type": "SWIM",
                    "upscale": "dense",
                    "n_layers": 10,
                    "hidden_dim": 80,
                    "randfeat_xt_dim": 512,
                    "randfeat_x0_dim": 512,
                    "boost_lr": 0.8,
                    "l2_reg_sandwich": 0.00014512983024809233
                },
                {
                    "feature_type": "SWIM",
                    "upscale": "dense",
                    "n_layers": 10,
                    "hidden_dim": 112,
                    "randfeat_xt_dim": 512,
                    "randfeat_x0_dim": 384,
                    "boost_lr": 0.9000000000000001,
                    "l2_reg_sandwich": 0.0001004259581053678
                },
                {
                    "feature_type": "SWIM",
                    "upscale": "dense",
                    "n_layers": 10,
                    "hidden_dim": 48,
                    "randfeat_xt_dim": 384,
                    "randfeat_x0_dim": 512,
                    "boost_lr": 0.7,
                    "l2_reg_sandwich": 0.0001338184438188519
                }
            ]
        }
    }
}