{
    "44957": {
        "GreedyRFRBoostDiag": {
            "score_train": [
                0.24463112652301788,
                0.22537992894649506,
                0.24477866291999817,
                0.2516735792160034,
                0.24497707188129425
            ],
            "score_test": [
                0.32983294129371643,
                0.3091137409210205,
                0.29982519149780273,
                0.38946959376335144,
                0.318625807762146
            ],
            "t_fit": [
                0.8506990070454776,
                0.8059220549184829,
                0.7440031580626965,
                0.41984479292295873,
                0.7832680509891361
            ],
            "t_inference": [
                0.2469325098209083,
                0.24235115107148886,
                0.21888239099644125,
                0.1186357568949461,
                0.2314318218268454
            ],
            "hyperparams": [
                {
                    "in_dim": 5,
                    "out_dim": 1,
                    "feature_type": "SWIM",
                    "upscale_type": "iid",
                    "randfeat_xt_dim": 512,
                    "randfeat_x0_dim": 512,
                    "sandwich_solver": "diag",
                    "n_layers": 14,
                    "hidden_dim": 512,
                    "l2_reg": 0.006783742650070816,
                    "l2_ghat": 5.175210757550302e-07,
                    "boost_lr": 0.9,
                    "SWIM_scale": -0.75
                },
                {
                    "in_dim": 5,
                    "out_dim": 1,
                    "feature_type": "SWIM",
                    "upscale_type": "iid",
                    "randfeat_xt_dim": 512,
                    "randfeat_x0_dim": 512,
                    "sandwich_solver": "diag",
                    "n_layers": 14,
                    "hidden_dim": 512,
                    "l2_reg": 0.005027427434492632,
                    "l2_ghat": 1.915738932193903e-07,
                    "boost_lr": 0.9,
                    "SWIM_scale": -0.75
                },
                {
                    "in_dim": 5,
                    "out_dim": 1,
                    "feature_type": "SWIM",
                    "upscale_type": "iid",
                    "randfeat_xt_dim": 512,
                    "randfeat_x0_dim": 512,
                    "sandwich_solver": "diag",
                    "n_layers": 14,
                    "hidden_dim": 512,
                    "l2_reg": 0.0067701492351142385,
                    "l2_ghat": 2.1152684867381991e-07,
                    "boost_lr": 0.7,
                    "SWIM_scale": -0.75
                },
                {
                    "in_dim": 5,
                    "out_dim": 1,
                    "feature_type": "SWIM",
                    "upscale_type": "iid",
                    "randfeat_xt_dim": 512,
                    "randfeat_x0_dim": 512,
                    "sandwich_solver": "diag",
                    "n_layers": 7,
                    "hidden_dim": 512,
                    "l2_reg": 0.002641197845051957,
                    "l2_ghat": 3.028021085693029e-07,
                    "boost_lr": 0.7,
                    "SWIM_scale": -0.75
                },
                {
                    "in_dim": 5,
                    "out_dim": 1,
                    "feature_type": "SWIM",
                    "upscale_type": "iid",
                    "randfeat_xt_dim": 512,
                    "randfeat_x0_dim": 512,
                    "sandwich_solver": "diag",
                    "n_layers": 12,
                    "hidden_dim": 512,
                    "l2_reg": 0.004389376410750354,
                    "l2_ghat": 3.294205896891999e-07,
                    "boost_lr": 0.6,
                    "SWIM_scale": -0.75
                }
            ]
        }
    }
}