{
    "44964": {
        "GradientRFRBoostID": {
            "score_train": [
                0.33643990755081177,
                0.32608452439308167,
                0.32079973816871643,
                0.32998427748680115,
                0.3498789668083191
            ],
            "score_test": [
                0.3593120276927948,
                0.39190757274627686,
                0.4045320749282837,
                0.40804845094680786,
                0.41862618923187256
            ],
            "t_fit": [
                2.5235666781663895,
                3.0884024100378156,
                3.5258600381202996,
                2.167120608035475,
                3.3861710659693927
            ],
            "t_inference": [
                0.5479551968164742,
                0.7018692421261221,
                0.7715988119598478,
                0.4801741139963269,
                0.768393925158307
            ],
            "hyperparams": [
                {
                    "in_dim": 81,
                    "out_dim": 1,
                    "feature_type": "SWIM",
                    "upscale_type": "identity",
                    "randfeat_xt_dim": 512,
                    "randfeat_x0_dim": 512,
                    "n_layers": 11,
                    "hidden_dim": 81,
                    "l2_reg": 0.05494242528001304,
                    "l2_ghat": 0.012064778821842356,
                    "boost_lr": 0.5,
                    "SWIM_scale": 1.5195878776321985
                },
                {
                    "in_dim": 81,
                    "out_dim": 1,
                    "feature_type": "SWIM",
                    "upscale_type": "identity",
                    "randfeat_xt_dim": 512,
                    "randfeat_x0_dim": 512,
                    "n_layers": 13,
                    "hidden_dim": 81,
                    "l2_reg": 0.05729881260297821,
                    "l2_ghat": 0.010215057294160388,
                    "boost_lr": 0.5,
                    "SWIM_scale": 1.3903281804965895
                },
                {
                    "in_dim": 81,
                    "out_dim": 1,
                    "feature_type": "SWIM",
                    "upscale_type": "identity",
                    "randfeat_xt_dim": 512,
                    "randfeat_x0_dim": 512,
                    "n_layers": 15,
                    "hidden_dim": 81,
                    "l2_reg": 0.016929831739216247,
                    "l2_ghat": 0.05370020609348064,
                    "boost_lr": 0.7,
                    "SWIM_scale": 1.8276269079037775
                },
                {
                    "in_dim": 81,
                    "out_dim": 1,
                    "feature_type": "SWIM",
                    "upscale_type": "identity",
                    "randfeat_xt_dim": 512,
                    "randfeat_x0_dim": 512,
                    "n_layers": 9,
                    "hidden_dim": 81,
                    "l2_reg": 0.02643919288964248,
                    "l2_ghat": 0.025278121378054217,
                    "boost_lr": 0.6,
                    "SWIM_scale": 1.6157692211452461
                },
                {
                    "in_dim": 81,
                    "out_dim": 1,
                    "feature_type": "SWIM",
                    "upscale_type": "identity",
                    "randfeat_xt_dim": 512,
                    "randfeat_x0_dim": 512,
                    "n_layers": 14,
                    "hidden_dim": 81,
                    "l2_reg": 0.002794847379497389,
                    "l2_ghat": 0.09299519725589564,
                    "boost_lr": 0.6,
                    "SWIM_scale": 1.5693224189313584
                }
            ]
        }
    }
}