{
    "44973": {
        "GreedyRFRBoostDense_upscaleiid": {
            "score_train": [
                0.16636081039905548,
                0.15779739618301392,
                0.15727218985557556,
                0.16314619779586792,
                0.1618860512971878
            ],
            "score_test": [
                0.2053503394126892,
                0.19106915593147278,
                0.20394200086593628,
                0.19576986134052277,
                0.20192168653011322
            ],
            "t_fit": [
                2.9384720474481583,
                3.2009600549936295,
                3.8124444782733917,
                5.004632294178009,
                4.039931170642376
            ],
            "t_inference": [
                0.666061632335186,
                0.5065601840615273,
                0.8811938315629959,
                1.3230148181319237,
                0.9253634065389633
            ],
            "hyperparams": [
                {
                    "in_dim": 12,
                    "out_dim": 1,
                    "feature_type": "SWIM",
                    "upscale_type": "iid",
                    "randfeat_xt_dim": 512,
                    "randfeat_x0_dim": 512,
                    "sandwich_solver": "dense",
                    "n_layers": 6,
                    "hidden_dim": 336,
                    "l2_reg": 0.5516574076215842,
                    "l2_ghat": 3.1709244479551827e-07,
                    "boost_lr": 1.0
                },
                {
                    "in_dim": 12,
                    "out_dim": 1,
                    "feature_type": "SWIM",
                    "upscale_type": "iid",
                    "randfeat_xt_dim": 512,
                    "randfeat_x0_dim": 512,
                    "sandwich_solver": "dense",
                    "n_layers": 8,
                    "hidden_dim": 144,
                    "l2_reg": 0.4145308120490343,
                    "l2_ghat": 3.6401301684606344e-07,
                    "boost_lr": 0.9
                },
                {
                    "in_dim": 12,
                    "out_dim": 1,
                    "feature_type": "SWIM",
                    "upscale_type": "iid",
                    "randfeat_xt_dim": 512,
                    "randfeat_x0_dim": 512,
                    "sandwich_solver": "dense",
                    "n_layers": 8,
                    "hidden_dim": 336,
                    "l2_reg": 0.9804447590005924,
                    "l2_ghat": 1.9961947124802363e-07,
                    "boost_lr": 0.8
                },
                {
                    "in_dim": 12,
                    "out_dim": 1,
                    "feature_type": "SWIM",
                    "upscale_type": "iid",
                    "randfeat_xt_dim": 512,
                    "randfeat_x0_dim": 512,
                    "sandwich_solver": "dense",
                    "n_layers": 9,
                    "hidden_dim": 496,
                    "l2_reg": 0.5377517804869448,
                    "l2_ghat": 3.008618148708429e-07,
                    "boost_lr": 1.0
                },
                {
                    "in_dim": 12,
                    "out_dim": 1,
                    "feature_type": "SWIM",
                    "upscale_type": "iid",
                    "randfeat_xt_dim": 512,
                    "randfeat_x0_dim": 512,
                    "sandwich_solver": "dense",
                    "n_layers": 9,
                    "hidden_dim": 336,
                    "l2_reg": 0.568522533137943,
                    "l2_ghat": 4.215737194014661e-07,
                    "boost_lr": 0.9
                }
            ]
        }
    }
}