{
    "44979": {
        "GradientRFRBoost_upscaleiid_iidfeat": {
            "score_train": [
                0.11821693927049637,
                0.1084352508187294,
                0.11197248846292496,
                0.10624466091394424,
                0.10673030465841293
            ],
            "score_test": [
                0.1832718849182129,
                0.1679149866104126,
                0.15595346689224243,
                0.14079028367996216,
                0.13787142932415009
            ],
            "t_fit": [
                7.258247263729572,
                0.37435657531023026,
                5.188472252339125,
                4.749384004622698,
                1.4774088077247143
            ],
            "t_inference": [
                2.592419706285,
                0.06391549482941628,
                1.573224976658821,
                1.4476172849535942,
                0.2562928982079029
            ],
            "hyperparams": [
                {
                    "in_dim": 26,
                    "out_dim": 1,
                    "feature_type": "iid",
                    "upscale_type": "iid",
                    "randfeat_xt_dim": 512,
                    "randfeat_x0_dim": 512,
                    "n_layers": 20,
                    "hidden_dim": 464,
                    "l2_reg": 0.9972709366038943,
                    "l2_ghat": 0.6020055536687532,
                    "boost_lr": 1.0,
                    "iid_scale": 1.6796891276345436
                },
                {
                    "in_dim": 26,
                    "out_dim": 1,
                    "feature_type": "iid",
                    "upscale_type": "iid",
                    "randfeat_xt_dim": 512,
                    "randfeat_x0_dim": 512,
                    "n_layers": 2,
                    "hidden_dim": 16,
                    "l2_reg": 0.1392165707031036,
                    "l2_ghat": 1.4386444112063418e-05,
                    "boost_lr": 0.9,
                    "iid_scale": 0.7643547651639957
                },
                {
                    "in_dim": 26,
                    "out_dim": 1,
                    "feature_type": "iid",
                    "upscale_type": "iid",
                    "randfeat_xt_dim": 512,
                    "randfeat_x0_dim": 512,
                    "n_layers": 19,
                    "hidden_dim": 240,
                    "l2_reg": 0.09297871300178386,
                    "l2_ghat": 0.24400268498180683,
                    "boost_lr": 0.7,
                    "iid_scale": 1.8472528217927553
                },
                {
                    "in_dim": 26,
                    "out_dim": 1,
                    "feature_type": "iid",
                    "upscale_type": "iid",
                    "randfeat_xt_dim": 512,
                    "randfeat_x0_dim": 512,
                    "n_layers": 18,
                    "hidden_dim": 240,
                    "l2_reg": 0.37907541690016205,
                    "l2_ghat": 0.1228349597561519,
                    "boost_lr": 1.0,
                    "iid_scale": 1.559039974507628
                },
                {
                    "in_dim": 26,
                    "out_dim": 1,
                    "feature_type": "iid",
                    "upscale_type": "iid",
                    "randfeat_xt_dim": 512,
                    "randfeat_x0_dim": 512,
                    "n_layers": 8,
                    "hidden_dim": 16,
                    "l2_reg": 0.030403446712751962,
                    "l2_ghat": 0.0005585290830720904,
                    "boost_lr": 0.5,
                    "iid_scale": 0.9094756449639088
                }
            ]
        }
    }
}