{
    "44984": {
        "GradientRFRBoost_ID_batchnormFalse": {
            "score_train": [
                0.6582610011100769,
                0.6392914056777954,
                0.6505632400512695,
                0.6480433940887451,
                0.6411766409873962
            ],
            "score_test": [
                0.6194222569465637,
                0.6853686571121216,
                0.6547435522079468,
                0.6473597288131714,
                0.6755500435829163
            ],
            "t_fit": [
                6.5298918299376965,
                7.681079592555761,
                3.9357823505997658,
                3.233162544667721,
                6.502513647079468
            ],
            "t_inference": [
                1.117533139884472,
                1.4023437537252903,
                0.6860216334462166,
                0.5599974803626537,
                1.2253615036606789
            ],
            "hyperparams": [
                {
                    "in_dim": 12,
                    "out_dim": 1,
                    "feature_type": "SWIM",
                    "upscale_type": "identity",
                    "randfeat_xt_dim": 512,
                    "randfeat_x0_dim": 512,
                    "activation": "tanh",
                    "use_batchnorm": false,
                    "n_layers": 8,
                    "l2_reg": 0.034283706448516776,
                    "l2_ghat": 0.07706123313543291,
                    "boost_lr": 0.6008589195044056,
                    "hidden_dim": 12,
                    "SWIM_scale": 0.1588662906030764
                },
                {
                    "in_dim": 12,
                    "out_dim": 1,
                    "feature_type": "SWIM",
                    "upscale_type": "identity",
                    "randfeat_xt_dim": 512,
                    "randfeat_x0_dim": 512,
                    "activation": "tanh",
                    "use_batchnorm": false,
                    "n_layers": 10,
                    "l2_reg": 0.0028623120934579424,
                    "l2_ghat": 0.04536014774676587,
                    "boost_lr": 0.6226361525782401,
                    "hidden_dim": 12,
                    "SWIM_scale": 0.15225889573957127
                },
                {
                    "in_dim": 12,
                    "out_dim": 1,
                    "feature_type": "SWIM",
                    "upscale_type": "identity",
                    "randfeat_xt_dim": 512,
                    "randfeat_x0_dim": 512,
                    "activation": "tanh",
                    "use_batchnorm": false,
                    "n_layers": 5,
                    "l2_reg": 0.0018096963813085411,
                    "l2_ghat": 0.017287939207517998,
                    "boost_lr": 0.5513265066078261,
                    "hidden_dim": 12,
                    "SWIM_scale": 0.16023098132960029
                },
                {
                    "in_dim": 12,
                    "out_dim": 1,
                    "feature_type": "SWIM",
                    "upscale_type": "identity",
                    "randfeat_xt_dim": 512,
                    "randfeat_x0_dim": 512,
                    "activation": "tanh",
                    "use_batchnorm": false,
                    "n_layers": 5,
                    "l2_reg": 0.0024612230452824378,
                    "l2_ghat": 0.013878724636004315,
                    "boost_lr": 0.8414093817475586,
                    "hidden_dim": 12,
                    "SWIM_scale": 0.2641598679671982
                },
                {
                    "in_dim": 12,
                    "out_dim": 1,
                    "feature_type": "SWIM",
                    "upscale_type": "identity",
                    "randfeat_xt_dim": 512,
                    "randfeat_x0_dim": 512,
                    "activation": "tanh",
                    "use_batchnorm": false,
                    "n_layers": 9,
                    "l2_reg": 5.372061691054404,
                    "l2_ghat": 0.7305686285624222,
                    "boost_lr": 0.624935746758286,
                    "hidden_dim": 12,
                    "SWIM_scale": 0.7990609376188835
                }
            ]
        }
    }
}