{
    "44989": {
        "GradientRFRBoost_ID": {
            "score_train": [
                0.25400489568710327,
                0.24376913905143738,
                0.2454623281955719,
                0.257464736700058,
                0.24751777946949005
            ],
            "score_test": [
                0.2745608985424042,
                0.2925167679786682,
                0.3046216666698456,
                0.28452035784721375,
                0.27495047450065613
            ],
            "t_fit": [
                1.6329659596085548,
                1.792783223092556,
                2.706852376461029,
                1.0238632708787918,
                2.7083966210484505
            ],
            "t_inference": [
                0.44270312786102295,
                0.46167590469121933,
                0.7320786118507385,
                0.27495844662189484,
                0.6923093721270561
            ],
            "hyperparams": [
                {
                    "in_dim": 132,
                    "out_dim": 1,
                    "feature_type": "SWIM",
                    "upscale_type": "identity",
                    "randfeat_xt_dim": 512,
                    "randfeat_x0_dim": 512,
                    "activation": "tanh",
                    "use_batchnorm": true,
                    "n_layers": 5,
                    "l2_reg": 0.38698618052741607,
                    "l2_ghat": 0.01671306762598903,
                    "boost_lr": 0.5554778326336423,
                    "hidden_dim": 132,
                    "SWIM_scale": 1.770924462118547
                },
                {
                    "in_dim": 132,
                    "out_dim": 1,
                    "feature_type": "SWIM",
                    "upscale_type": "identity",
                    "randfeat_xt_dim": 512,
                    "randfeat_x0_dim": 512,
                    "activation": "tanh",
                    "use_batchnorm": true,
                    "n_layers": 6,
                    "l2_reg": 0.1148590248439454,
                    "l2_ghat": 0.0028048547389898475,
                    "boost_lr": 0.12832253639508892,
                    "hidden_dim": 132,
                    "SWIM_scale": 1.9946890321491206
                },
                {
                    "in_dim": 132,
                    "out_dim": 1,
                    "feature_type": "SWIM",
                    "upscale_type": "identity",
                    "randfeat_xt_dim": 512,
                    "randfeat_x0_dim": 512,
                    "activation": "tanh",
                    "use_batchnorm": true,
                    "n_layers": 8,
                    "l2_reg": 2.0507103430963807,
                    "l2_ghat": 0.01960097268289213,
                    "boost_lr": 0.611601917386416,
                    "hidden_dim": 132,
                    "SWIM_scale": 1.9200440610596112
                },
                {
                    "in_dim": 132,
                    "out_dim": 1,
                    "feature_type": "SWIM",
                    "upscale_type": "identity",
                    "randfeat_xt_dim": 512,
                    "randfeat_x0_dim": 512,
                    "activation": "tanh",
                    "use_batchnorm": true,
                    "n_layers": 3,
                    "l2_reg": 0.09687457759838772,
                    "l2_ghat": 0.0009720450955268325,
                    "boost_lr": 0.24342033206416383,
                    "hidden_dim": 132,
                    "SWIM_scale": 1.31625835726223
                },
                {
                    "in_dim": 132,
                    "out_dim": 1,
                    "feature_type": "SWIM",
                    "upscale_type": "identity",
                    "randfeat_xt_dim": 512,
                    "randfeat_x0_dim": 512,
                    "activation": "tanh",
                    "use_batchnorm": true,
                    "n_layers": 9,
                    "l2_reg": 1.6756008948728651,
                    "l2_ghat": 0.053597014255465626,
                    "boost_lr": 0.998351896079349,
                    "hidden_dim": 132,
                    "SWIM_scale": 1.9881203533643357
                }
            ]
        }
    }
}