{
    "44992": {
        "End2End": {
            "score_train": [
                0.03782397136092186,
                0.03958281874656677,
                0.04320406913757324,
                0.03593641519546509,
                0.03756532818078995
            ],
            "score_test": [
                0.060350921005010605,
                0.052963972091674805,
                0.0707659125328064,
                0.05825122818350792,
                0.06153377890586853
            ],
            "t_fit": [
                2.719232529401779,
                4.341154910624027,
                1.4809593334794044,
                2.2608333602547646,
                3.657528594136238
            ],
            "t_inference": [
                0.03008870780467987,
                0.062441013753414154,
                0.014007359743118286,
                0.020023636519908905,
                0.038338787853717804
            ],
            "hyperparams": [
                {
                    "in_dim": 957,
                    "out_dim": 1,
                    "loss": "mse",
                    "n_blocks": 1,
                    "hidden_dim": 176,
                    "bottleneck_dim": 80,
                    "lr": 0.0057181112515946155,
                    "end_lr_factor": 0.017234231788071094,
                    "n_epochs": 20,
                    "weight_decay": 9.805658158035549e-05,
                    "batch_size": 128
                },
                {
                    "in_dim": 957,
                    "out_dim": 1,
                    "loss": "mse",
                    "n_blocks": 1,
                    "hidden_dim": 400,
                    "bottleneck_dim": 48,
                    "lr": 0.004403074441504766,
                    "end_lr_factor": 0.02982949011134639,
                    "n_epochs": 20,
                    "weight_decay": 3.4789798438257007e-05,
                    "batch_size": 128
                },
                {
                    "in_dim": 957,
                    "out_dim": 1,
                    "loss": "mse",
                    "n_blocks": 1,
                    "hidden_dim": 48,
                    "bottleneck_dim": 240,
                    "lr": 0.004911381440946648,
                    "end_lr_factor": 0.0622200076634547,
                    "n_epochs": 17,
                    "weight_decay": 0.0005385075272814542,
                    "batch_size": 128
                },
                {
                    "in_dim": 957,
                    "out_dim": 1,
                    "loss": "mse",
                    "n_blocks": 1,
                    "hidden_dim": 80,
                    "bottleneck_dim": 208,
                    "lr": 0.0032195287254864658,
                    "end_lr_factor": 0.03170971259316883,
                    "n_epochs": 23,
                    "weight_decay": 1.0117846650939717e-06,
                    "batch_size": 128
                },
                {
                    "in_dim": 957,
                    "out_dim": 1,
                    "loss": "mse",
                    "n_blocks": 1,
                    "hidden_dim": 208,
                    "bottleneck_dim": 112,
                    "lr": 0.005384304148664672,
                    "end_lr_factor": 0.0804460471167776,
                    "n_epochs": 25,
                    "weight_decay": 0.00012676139323376643,
                    "batch_size": 128
                }
            ]
        }
    }
}