{
    "44975": {
        "End2End": {
            "score_train": [
                0.05376582220196724,
                0.023404473438858986,
                0.02551201730966568,
                0.023276109248399734,
                0.027732504531741142
            ],
            "score_test": [
                0.06669234484434128,
                0.05789032578468323,
                0.04919004440307617,
                0.05278630927205086,
                0.03754599392414093
            ],
            "t_fit": [
                1.5085748210549355,
                2.418147586286068,
                4.918912477791309,
                4.887765325605869,
                1.8990291357040405
            ],
            "t_inference": [
                0.0023734718561172485,
                0.004559680819511414,
                0.019640587270259857,
                0.01850440353155136,
                0.001582518219947815
            ],
            "hyperparams": [
                {
                    "in_dim": 48,
                    "out_dim": 1,
                    "loss": "mse",
                    "n_blocks": 1,
                    "hidden_dim": 48,
                    "bottleneck_dim": 32,
                    "lr": 0.03045057291032291,
                    "end_lr_factor": 0.2312651322585515,
                    "n_epochs": 32,
                    "weight_decay": 6.571540615394356e-05,
                    "batch_size": 256
                },
                {
                    "in_dim": 48,
                    "out_dim": 1,
                    "loss": "mse",
                    "n_blocks": 3,
                    "hidden_dim": 16,
                    "bottleneck_dim": 64,
                    "lr": 0.053337481487526386,
                    "end_lr_factor": 0.011953245694476772,
                    "n_epochs": 25,
                    "weight_decay": 0.0005453598001180168,
                    "batch_size": 128
                },
                {
                    "in_dim": 48,
                    "out_dim": 1,
                    "loss": "mse",
                    "n_blocks": 2,
                    "hidden_dim": 272,
                    "bottleneck_dim": 32,
                    "lr": 0.010256162748473083,
                    "end_lr_factor": 0.01409617514981587,
                    "n_epochs": 49,
                    "weight_decay": 0.00020736445177905034,
                    "batch_size": 128
                },
                {
                    "in_dim": 48,
                    "out_dim": 1,
                    "loss": "mse",
                    "n_blocks": 2,
                    "hidden_dim": 272,
                    "bottleneck_dim": 32,
                    "lr": 0.010256162748473083,
                    "end_lr_factor": 0.01409617514981587,
                    "n_epochs": 49,
                    "weight_decay": 0.00020736445177905034,
                    "batch_size": 128
                },
                {
                    "in_dim": 48,
                    "out_dim": 1,
                    "loss": "mse",
                    "n_blocks": 1,
                    "hidden_dim": 16,
                    "bottleneck_dim": 32,
                    "lr": 0.09302605651577023,
                    "end_lr_factor": 0.038050075950657014,
                    "n_epochs": 46,
                    "weight_decay": 2.951640008296175e-05,
                    "batch_size": 256
                }
            ]
        }
    }
}