{
    "44971": {
        "Ridge": {
            "score_train": [
                0.8389900326728821,
                0.8361763954162598
            ],
            "score_test": [
                0.8446668982505798,
                0.843980073928833
            ],
            "t_fit": [
                0.0022619500014116056,
                0.0019863430024997797
            ],
            "t_inference": [
                8.563699884689413e-05,
                7.965599797898903e-05
            ],
            "hyperparams": [
                {
                    "l2_reg": 0.014484852434451528
                },
                {
                    "l2_reg": 1.6185376085610315e-05
                }
            ]
        }
    }
}