{
    "44987": {
        "End2End": {
            "score_train": [
                0.04919227585196495,
                0.06304328143596649,
                0.14525577425956726,
                0.08358316868543625,
                0.09151274710893631
            ],
            "score_test": [
                0.3178738057613373,
                0.2372201681137085,
                0.27854862809181213,
                0.23359012603759766,
                0.20755600929260254
            ],
            "t_fit": [
                2.3054820224642754,
                1.7636366039514542,
                4.816925086081028,
                2.948018930852413,
                5.97798465937376
            ],
            "t_inference": [
                0.011183381080627441,
                0.00857815146446228,
                0.05805069953203201,
                0.031787075102329254,
                0.03606557101011276
            ],
            "hyperparams": [
                {
                    "in_dim": 39,
                    "out_dim": 1,
                    "loss": "mse",
                    "bottleneck_dim": 512,
                    "n_blocks": 2,
                    "hidden_dim": 91,
                    "lr": 0.007881266915312182,
                    "end_lr_factor": 0.9944752785349933,
                    "n_epochs": 49,
                    "weight_decay": 0.00014018378714948803,
                    "batch_size": 128
                },
                {
                    "in_dim": 39,
                    "out_dim": 1,
                    "loss": "mse",
                    "bottleneck_dim": 512,
                    "n_blocks": 1,
                    "hidden_dim": 184,
                    "lr": 0.009972875533779443,
                    "end_lr_factor": 0.7088713798813001,
                    "n_epochs": 50,
                    "weight_decay": 9.112446358402398e-05,
                    "batch_size": 128
                },
                {
                    "in_dim": 39,
                    "out_dim": 1,
                    "loss": "mse",
                    "bottleneck_dim": 512,
                    "n_blocks": 6,
                    "hidden_dim": 215,
                    "lr": 0.006870357729950127,
                    "end_lr_factor": 0.4704553084806738,
                    "n_epochs": 25,
                    "weight_decay": 0.000332863659499739,
                    "batch_size": 128
                },
                {
                    "in_dim": 39,
                    "out_dim": 1,
                    "loss": "mse",
                    "bottleneck_dim": 512,
                    "n_blocks": 4,
                    "hidden_dim": 172,
                    "lr": 0.009877302796252012,
                    "end_lr_factor": 0.626263913255034,
                    "n_epochs": 27,
                    "weight_decay": 9.083162309355232e-05,
                    "batch_size": 128
                },
                {
                    "in_dim": 39,
                    "out_dim": 1,
                    "loss": "mse",
                    "bottleneck_dim": 512,
                    "n_blocks": 5,
                    "hidden_dim": 156,
                    "lr": 0.005150035101428818,
                    "end_lr_factor": 0.6398166439382849,
                    "n_epochs": 48,
                    "weight_decay": 0.0007998538164544519,
                    "batch_size": 128
                }
            ]
        }
    }
}