{
    "44976": {
        "GradientRFRBoostID": {
            "score_train": [
                0.14490972459316254,
                0.11233767122030258,
                0.1417962610721588,
                0.14225539565086365,
                0.13703282177448273
            ],
            "score_test": [
                0.1942017674446106,
                0.17402002215385437,
                0.1836003065109253,
                0.19689513742923737,
                0.1897478848695755
            ],
            "t_fit": [
                3.0584820210933685,
                1.6475949361920357,
                1.5744598433375359,
                0.5531744994223118,
                1.5789655670523643
            ],
            "t_inference": [
                0.5037359781563282,
                0.2768923379480839,
                0.2701980546116829,
                0.09971149638295174,
                0.2547648623585701
            ],
            "hyperparams": [
                {
                    "in_dim": 21,
                    "out_dim": 1,
                    "feature_type": "SWIM",
                    "upscale_type": "identity",
                    "randfeat_xt_dim": 512,
                    "randfeat_x0_dim": 512,
                    "n_layers": 8,
                    "hidden_dim": 21,
                    "l2_reg": 0.0017455116684575835,
                    "l2_ghat": 0.022888086891127406,
                    "boost_lr": 0.6,
                    "SWIM_scale": 1.9088145914753305
                },
                {
                    "in_dim": 21,
                    "out_dim": 1,
                    "feature_type": "SWIM",
                    "upscale_type": "identity",
                    "randfeat_xt_dim": 512,
                    "randfeat_x0_dim": 512,
                    "n_layers": 6,
                    "hidden_dim": 21,
                    "l2_reg": 0.0340266268470015,
                    "l2_ghat": 0.0003421625381984189,
                    "boost_lr": 0.9,
                    "SWIM_scale": 1.912665014900981
                },
                {
                    "in_dim": 21,
                    "out_dim": 1,
                    "feature_type": "SWIM",
                    "upscale_type": "identity",
                    "randfeat_xt_dim": 512,
                    "randfeat_x0_dim": 512,
                    "n_layers": 6,
                    "hidden_dim": 21,
                    "l2_reg": 0.004183514178962136,
                    "l2_ghat": 0.005346916411551683,
                    "boost_lr": 0.9,
                    "SWIM_scale": 1.5011595352026932
                },
                {
                    "in_dim": 21,
                    "out_dim": 1,
                    "feature_type": "SWIM",
                    "upscale_type": "identity",
                    "randfeat_xt_dim": 512,
                    "randfeat_x0_dim": 512,
                    "n_layers": 2,
                    "hidden_dim": 21,
                    "l2_reg": 0.0005834414467389669,
                    "l2_ghat": 0.00010453424222852696,
                    "boost_lr": 0.6,
                    "SWIM_scale": 1.2668765054701048
                },
                {
                    "in_dim": 21,
                    "out_dim": 1,
                    "feature_type": "SWIM",
                    "upscale_type": "identity",
                    "randfeat_xt_dim": 512,
                    "randfeat_x0_dim": 512,
                    "n_layers": 5,
                    "hidden_dim": 21,
                    "l2_reg": 0.0018248522536449066,
                    "l2_ghat": 0.004225835520831662,
                    "boost_lr": 1.0,
                    "SWIM_scale": 1.7362301515949126
                }
            ]
        }
    }
}