{
    "44993": {
        "End2End_cpu": {
            "score_train": [
                0.7644729018211365,
                0.7329518795013428,
                0.7253190875053406,
                0.7249016761779785,
                0.7273004055023193
            ],
            "score_test": [
                0.74730384349823,
                0.7880089282989502,
                0.7716719508171082,
                0.8083954453468323,
                0.7810242176055908
            ],
            "t_fit": [
                5.421300530433655,
                34.703574389219284,
                3.9017218500375748,
                23.97644478082657,
                30.019995629787445
            ],
            "t_inference": [
                0.14702820777893066,
                0.5388413816690445,
                0.05257114768028259,
                0.3917199820280075,
                0.4259791374206543
            ],
            "hyperparams": [
                {
                    "in_dim": 25,
                    "out_dim": 1,
                    "loss": "mse",
                    "bottleneck_dim": 512,
                    "n_blocks": 3,
                    "hidden_dim": 88,
                    "lr": 0.009486533831552055,
                    "end_lr_factor": 0.04127415755628772,
                    "n_epochs": 11,
                    "weight_decay": 1.1223986545008961e-06,
                    "batch_size": 384
                },
                {
                    "in_dim": 25,
                    "out_dim": 1,
                    "loss": "mse",
                    "bottleneck_dim": 512,
                    "n_blocks": 10,
                    "hidden_dim": 122,
                    "lr": 0.009461431328275191,
                    "end_lr_factor": 0.010196174101758403,
                    "n_epochs": 26,
                    "weight_decay": 1.026009457296608e-06,
                    "batch_size": 256
                },
                {
                    "in_dim": 25,
                    "out_dim": 1,
                    "loss": "mse",
                    "bottleneck_dim": 512,
                    "n_blocks": 1,
                    "hidden_dim": 109,
                    "lr": 0.009753034380224101,
                    "end_lr_factor": 0.016442884528324368,
                    "n_epochs": 18,
                    "weight_decay": 7.956582235898276e-05,
                    "batch_size": 384
                },
                {
                    "in_dim": 25,
                    "out_dim": 1,
                    "loss": "mse",
                    "bottleneck_dim": 512,
                    "n_blocks": 3,
                    "hidden_dim": 425,
                    "lr": 0.005010267194615922,
                    "end_lr_factor": 0.01489140858353819,
                    "n_epochs": 22,
                    "weight_decay": 1.2625903600812882e-06,
                    "batch_size": 256
                },
                {
                    "in_dim": 25,
                    "out_dim": 1,
                    "loss": "mse",
                    "bottleneck_dim": 512,
                    "n_blocks": 5,
                    "hidden_dim": 326,
                    "lr": 0.007103563753752303,
                    "end_lr_factor": 0.011386553340330022,
                    "n_epochs": 23,
                    "weight_decay": 0.0006883635933360068,
                    "batch_size": 256
                }
            ]
        }
    }
}