{
    "44963": {
        "End2End": {
            "score_train": [
                0.42094385623931885,
                0.4517352879047394,
                0.36944907903671265,
                0.49200043082237244,
                0.41896873712539673
            ],
            "score_test": [
                0.6806243658065796,
                0.6999326348304749,
                0.7055824995040894,
                0.7016200423240662,
                0.7122807502746582
            ],
            "t_fit": [
                19.69079903140664,
                22.86798251606524,
                44.003155348822474,
                20.114477887749672,
                15.612966280430555
            ],
            "t_inference": [
                0.2729687802493572,
                0.32692050002515316,
                0.4591432474553585,
                0.24849904887378216,
                0.17237795516848564
            ],
            "hyperparams": [
                {
                    "in_dim": 9,
                    "out_dim": 1,
                    "loss": "mse",
                    "n_blocks": 10,
                    "hidden_dim": 176,
                    "bottleneck_dim": 432,
                    "lr": 0.0005057057007221019,
                    "end_lr_factor": 0.010214986965557227,
                    "n_epochs": 21,
                    "weight_decay": 2.1908429075314837e-05,
                    "batch_size": 128
                },
                {
                    "in_dim": 9,
                    "out_dim": 1,
                    "loss": "mse",
                    "n_blocks": 7,
                    "hidden_dim": 368,
                    "bottleneck_dim": 400,
                    "lr": 0.00045991346146458936,
                    "end_lr_factor": 0.015406477057463293,
                    "n_epochs": 21,
                    "weight_decay": 4.2680669213986457e-05,
                    "batch_size": 128
                },
                {
                    "in_dim": 9,
                    "out_dim": 1,
                    "loss": "mse",
                    "n_blocks": 9,
                    "hidden_dim": 432,
                    "bottleneck_dim": 368,
                    "lr": 0.0005025077144288487,
                    "end_lr_factor": 0.02076225915277654,
                    "n_epochs": 30,
                    "weight_decay": 1.0061257549835145e-06,
                    "batch_size": 128
                },
                {
                    "in_dim": 9,
                    "out_dim": 1,
                    "loss": "mse",
                    "n_blocks": 6,
                    "hidden_dim": 432,
                    "bottleneck_dim": 272,
                    "lr": 0.0006257291716004217,
                    "end_lr_factor": 0.02530738424455126,
                    "n_epochs": 25,
                    "weight_decay": 4.0718246560345686e-05,
                    "batch_size": 128
                },
                {
                    "in_dim": 9,
                    "out_dim": 1,
                    "loss": "mse",
                    "n_blocks": 8,
                    "hidden_dim": 112,
                    "bottleneck_dim": 464,
                    "lr": 0.0008104839119002404,
                    "end_lr_factor": 0.020937363507781668,
                    "n_epochs": 27,
                    "weight_decay": 2.609769924343442e-05,
                    "batch_size": 128
                }
            ]
        }
    }
}