{
    "44981": {
        "RFNN": {
            "score_train": [
                0.9021790623664856,
                0.8938022255897522,
                0.9058389663696289,
                0.8941382765769958,
                0.9053921699523926
            ],
            "score_test": [
                0.9232646226882935,
                0.9283440113067627,
                0.8892245292663574,
                0.928270697593689,
                0.8951588273048401
            ],
            "t_fit": [
                0.04918287694454193,
                0.08035814017057419,
                0.06415404006838799,
                0.05106259882450104,
                0.079935222864151
            ],
            "t_inference": [
                0.017016984522342682,
                0.03460800647735596,
                0.01815488189458847,
                0.014709293842315674,
                0.02595783770084381
            ],
            "hyperparams": [
                {
                    "n_layers": 0,
                    "in_dim": 32,
                    "out_dim": 1,
                    "upscale_type": "SWIM",
                    "activation": "tanh",
                    "use_batchnorm": false,
                    "l2_reg": 0.0006708054755489377,
                    "hidden_dim": 261,
                    "SWIM_scale": 0.6966141505273895
                },
                {
                    "n_layers": 0,
                    "in_dim": 32,
                    "out_dim": 1,
                    "upscale_type": "SWIM",
                    "activation": "tanh",
                    "use_batchnorm": false,
                    "l2_reg": 0.00025316313222970173,
                    "hidden_dim": 457,
                    "SWIM_scale": 0.6817019409955251
                },
                {
                    "n_layers": 0,
                    "in_dim": 32,
                    "out_dim": 1,
                    "upscale_type": "SWIM",
                    "activation": "tanh",
                    "use_batchnorm": false,
                    "l2_reg": 0.008922914280611812,
                    "hidden_dim": 432,
                    "SWIM_scale": 1.2513700726323804
                },
                {
                    "n_layers": 0,
                    "in_dim": 32,
                    "out_dim": 1,
                    "upscale_type": "SWIM",
                    "activation": "tanh",
                    "use_batchnorm": false,
                    "l2_reg": 0.0052053532079960945,
                    "hidden_dim": 368,
                    "SWIM_scale": 1.3215968034255305
                },
                {
                    "n_layers": 0,
                    "in_dim": 32,
                    "out_dim": 1,
                    "upscale_type": "SWIM",
                    "activation": "tanh",
                    "use_batchnorm": false,
                    "l2_reg": 9.117112383540898e-05,
                    "hidden_dim": 434,
                    "SWIM_scale": 0.5181766050972862
                }
            ]
        }
    }
}