{
    "44965": {
        "RFNN_iid": {
            "score_train": [
                0.7688923478126526,
                0.796005129814148,
                0.7684000730514526,
                0.7892425060272217,
                0.8223726749420166
            ],
            "score_test": [
                0.8894774913787842,
                0.872194230556488,
                0.851668655872345,
                0.9811272025108337,
                0.7366744875907898
            ],
            "t_fit": [
                0.021283086389303207,
                0.023183725774288177,
                0.021396126598119736,
                0.01564517617225647,
                0.018797118216753006
            ],
            "t_inference": [
                0.006506778299808502,
                0.006434805691242218,
                0.005844771862030029,
                0.004199661314487457,
                0.005903527140617371
            ],
            "hyperparams": [
                {
                    "n_layers": 0,
                    "in_dim": 116,
                    "out_dim": 1,
                    "upscale_type": "SWIM",
                    "activation": "tanh",
                    "use_batchnorm": false,
                    "l2_reg": 0.0042470300854932355,
                    "hidden_dim": 389,
                    "SWIM_scale": 0.9515699972989954
                },
                {
                    "n_layers": 0,
                    "in_dim": 116,
                    "out_dim": 1,
                    "upscale_type": "SWIM",
                    "activation": "tanh",
                    "use_batchnorm": false,
                    "l2_reg": 0.000855344049777946,
                    "hidden_dim": 418,
                    "SWIM_scale": 0.49827265528033365
                },
                {
                    "n_layers": 0,
                    "in_dim": 116,
                    "out_dim": 1,
                    "upscale_type": "SWIM",
                    "activation": "tanh",
                    "use_batchnorm": false,
                    "l2_reg": 0.0031662399775214943,
                    "hidden_dim": 369,
                    "SWIM_scale": 0.9991820019946601
                },
                {
                    "n_layers": 0,
                    "in_dim": 116,
                    "out_dim": 1,
                    "upscale_type": "SWIM",
                    "activation": "tanh",
                    "use_batchnorm": false,
                    "l2_reg": 0.012062844715402674,
                    "hidden_dim": 268,
                    "SWIM_scale": 0.9685847944051196
                },
                {
                    "n_layers": 0,
                    "in_dim": 116,
                    "out_dim": 1,
                    "upscale_type": "SWIM",
                    "activation": "tanh",
                    "use_batchnorm": false,
                    "l2_reg": 0.013993365010842964,
                    "hidden_dim": 447,
                    "SWIM_scale": 1.1010068822524683
                }
            ]
        }
    }
}