{
    "44963": {
        "GradientRFRBoost_upscaleiid_iidfeat": {
            "score_train": [
                0.6801726818084717,
                0.6688293218612671,
                0.6172980666160583,
                0.6071150302886963,
                0.6621387004852295
            ],
            "score_test": [
                0.7334108352661133,
                0.7513498067855835,
                0.7491775155067444,
                0.7630664706230164,
                0.7576929926872253
            ],
            "t_fit": [
                8.483226086944342,
                2.4632073808461428,
                3.207563165575266,
                16.698311371728778,
                4.997994791716337
            ],
            "t_inference": [
                2.2792148161679506,
                0.6384205389767885,
                1.0217839628458023,
                2.6608980763703585,
                1.451685979962349
            ],
            "hyperparams": [
                {
                    "in_dim": 9,
                    "out_dim": 1,
                    "feature_type": "iid",
                    "upscale_type": "iid",
                    "randfeat_xt_dim": 512,
                    "randfeat_x0_dim": 512,
                    "n_layers": 15,
                    "hidden_dim": 272,
                    "l2_reg": 0.21023875156945052,
                    "l2_ghat": 0.7571772421163548,
                    "boost_lr": 0.9,
                    "iid_scale": 2.120224605107027
                },
                {
                    "in_dim": 9,
                    "out_dim": 1,
                    "feature_type": "iid",
                    "upscale_type": "iid",
                    "randfeat_xt_dim": 512,
                    "randfeat_x0_dim": 512,
                    "n_layers": 5,
                    "hidden_dim": 272,
                    "l2_reg": 0.38037363432623206,
                    "l2_ghat": 0.14044117254183375,
                    "boost_lr": 0.5,
                    "iid_scale": 3.124555373853877
                },
                {
                    "in_dim": 9,
                    "out_dim": 1,
                    "feature_type": "iid",
                    "upscale_type": "iid",
                    "randfeat_xt_dim": 512,
                    "randfeat_x0_dim": 512,
                    "n_layers": 5,
                    "hidden_dim": 400,
                    "l2_reg": 0.7745474088893479,
                    "l2_ghat": 0.08571738495682152,
                    "boost_lr": 0.5,
                    "iid_scale": 3.9237686117298365
                },
                {
                    "in_dim": 9,
                    "out_dim": 1,
                    "feature_type": "iid",
                    "upscale_type": "iid",
                    "randfeat_xt_dim": 512,
                    "randfeat_x0_dim": 512,
                    "n_layers": 14,
                    "hidden_dim": 304,
                    "l2_reg": 0.01689324586749003,
                    "l2_ghat": 0.9563818296873385,
                    "boost_lr": 0.8,
                    "iid_scale": 3.124556445157577
                },
                {
                    "in_dim": 9,
                    "out_dim": 1,
                    "feature_type": "iid",
                    "upscale_type": "iid",
                    "randfeat_xt_dim": 512,
                    "randfeat_x0_dim": 512,
                    "n_layers": 8,
                    "hidden_dim": 272,
                    "l2_reg": 0.611124932712927,
                    "l2_ghat": 0.9936556223692148,
                    "boost_lr": 1.0,
                    "iid_scale": 3.19571326339186
                }
            ]
        }
    }
}