{
    "44987": {
        "GreedyRFRBoostDiag_batchnormFalse": {
            "score_train": [
                0.11066077649593353,
                0.11966349184513092,
                0.08456896990537643,
                0.0862763300538063,
                0.10179019719362259
            ],
            "score_test": [
                0.20757080614566803,
                0.1738063246011734,
                0.1955975741147995,
                0.17776229977607727,
                0.17052283883094788
            ],
            "t_fit": [
                0.9387540146708488,
                0.9379960149526596,
                1.1543956696987152,
                1.084860384464264,
                0.6595483049750328
            ],
            "t_inference": [
                0.2439173460006714,
                0.25681575387716293,
                0.28871873021125793,
                0.2903008535504341,
                0.21192677319049835
            ],
            "hyperparams": [
                {
                    "in_dim": 39,
                    "out_dim": 1,
                    "feature_type": "SWIM",
                    "upscale_type": "SWIM",
                    "randfeat_xt_dim": 512,
                    "randfeat_x0_dim": 512,
                    "sandwich_solver": "diag",
                    "activation": "tanh",
                    "use_batchnorm": false,
                    "n_layers": 8,
                    "l2_reg": 0.0031447050525185132,
                    "l2_ghat": 2.3524023903118798e-06,
                    "boost_lr": 0.3133197297751742,
                    "hidden_dim": 470,
                    "SWIM_scale": 1.6241543184332254
                },
                {
                    "in_dim": 39,
                    "out_dim": 1,
                    "feature_type": "SWIM",
                    "upscale_type": "SWIM",
                    "randfeat_xt_dim": 512,
                    "randfeat_x0_dim": 512,
                    "sandwich_solver": "diag",
                    "activation": "tanh",
                    "use_batchnorm": false,
                    "n_layers": 9,
                    "l2_reg": 0.0004929092480606751,
                    "l2_ghat": 2.0370535907855303e-05,
                    "boost_lr": 0.7110571862673735,
                    "hidden_dim": 419,
                    "SWIM_scale": 1.170389539523487
                },
                {
                    "in_dim": 39,
                    "out_dim": 1,
                    "feature_type": "SWIM",
                    "upscale_type": "SWIM",
                    "randfeat_xt_dim": 512,
                    "randfeat_x0_dim": 512,
                    "sandwich_solver": "diag",
                    "activation": "tanh",
                    "use_batchnorm": false,
                    "n_layers": 10,
                    "l2_reg": 0.0004892123028615892,
                    "l2_ghat": 1.5202462143942716e-05,
                    "boost_lr": 0.805638220288486,
                    "hidden_dim": 468,
                    "SWIM_scale": 1.4190675059151139
                },
                {
                    "in_dim": 39,
                    "out_dim": 1,
                    "feature_type": "SWIM",
                    "upscale_type": "SWIM",
                    "randfeat_xt_dim": 512,
                    "randfeat_x0_dim": 512,
                    "sandwich_solver": "diag",
                    "activation": "tanh",
                    "use_batchnorm": false,
                    "n_layers": 9,
                    "l2_reg": 0.0003777515981863062,
                    "l2_ghat": 9.289989866975785e-06,
                    "boost_lr": 0.6332874332962071,
                    "hidden_dim": 451,
                    "SWIM_scale": 1.4188997215530197
                },
                {
                    "in_dim": 39,
                    "out_dim": 1,
                    "feature_type": "SWIM",
                    "upscale_type": "SWIM",
                    "randfeat_xt_dim": 512,
                    "randfeat_x0_dim": 512,
                    "sandwich_solver": "diag",
                    "activation": "tanh",
                    "use_batchnorm": false,
                    "n_layers": 8,
                    "l2_reg": 0.000422495065871598,
                    "l2_ghat": 1.5591079704123635e-05,
                    "boost_lr": 0.9728376848436687,
                    "hidden_dim": 334,
                    "SWIM_scale": 1.2742530166824726
                }
            ]
        }
    }
}