{
    "44978": {
        "GradientRFRBoost": {
            "score_train": [
                0.13190774619579315,
                0.1303408294916153,
                0.12063958495855331,
                0.13423103094100952,
                0.1316097378730774
            ],
            "score_test": [
                0.14991949498653412,
                0.1438310593366623,
                0.17018340528011322,
                0.16514557600021362,
                0.14340896904468536
            ],
            "t_fit": [
                5.877157561480999,
                4.562855441123247,
                6.7719725631177425,
                4.106030039489269,
                5.800145145505667
            ],
            "t_inference": [
                1.603194072842598,
                0.9286592490971088,
                1.8391818143427372,
                1.2028354927897453,
                1.4993974268436432
            ],
            "hyperparams": [
                {
                    "in_dim": 21,
                    "out_dim": 1,
                    "feature_type": "SWIM",
                    "upscale_type": "SWIM",
                    "randfeat_xt_dim": 512,
                    "randfeat_x0_dim": 512,
                    "n_layers": 17,
                    "hidden_dim": 240,
                    "l2_reg": 0.8102356207766631,
                    "l2_ghat": 0.40878412178527046,
                    "boost_lr": 1.0,
                    "SWIM_scale": 1.6287245423939871
                },
                {
                    "in_dim": 21,
                    "out_dim": 1,
                    "feature_type": "SWIM",
                    "upscale_type": "SWIM",
                    "randfeat_xt_dim": 512,
                    "randfeat_x0_dim": 512,
                    "n_layers": 18,
                    "hidden_dim": 80,
                    "l2_reg": 0.8527935219409416,
                    "l2_ghat": 0.05734530663960543,
                    "boost_lr": 0.6,
                    "SWIM_scale": 1.438845074169488
                },
                {
                    "in_dim": 21,
                    "out_dim": 1,
                    "feature_type": "SWIM",
                    "upscale_type": "SWIM",
                    "randfeat_xt_dim": 512,
                    "randfeat_x0_dim": 512,
                    "n_layers": 20,
                    "hidden_dim": 240,
                    "l2_reg": 0.05628275203517047,
                    "l2_ghat": 0.4787839758078609,
                    "boost_lr": 0.9,
                    "SWIM_scale": 1.7777363934579924
                },
                {
                    "in_dim": 21,
                    "out_dim": 1,
                    "feature_type": "SWIM",
                    "upscale_type": "SWIM",
                    "randfeat_xt_dim": 512,
                    "randfeat_x0_dim": 512,
                    "n_layers": 12,
                    "hidden_dim": 272,
                    "l2_reg": 0.9884437321185486,
                    "l2_ghat": 0.3547111491615974,
                    "boost_lr": 0.9,
                    "SWIM_scale": 1.9969239744967797
                },
                {
                    "in_dim": 21,
                    "out_dim": 1,
                    "feature_type": "SWIM",
                    "upscale_type": "SWIM",
                    "randfeat_xt_dim": 512,
                    "randfeat_x0_dim": 512,
                    "n_layers": 18,
                    "hidden_dim": 208,
                    "l2_reg": 0.5682179167926964,
                    "l2_ghat": 0.2372759386925265,
                    "boost_lr": 0.8,
                    "SWIM_scale": 1.512950502348097
                }
            ]
        }
    }
}