{
    "44970": {
        "RidgeCV": {
            "score_train": [
                0.5925731658935547,
                0.6740124821662903
            ],
            "score_test": [
                0.6963951587677002,
                0.6147586703300476
            ],
            "t_fit": [
                0.0007202190026873723,
                0.000686261999362614
            ],
            "t_inference": [
                3.228700006729923e-05,
                3.2829000701894984e-05
            ],
            "hyperparams": [
                {
                    "lower_alpha": 1.1492393938452579e-05,
                    "upper_alpha": 0.0002130761268302943,
                    "n_alphas": 43
                },
                {
                    "lower_alpha": 0.0005804935501577734,
                    "upper_alpha": 0.02292554637187928,
                    "n_alphas": 13
                }
            ]
        }
    }
}