{
    "44984": {
        "GreedyRFRBoostScalar_upscaleiid_iidfeat": {
            "score_train": [
                0.6496325731277466,
                0.6318344473838806,
                0.6420514583587646,
                0.6424986124038696,
                0.6366531252861023
            ],
            "score_test": [
                0.6200080513954163,
                0.6835524439811707,
                0.6515758633613586,
                0.6464301347732544,
                0.6831256747245789
            ],
            "t_fit": [
                0.05301061272621155,
                0.11850405484437943,
                0.0549340546131134,
                0.1616424359381199,
                0.0631534568965435
            ],
            "t_inference": [
                0.03323483467102051,
                0.08256702497601509,
                0.03221333399415016,
                0.10494588688015938,
                0.033837247639894485
            ],
            "hyperparams": [
                {
                    "in_dim": 12,
                    "out_dim": 1,
                    "feature_type": "iid",
                    "upscale_type": "iid",
                    "randfeat_xt_dim": 512,
                    "randfeat_x0_dim": 512,
                    "sandwich_solver": "scalar",
                    "n_layers": 1,
                    "hidden_dim": 304,
                    "l2_reg": 0.014523454160795458,
                    "l2_ghat": 0.6204495765915219,
                    "boost_lr": 0.8,
                    "iid_scale": 2.9259131347775647
                },
                {
                    "in_dim": 12,
                    "out_dim": 1,
                    "feature_type": "iid",
                    "upscale_type": "iid",
                    "randfeat_xt_dim": 512,
                    "randfeat_x0_dim": 512,
                    "sandwich_solver": "scalar",
                    "n_layers": 3,
                    "hidden_dim": 304,
                    "l2_reg": 0.005853622192791486,
                    "l2_ghat": 3.1459238393933642e-06,
                    "boost_lr": 0.9,
                    "iid_scale": 2.3539319760087603
                },
                {
                    "in_dim": 12,
                    "out_dim": 1,
                    "feature_type": "iid",
                    "upscale_type": "iid",
                    "randfeat_xt_dim": 512,
                    "randfeat_x0_dim": 512,
                    "sandwich_solver": "scalar",
                    "n_layers": 1,
                    "hidden_dim": 304,
                    "l2_reg": 0.014523454160795458,
                    "l2_ghat": 0.6204495765915219,
                    "boost_lr": 0.8,
                    "iid_scale": 2.9259131347775647
                },
                {
                    "in_dim": 12,
                    "out_dim": 1,
                    "feature_type": "iid",
                    "upscale_type": "iid",
                    "randfeat_xt_dim": 512,
                    "randfeat_x0_dim": 512,
                    "sandwich_solver": "scalar",
                    "n_layers": 4,
                    "hidden_dim": 304,
                    "l2_reg": 0.008484877321047983,
                    "l2_ghat": 0.1942481395882956,
                    "boost_lr": 0.7,
                    "iid_scale": 2.524238200252861
                },
                {
                    "in_dim": 12,
                    "out_dim": 1,
                    "feature_type": "iid",
                    "upscale_type": "iid",
                    "randfeat_xt_dim": 512,
                    "randfeat_x0_dim": 512,
                    "sandwich_solver": "scalar",
                    "n_layers": 1,
                    "hidden_dim": 304,
                    "l2_reg": 0.019495375094804458,
                    "l2_ghat": 0.33759342927688063,
                    "boost_lr": 0.8,
                    "iid_scale": 2.9268245473084207
                }
            ]
        }
    }
}