{
    "44989": {
        "End2End": {
            "score_train": [
                0.23747564852237701,
                0.19509102404117584,
                0.19497576355934143,
                0.2144746035337448,
                0.23322905600070953
            ],
            "score_test": [
                0.2828601598739624,
                0.2994561493396759,
                0.3091353476047516,
                0.27780359983444214,
                0.2861490249633789
            ],
            "t_fit": [
                3.4014264717698097,
                1.462294951081276,
                0.8261003866791725,
                1.9875940904021263,
                1.2574603632092476
            ],
            "t_inference": [
                0.0445440411567688,
                0.0275445356965065,
                0.008272208273410797,
                0.025647543370723724,
                0.017430409789085388
            ],
            "hyperparams": [
                {
                    "in_dim": 132,
                    "out_dim": 1,
                    "loss": "mse",
                    "n_blocks": 1,
                    "hidden_dim": 240,
                    "bottleneck_dim": 464,
                    "lr": 0.009839516598144282,
                    "end_lr_factor": 0.24982695201193925,
                    "n_epochs": 24,
                    "weight_decay": 1.0561193074437808e-05,
                    "batch_size": 384
                },
                {
                    "in_dim": 132,
                    "out_dim": 1,
                    "loss": "mse",
                    "n_blocks": 1,
                    "hidden_dim": 208,
                    "bottleneck_dim": 304,
                    "lr": 0.006828628642679255,
                    "end_lr_factor": 0.07036995159574752,
                    "n_epochs": 15,
                    "weight_decay": 1.8309808225033527e-05,
                    "batch_size": 256
                },
                {
                    "in_dim": 132,
                    "out_dim": 1,
                    "loss": "mse",
                    "n_blocks": 1,
                    "hidden_dim": 208,
                    "bottleneck_dim": 16,
                    "lr": 0.007309129292313112,
                    "end_lr_factor": 0.06778083967804571,
                    "n_epochs": 15,
                    "weight_decay": 6.359293527647328e-06,
                    "batch_size": 384
                },
                {
                    "in_dim": 132,
                    "out_dim": 1,
                    "loss": "mse",
                    "n_blocks": 1,
                    "hidden_dim": 208,
                    "bottleneck_dim": 272,
                    "lr": 0.009833250087600725,
                    "end_lr_factor": 0.01645336338786705,
                    "n_epochs": 22,
                    "weight_decay": 0.00024276856537706795,
                    "batch_size": 256
                },
                {
                    "in_dim": 132,
                    "out_dim": 1,
                    "loss": "mse",
                    "n_blocks": 1,
                    "hidden_dim": 144,
                    "bottleneck_dim": 240,
                    "lr": 0.009787544051614689,
                    "end_lr_factor": 0.01879841669276985,
                    "n_epochs": 19,
                    "weight_decay": 4.468435839794121e-05,
                    "batch_size": 384
                }
            ]
        }
    }
}