{
    "44957": {
        "GreedyRFRBoostDiag_relu": {
            "score_train": [
                0.34645920991897583,
                0.39293137192726135,
                0.31631383299827576,
                0.37303426861763,
                0.355040967464447
            ],
            "score_test": [
                0.4197750687599182,
                0.4641262888908386,
                0.35293158888816833,
                0.4195452034473419,
                0.38159558176994324
            ],
            "t_fit": [
                0.8181052841246128,
                0.5451419912278652,
                0.30793741904199123,
                0.6588603314012289,
                0.9030799567699432
            ],
            "t_inference": [
                0.2332801092416048,
                0.16643154062330723,
                0.08892747573554516,
                0.19857611507177353,
                0.24351461604237556
            ],
            "hyperparams": [
                {
                    "in_dim": 5,
                    "out_dim": 1,
                    "feature_type": "SWIM",
                    "upscale_type": "iid",
                    "randfeat_xt_dim": 512,
                    "randfeat_x0_dim": 512,
                    "sandwich_solver": "diag",
                    "n_layers": 15,
                    "hidden_dim": 496,
                    "l2_reg": 0.01889078911830572,
                    "l2_ghat": 1.2734310853304256e-06,
                    "boost_lr": 0.6,
                    "SWIM_scale": 0.9655579376764186
                },
                {
                    "in_dim": 5,
                    "out_dim": 1,
                    "feature_type": "SWIM",
                    "upscale_type": "iid",
                    "randfeat_xt_dim": 512,
                    "randfeat_x0_dim": 512,
                    "sandwich_solver": "diag",
                    "n_layers": 13,
                    "hidden_dim": 464,
                    "l2_reg": 0.01173555678007842,
                    "l2_ghat": 5.71906011068192e-07,
                    "boost_lr": 1.0,
                    "SWIM_scale": 0.45848359449864085
                },
                {
                    "in_dim": 5,
                    "out_dim": 1,
                    "feature_type": "SWIM",
                    "upscale_type": "iid",
                    "randfeat_xt_dim": 512,
                    "randfeat_x0_dim": 512,
                    "sandwich_solver": "diag",
                    "n_layers": 14,
                    "hidden_dim": 304,
                    "l2_reg": 0.010954528033175115,
                    "l2_ghat": 3.517952741037162e-05,
                    "boost_lr": 0.8,
                    "SWIM_scale": 1.095671447608351
                },
                {
                    "in_dim": 5,
                    "out_dim": 1,
                    "feature_type": "SWIM",
                    "upscale_type": "iid",
                    "randfeat_xt_dim": 512,
                    "randfeat_x0_dim": 512,
                    "sandwich_solver": "diag",
                    "n_layers": 12,
                    "hidden_dim": 496,
                    "l2_reg": 0.017728978443663765,
                    "l2_ghat": 2.50594711503036e-07,
                    "boost_lr": 0.5,
                    "SWIM_scale": 0.49372150949444593
                },
                {
                    "in_dim": 5,
                    "out_dim": 1,
                    "feature_type": "SWIM",
                    "upscale_type": "iid",
                    "randfeat_xt_dim": 512,
                    "randfeat_x0_dim": 512,
                    "sandwich_solver": "diag",
                    "n_layers": 14,
                    "hidden_dim": 496,
                    "l2_reg": 0.02078726903073597,
                    "l2_ghat": 6.227744582667276e-07,
                    "boost_lr": 0.5,
                    "SWIM_scale": 0.7451814799157859
                }
            ]
        }
    }
}