{
    "41021": {
        "GradientRFRBoostID": {
            "score_train": [
                0.22132501006126404,
                0.2096385955810547,
                0.22424206137657166,
                0.22540490329265594,
                0.21610894799232483
            ],
            "score_test": [
                0.22338800132274628,
                0.2589912712574005,
                0.23901841044425964,
                0.2483377456665039,
                0.25544533133506775
            ],
            "t_fit": [
                0.07816799357533455,
                0.720227126032114,
                0.16080479323863983,
                0.6877493355423212,
                0.10081110522150993
            ],
            "t_inference": [
                0.011053936555981636,
                0.09943693690001965,
                0.023248251527547836,
                0.09863408841192722,
                0.014754846692085266
            ],
            "hyperparams": [
                {
                    "in_dim": 72,
                    "out_dim": 1,
                    "feature_type": "SWIM",
                    "upscale_type": "identity",
                    "randfeat_xt_dim": 512,
                    "randfeat_x0_dim": 512,
                    "n_layers": 1,
                    "hidden_dim": 72,
                    "l2_reg": 0.023444995319863812,
                    "l2_ghat": 0.15171205535021715,
                    "boost_lr": 0.5
                },
                {
                    "in_dim": 72,
                    "out_dim": 1,
                    "feature_type": "SWIM",
                    "upscale_type": "identity",
                    "randfeat_xt_dim": 512,
                    "randfeat_x0_dim": 512,
                    "n_layers": 9,
                    "hidden_dim": 72,
                    "l2_reg": 0.07074904738313248,
                    "l2_ghat": 0.03675964898763448,
                    "boost_lr": 0.8
                },
                {
                    "in_dim": 72,
                    "out_dim": 1,
                    "feature_type": "SWIM",
                    "upscale_type": "identity",
                    "randfeat_xt_dim": 512,
                    "randfeat_x0_dim": 512,
                    "n_layers": 2,
                    "hidden_dim": 72,
                    "l2_reg": 0.1442549426901061,
                    "l2_ghat": 0.007846169949152992,
                    "boost_lr": 0.6
                },
                {
                    "in_dim": 72,
                    "out_dim": 1,
                    "feature_type": "SWIM",
                    "upscale_type": "identity",
                    "randfeat_xt_dim": 512,
                    "randfeat_x0_dim": 512,
                    "n_layers": 7,
                    "hidden_dim": 72,
                    "l2_reg": 0.14665687402665584,
                    "l2_ghat": 0.052199777894782556,
                    "boost_lr": 0.5
                },
                {
                    "in_dim": 72,
                    "out_dim": 1,
                    "feature_type": "SWIM",
                    "upscale_type": "identity",
                    "randfeat_xt_dim": 512,
                    "randfeat_x0_dim": 512,
                    "n_layers": 1,
                    "hidden_dim": 72,
                    "l2_reg": 0.023422328621630694,
                    "l2_ghat": 0.005079656694832618,
                    "boost_lr": 0.6
                }
            ]
        }
    }
}