{
    "44970": {
        "GreedyRFRBoostDense_upscaleiid": {
            "score_train": [
                0.5352470278739929,
                0.5856006145477295,
                0.5758491158485413,
                0.5828984975814819,
                0.568179190158844
            ],
            "score_test": [
                0.6813878417015076,
                0.6051761507987976,
                0.5856595039367676,
                0.5614973902702332,
                0.6306899785995483
            ],
            "t_fit": [
                1.581411087885499,
                0.9860106576234102,
                3.132061880081892,
                3.9327598456293344,
                2.8185151256620884
            ],
            "t_inference": [
                0.11540774069726467,
                0.07572722993791103,
                0.12789607606828213,
                0.2870166953653097,
                0.19405744411051273
            ],
            "hyperparams": [
                {
                    "in_dim": 6,
                    "out_dim": 1,
                    "feature_type": "SWIM",
                    "upscale_type": "iid",
                    "randfeat_xt_dim": 512,
                    "randfeat_x0_dim": 512,
                    "sandwich_solver": "dense",
                    "n_layers": 5,
                    "hidden_dim": 304,
                    "l2_reg": 0.2638120497693487,
                    "l2_ghat": 0.2612759633114653,
                    "boost_lr": 0.9,
                    "SWIM_scale": 1.6210203815419326
                },
                {
                    "in_dim": 6,
                    "out_dim": 1,
                    "feature_type": "SWIM",
                    "upscale_type": "iid",
                    "randfeat_xt_dim": 512,
                    "randfeat_x0_dim": 512,
                    "sandwich_solver": "dense",
                    "n_layers": 3,
                    "hidden_dim": 304,
                    "l2_reg": 0.7402790139879959,
                    "l2_ghat": 0.24426461474986486,
                    "boost_lr": 1.0,
                    "SWIM_scale": 1.5714435120396388
                },
                {
                    "in_dim": 6,
                    "out_dim": 1,
                    "feature_type": "SWIM",
                    "upscale_type": "iid",
                    "randfeat_xt_dim": 512,
                    "randfeat_x0_dim": 512,
                    "sandwich_solver": "dense",
                    "n_layers": 7,
                    "hidden_dim": 208,
                    "l2_reg": 0.48186637712005975,
                    "l2_ghat": 0.49969196352657697,
                    "boost_lr": 1.0,
                    "SWIM_scale": 1.8215136140534087
                },
                {
                    "in_dim": 6,
                    "out_dim": 1,
                    "feature_type": "SWIM",
                    "upscale_type": "iid",
                    "randfeat_xt_dim": 512,
                    "randfeat_x0_dim": 512,
                    "sandwich_solver": "dense",
                    "n_layers": 13,
                    "hidden_dim": 240,
                    "l2_reg": 0.8102356207766631,
                    "l2_ghat": 0.40878412178527046,
                    "boost_lr": 1.0,
                    "SWIM_scale": 1.6287245423939871
                },
                {
                    "in_dim": 6,
                    "out_dim": 1,
                    "feature_type": "SWIM",
                    "upscale_type": "iid",
                    "randfeat_xt_dim": 512,
                    "randfeat_x0_dim": 512,
                    "sandwich_solver": "dense",
                    "n_layers": 9,
                    "hidden_dim": 272,
                    "l2_reg": 0.87748666653697,
                    "l2_ghat": 0.32599737586818217,
                    "boost_lr": 1.0,
                    "SWIM_scale": 1.8992266014493662
                }
            ]
        }
    }
}