{
    "44972": {
        "GradientRFRBoostID": {
            "score_train": [
                0.7449626326560974,
                0.7046201229095459,
                0.7192423939704895,
                0.7481435537338257,
                0.6753886938095093
            ],
            "score_test": [
                0.7587374448776245,
                0.7984980344772339,
                0.7271494269371033,
                0.8218589425086975,
                0.7842879295349121
            ],
            "t_fit": [
                0.1702715903520584,
                0.13298413157463074,
                0.13213923573493958,
                0.1682584434747696,
                0.13783307373523712
            ],
            "t_inference": [
                0.017206057906150818,
                0.012750908732414246,
                0.015121564269065857,
                0.017191678285598755,
                0.012706220149993896
            ],
            "hyperparams": [
                {
                    "in_dim": 11,
                    "out_dim": 1,
                    "feature_type": "SWIM",
                    "upscale_type": "identity",
                    "randfeat_xt_dim": 512,
                    "randfeat_x0_dim": 512,
                    "n_layers": 1,
                    "hidden_dim": 11,
                    "l2_reg": 0.08098344760037943,
                    "l2_ghat": 0.006121572687811927,
                    "boost_lr": 0.5
                },
                {
                    "in_dim": 11,
                    "out_dim": 1,
                    "feature_type": "SWIM",
                    "upscale_type": "identity",
                    "randfeat_xt_dim": 512,
                    "randfeat_x0_dim": 512,
                    "n_layers": 1,
                    "hidden_dim": 11,
                    "l2_reg": 0.09824869942177182,
                    "l2_ghat": 0.0006395548296892986,
                    "boost_lr": 0.5
                },
                {
                    "in_dim": 11,
                    "out_dim": 1,
                    "feature_type": "SWIM",
                    "upscale_type": "identity",
                    "randfeat_xt_dim": 512,
                    "randfeat_x0_dim": 512,
                    "n_layers": 1,
                    "hidden_dim": 11,
                    "l2_reg": 0.09872578139678409,
                    "l2_ghat": 0.0007645831319484166,
                    "boost_lr": 0.5
                },
                {
                    "in_dim": 11,
                    "out_dim": 1,
                    "feature_type": "SWIM",
                    "upscale_type": "identity",
                    "randfeat_xt_dim": 512,
                    "randfeat_x0_dim": 512,
                    "n_layers": 1,
                    "hidden_dim": 11,
                    "l2_reg": 0.055517216852447225,
                    "l2_ghat": 0.0673224892077534,
                    "boost_lr": 0.9
                },
                {
                    "in_dim": 11,
                    "out_dim": 1,
                    "feature_type": "SWIM",
                    "upscale_type": "identity",
                    "randfeat_xt_dim": 512,
                    "randfeat_x0_dim": 512,
                    "n_layers": 1,
                    "hidden_dim": 11,
                    "l2_reg": 0.07374031225521542,
                    "l2_ghat": 0.00012881396556570769,
                    "boost_lr": 0.5
                }
            ]
        }
    }
}