{
    "44990": {
        "GreedyRFRBoostDense": {
            "score_train": [
                0.36963096261024475,
                0.3843362629413605,
                0.3772182762622833,
                0.3684239089488983,
                0.3697078227996826
            ],
            "score_test": [
                0.4034939110279083,
                0.38860830664634705,
                0.3985859453678131,
                0.406497985124588,
                0.3922424912452698
            ],
            "t_fit": [
                7.466746348887682,
                10.110671143978834,
                8.127926839515567,
                5.199482589960098,
                3.512437030673027
            ],
            "t_inference": [
                1.0892200879752636,
                1.376646151766181,
                1.1435463074594736,
                0.8689513765275478,
                0.7528074160218239
            ],
            "hyperparams": [
                {
                    "in_dim": 49,
                    "out_dim": 1,
                    "feature_type": "SWIM",
                    "upscale_type": "iid",
                    "randfeat_xt_dim": 512,
                    "randfeat_x0_dim": 512,
                    "sandwich_solver": "dense",
                    "activation": "tanh",
                    "n_layers": 12,
                    "hidden_dim": 136,
                    "l2_reg": 0.27307232456766267,
                    "l2_ghat": 5.227775072104196e-06,
                    "boost_lr": 0.7,
                    "SWIM_scale": -0.19818960819824194,
                    "iid_scale": 0.9275987013590167
                },
                {
                    "in_dim": 49,
                    "out_dim": 1,
                    "feature_type": "SWIM",
                    "upscale_type": "iid",
                    "randfeat_xt_dim": 512,
                    "randfeat_x0_dim": 512,
                    "sandwich_solver": "dense",
                    "activation": "tanh",
                    "n_layers": 15,
                    "hidden_dim": 90,
                    "l2_reg": 1.2657888504767834,
                    "l2_ghat": 9.088617840413062e-06,
                    "boost_lr": 0.8,
                    "SWIM_scale": 0.20241016876943374,
                    "iid_scale": 0.4739224147284698
                },
                {
                    "in_dim": 49,
                    "out_dim": 1,
                    "feature_type": "SWIM",
                    "upscale_type": "iid",
                    "randfeat_xt_dim": 512,
                    "randfeat_x0_dim": 512,
                    "sandwich_solver": "dense",
                    "activation": "tanh",
                    "n_layers": 10,
                    "hidden_dim": 71,
                    "l2_reg": 0.14016620989668807,
                    "l2_ghat": 9.564113443742939e-06,
                    "boost_lr": 0.8,
                    "SWIM_scale": 0.19730927739691062,
                    "iid_scale": 0.15057040826419968
                },
                {
                    "in_dim": 49,
                    "out_dim": 1,
                    "feature_type": "SWIM",
                    "upscale_type": "iid",
                    "randfeat_xt_dim": 512,
                    "randfeat_x0_dim": 512,
                    "sandwich_solver": "dense",
                    "activation": "tanh",
                    "n_layers": 8,
                    "hidden_dim": 158,
                    "l2_reg": 0.7194366328534989,
                    "l2_ghat": 4.608644897952801e-05,
                    "boost_lr": 0.5,
                    "SWIM_scale": -0.5191851902900262,
                    "iid_scale": 0.34321095001365726
                },
                {
                    "in_dim": 49,
                    "out_dim": 1,
                    "feature_type": "SWIM",
                    "upscale_type": "iid",
                    "randfeat_xt_dim": 512,
                    "randfeat_x0_dim": 512,
                    "sandwich_solver": "dense",
                    "activation": "tanh",
                    "n_layers": 4,
                    "hidden_dim": 263,
                    "l2_reg": 1.5170034007484665,
                    "l2_ghat": 3.755026078951242e-05,
                    "boost_lr": 0.6,
                    "SWIM_scale": 0.6717870649334652,
                    "iid_scale": 0.5895289500453905
                }
            ]
        }
    }
}