{
    "44993": {
        "GreedyRFRBoostDiag": {
            "score_train": [
                0.7580599784851074,
                0.7546302676200867,
                0.7571777701377869,
                0.730937659740448,
                0.7478678226470947
            ],
            "score_test": [
                0.7513408064842224,
                0.7805048227310181,
                0.7743897438049316,
                0.8077491521835327,
                0.7746381163597107
            ],
            "t_fit": [
                4.3270189464092255,
                3.9382439628243446,
                8.25883562117815,
                5.698595704510808,
                3.2460380028933287
            ],
            "t_inference": [
                1.3132871631532907,
                1.0617810059338808,
                2.450562685728073,
                1.72504972666502,
                1.0439652744680643
            ],
            "hyperparams": [
                {
                    "in_dim": 25,
                    "out_dim": 1,
                    "feature_type": "SWIM",
                    "upscale_type": "SWIM",
                    "randfeat_xt_dim": 512,
                    "randfeat_x0_dim": 512,
                    "sandwich_solver": "diag",
                    "n_layers": 7,
                    "hidden_dim": 464,
                    "l2_reg": 0.06450471629237757,
                    "l2_ghat": 5.318601464461888e-05,
                    "boost_lr": 0.6,
                    "SWIM_scale": 1.4365604115944826
                },
                {
                    "in_dim": 25,
                    "out_dim": 1,
                    "feature_type": "SWIM",
                    "upscale_type": "SWIM",
                    "randfeat_xt_dim": 512,
                    "randfeat_x0_dim": 512,
                    "sandwich_solver": "diag",
                    "n_layers": 10,
                    "hidden_dim": 400,
                    "l2_reg": 0.013155606125551337,
                    "l2_ghat": 0.0002470256091019511,
                    "boost_lr": 1.0,
                    "SWIM_scale": 0.8367418667854742
                },
                {
                    "in_dim": 25,
                    "out_dim": 1,
                    "feature_type": "SWIM",
                    "upscale_type": "SWIM",
                    "randfeat_xt_dim": 512,
                    "randfeat_x0_dim": 512,
                    "sandwich_solver": "diag",
                    "n_layers": 9,
                    "hidden_dim": 496,
                    "l2_reg": 0.04237964772239235,
                    "l2_ghat": 0.03338835917507974,
                    "boost_lr": 0.8,
                    "SWIM_scale": 1.6380867635063794
                },
                {
                    "in_dim": 25,
                    "out_dim": 1,
                    "feature_type": "SWIM",
                    "upscale_type": "SWIM",
                    "randfeat_xt_dim": 512,
                    "randfeat_x0_dim": 512,
                    "sandwich_solver": "diag",
                    "n_layers": 11,
                    "hidden_dim": 496,
                    "l2_reg": 0.03332660376043516,
                    "l2_ghat": 0.0005734224408456695,
                    "boost_lr": 1.0,
                    "SWIM_scale": 1.998555055627923
                },
                {
                    "in_dim": 25,
                    "out_dim": 1,
                    "feature_type": "SWIM",
                    "upscale_type": "SWIM",
                    "randfeat_xt_dim": 512,
                    "randfeat_x0_dim": 512,
                    "sandwich_solver": "diag",
                    "n_layers": 6,
                    "hidden_dim": 432,
                    "l2_reg": 0.04282145402064401,
                    "l2_ghat": 0.0001378038110185224,
                    "boost_lr": 0.7,
                    "SWIM_scale": 1.8015722607955622
                }
            ]
        }
    }
}