{
    "44978": {
        "GreedyRFRBoostScalar_upscaleiid_iidfeat": {
            "score_train": [
                0.14916279911994934,
                0.15201687812805176,
                0.1482749581336975,
                0.15043610334396362,
                0.15156053006649017
            ],
            "score_test": [
                0.17724977433681488,
                0.18740962445735931,
                0.19050002098083496,
                0.20716802775859833,
                0.18536004424095154
            ],
            "t_fit": [
                1.0084331631660461,
                2.0896835327148438,
                2.4302783012390137,
                1.288869172334671,
                2.402010977268219
            ],
            "t_inference": [
                0.7196895629167557,
                1.4750994443893433,
                1.7854305356740952,
                0.9228621274232864,
                1.791477456688881
            ],
            "hyperparams": [
                {
                    "in_dim": 21,
                    "out_dim": 1,
                    "feature_type": "iid",
                    "upscale_type": "iid",
                    "randfeat_xt_dim": 512,
                    "randfeat_x0_dim": 512,
                    "sandwich_solver": "scalar",
                    "n_layers": 4,
                    "hidden_dim": 496,
                    "l2_reg": 0.0024296632142292354,
                    "l2_ghat": 0.006413235583128402,
                    "boost_lr": 0.8,
                    "iid_scale": 1.4768245196070435
                },
                {
                    "in_dim": 21,
                    "out_dim": 1,
                    "feature_type": "iid",
                    "upscale_type": "iid",
                    "randfeat_xt_dim": 512,
                    "randfeat_x0_dim": 512,
                    "sandwich_solver": "scalar",
                    "n_layers": 9,
                    "hidden_dim": 496,
                    "l2_reg": 0.002186738466226881,
                    "l2_ghat": 1.4727811890472542e-06,
                    "boost_lr": 0.7,
                    "iid_scale": 1.2306781401933833
                },
                {
                    "in_dim": 21,
                    "out_dim": 1,
                    "feature_type": "iid",
                    "upscale_type": "iid",
                    "randfeat_xt_dim": 512,
                    "randfeat_x0_dim": 512,
                    "sandwich_solver": "scalar",
                    "n_layers": 9,
                    "hidden_dim": 496,
                    "l2_reg": 0.001619314786571904,
                    "l2_ghat": 1.1875587416644584e-07,
                    "boost_lr": 0.5,
                    "iid_scale": 1.195922016193991
                },
                {
                    "in_dim": 21,
                    "out_dim": 1,
                    "feature_type": "iid",
                    "upscale_type": "iid",
                    "randfeat_xt_dim": 512,
                    "randfeat_x0_dim": 512,
                    "sandwich_solver": "scalar",
                    "n_layers": 6,
                    "hidden_dim": 496,
                    "l2_reg": 0.00435770918881589,
                    "l2_ghat": 4.395191752937634e-06,
                    "boost_lr": 0.9,
                    "iid_scale": 1.5865445508075111
                },
                {
                    "in_dim": 21,
                    "out_dim": 1,
                    "feature_type": "iid",
                    "upscale_type": "iid",
                    "randfeat_xt_dim": 512,
                    "randfeat_x0_dim": 512,
                    "sandwich_solver": "scalar",
                    "n_layers": 10,
                    "hidden_dim": 496,
                    "l2_reg": 0.0018647037386837224,
                    "l2_ghat": 0.35613883164628873,
                    "boost_lr": 0.7,
                    "iid_scale": 1.1691135064733744
                }
            ]
        }
    }
}