{
    "44964": {
        "GreedyRFRBoostDense_upscaleiid": {
            "score_train": [
                0.3644661605358124,
                0.3498901128768921,
                0.30512550473213196,
                0.31886371970176697,
                0.3445189893245697
            ],
            "score_test": [
                0.386471688747406,
                0.39621081948280334,
                0.4064868092536926,
                0.3990844786167145,
                0.4057803750038147
            ],
            "t_fit": [
                6.003491653129458,
                6.909834917634726,
                6.608792647719383,
                5.916571278125048,
                8.190874895080924
            ],
            "t_inference": [
                1.1730720233172178,
                1.4082383792847395,
                1.7221047561615705,
                1.2694154549390078,
                2.017139131203294
            ],
            "hyperparams": [
                {
                    "in_dim": 81,
                    "out_dim": 1,
                    "feature_type": "SWIM",
                    "upscale_type": "iid",
                    "randfeat_xt_dim": 512,
                    "randfeat_x0_dim": 512,
                    "sandwich_solver": "dense",
                    "n_layers": 9,
                    "hidden_dim": 272,
                    "l2_reg": 0.04560937446144408,
                    "l2_ghat": 0.00021299764006827988,
                    "boost_lr": 0.8,
                    "SWIM_scale": 0.63236500806219
                },
                {
                    "in_dim": 81,
                    "out_dim": 1,
                    "feature_type": "SWIM",
                    "upscale_type": "iid",
                    "randfeat_xt_dim": 512,
                    "randfeat_x0_dim": 512,
                    "sandwich_solver": "dense",
                    "n_layers": 13,
                    "hidden_dim": 240,
                    "l2_reg": 0.8033155767994171,
                    "l2_ghat": 1.2634173736809847e-05,
                    "boost_lr": 0.7,
                    "SWIM_scale": 0.5697773564996033
                },
                {
                    "in_dim": 81,
                    "out_dim": 1,
                    "feature_type": "SWIM",
                    "upscale_type": "iid",
                    "randfeat_xt_dim": 512,
                    "randfeat_x0_dim": 512,
                    "sandwich_solver": "dense",
                    "n_layers": 11,
                    "hidden_dim": 400,
                    "l2_reg": 0.17358334712825688,
                    "l2_ghat": 0.00033204335549252156,
                    "boost_lr": 0.9,
                    "SWIM_scale": 1.737958267260639
                },
                {
                    "in_dim": 81,
                    "out_dim": 1,
                    "feature_type": "SWIM",
                    "upscale_type": "iid",
                    "randfeat_xt_dim": 512,
                    "randfeat_x0_dim": 512,
                    "sandwich_solver": "dense",
                    "n_layers": 9,
                    "hidden_dim": 368,
                    "l2_reg": 0.33918893047279397,
                    "l2_ghat": 0.00047165955007611815,
                    "boost_lr": 0.6,
                    "SWIM_scale": 1.957503301063622
                },
                {
                    "in_dim": 81,
                    "out_dim": 1,
                    "feature_type": "SWIM",
                    "upscale_type": "iid",
                    "randfeat_xt_dim": 512,
                    "randfeat_x0_dim": 512,
                    "sandwich_solver": "dense",
                    "n_layers": 13,
                    "hidden_dim": 208,
                    "l2_reg": 0.7489827144628809,
                    "l2_ghat": 1.8131477570942854e-05,
                    "boost_lr": 0.7,
                    "SWIM_scale": 0.5899956820125206
                }
            ]
        }
    }
}