{
    "44970": {
        "GreedyRFRBoostScalar": {
            "score_train": [
                0.5588158369064331,
                0.5852562189102173,
                0.5903281569480896,
                0.5870575904846191,
                0.5747368931770325
            ],
            "score_test": [
                0.6798637509346008,
                0.6073935627937317,
                0.5764671564102173,
                0.5643125772476196,
                0.6385539174079895
            ],
            "t_fit": [
                0.23694761842489243,
                0.2274163756519556,
                0.056703198701143265,
                0.3284184914082289,
                0.2694294657558203
            ],
            "t_inference": [
                0.09036088921129704,
                0.0881271529942751,
                0.018490564078092575,
                0.12486721388995647,
                0.09724182821810246
            ],
            "hyperparams": [
                {
                    "in_dim": 6,
                    "out_dim": 1,
                    "feature_type": "SWIM",
                    "upscale_type": "iid",
                    "randfeat_xt_dim": 512,
                    "randfeat_x0_dim": 512,
                    "sandwich_solver": "scalar",
                    "n_layers": 6,
                    "hidden_dim": 512,
                    "l2_reg": 0.27754790877672947,
                    "l2_ghat": 1.0401283138918561e-07,
                    "boost_lr": 0.9,
                    "SWIM_scale": -0.75
                },
                {
                    "in_dim": 6,
                    "out_dim": 1,
                    "feature_type": "SWIM",
                    "upscale_type": "iid",
                    "randfeat_xt_dim": 512,
                    "randfeat_x0_dim": 512,
                    "sandwich_solver": "scalar",
                    "n_layers": 6,
                    "hidden_dim": 512,
                    "l2_reg": 0.3824635834201669,
                    "l2_ghat": 6.986047397252037e-05,
                    "boost_lr": 0.9,
                    "SWIM_scale": -0.75
                },
                {
                    "in_dim": 6,
                    "out_dim": 1,
                    "feature_type": "SWIM",
                    "upscale_type": "iid",
                    "randfeat_xt_dim": 512,
                    "randfeat_x0_dim": 512,
                    "sandwich_solver": "scalar",
                    "n_layers": 1,
                    "hidden_dim": 512,
                    "l2_reg": 0.334553430532141,
                    "l2_ghat": 6.044044985219933e-07,
                    "boost_lr": 0.9,
                    "SWIM_scale": -0.75
                },
                {
                    "in_dim": 6,
                    "out_dim": 1,
                    "feature_type": "SWIM",
                    "upscale_type": "iid",
                    "randfeat_xt_dim": 512,
                    "randfeat_x0_dim": 512,
                    "sandwich_solver": "scalar",
                    "n_layers": 9,
                    "hidden_dim": 512,
                    "l2_reg": 0.2483519073220551,
                    "l2_ghat": 2.2881129933653942e-07,
                    "boost_lr": 1.0,
                    "SWIM_scale": -0.75
                },
                {
                    "in_dim": 6,
                    "out_dim": 1,
                    "feature_type": "SWIM",
                    "upscale_type": "iid",
                    "randfeat_xt_dim": 512,
                    "randfeat_x0_dim": 512,
                    "sandwich_solver": "scalar",
                    "n_layers": 7,
                    "hidden_dim": 512,
                    "l2_reg": 0.42238469806869844,
                    "l2_ghat": 6.459947102325001e-05,
                    "boost_lr": 1.0,
                    "SWIM_scale": -0.75
                }
            ]
        }
    }
}