{
    "44964": {
        "GreedyRFRBoostScalar_upscaleiid": {
            "score_train": [
                0.4390917122364044,
                0.4339381754398346,
                0.4309387505054474,
                0.43512076139450073,
                0.42859750986099243
            ],
            "score_test": [
                0.4472992718219757,
                0.4607875645160675,
                0.46095511317253113,
                0.4793909192085266,
                0.47047361731529236
            ],
            "t_fit": [
                4.571241598576307,
                4.867292623966932,
                2.7671632058918476,
                2.3854107931256294,
                2.8684736639261246
            ],
            "t_inference": [
                1.4675588831305504,
                1.7657538242638111,
                1.1138426512479782,
                0.8604363985359669,
                1.1097516603767872
            ],
            "hyperparams": [
                {
                    "in_dim": 81,
                    "out_dim": 1,
                    "feature_type": "SWIM",
                    "upscale_type": "iid",
                    "randfeat_xt_dim": 512,
                    "randfeat_x0_dim": 512,
                    "sandwich_solver": "scalar",
                    "n_layers": 10,
                    "hidden_dim": 496,
                    "l2_reg": 0.002148059316526459,
                    "l2_ghat": 1.17077917217989e-05,
                    "boost_lr": 0.6,
                    "SWIM_scale": 0.7170695268364626
                },
                {
                    "in_dim": 81,
                    "out_dim": 1,
                    "feature_type": "SWIM",
                    "upscale_type": "iid",
                    "randfeat_xt_dim": 512,
                    "randfeat_x0_dim": 512,
                    "sandwich_solver": "scalar",
                    "n_layers": 13,
                    "hidden_dim": 464,
                    "l2_reg": 0.0015573450536199038,
                    "l2_ghat": 0.0001349420983418546,
                    "boost_lr": 0.7,
                    "SWIM_scale": 1.9898897571065626
                },
                {
                    "in_dim": 81,
                    "out_dim": 1,
                    "feature_type": "SWIM",
                    "upscale_type": "iid",
                    "randfeat_xt_dim": 512,
                    "randfeat_x0_dim": 512,
                    "sandwich_solver": "scalar",
                    "n_layers": 8,
                    "hidden_dim": 496,
                    "l2_reg": 0.0014697532804131487,
                    "l2_ghat": 0.08529483097319376,
                    "boost_lr": 0.9,
                    "SWIM_scale": 0.6633534689146112
                },
                {
                    "in_dim": 81,
                    "out_dim": 1,
                    "feature_type": "SWIM",
                    "upscale_type": "iid",
                    "randfeat_xt_dim": 512,
                    "randfeat_x0_dim": 512,
                    "sandwich_solver": "scalar",
                    "n_layers": 6,
                    "hidden_dim": 496,
                    "l2_reg": 0.0026087863453193197,
                    "l2_ghat": 4.076716908684536e-05,
                    "boost_lr": 0.7,
                    "SWIM_scale": 1.416368312975288
                },
                {
                    "in_dim": 81,
                    "out_dim": 1,
                    "feature_type": "SWIM",
                    "upscale_type": "iid",
                    "randfeat_xt_dim": 512,
                    "randfeat_x0_dim": 512,
                    "sandwich_solver": "scalar",
                    "n_layers": 14,
                    "hidden_dim": 496,
                    "l2_reg": 0.0015083868735631006,
                    "l2_ghat": 3.5111309281262374e-05,
                    "boost_lr": 0.8,
                    "SWIM_scale": 1.2491539946421923
                }
            ]
        }
    }
}