{
    "44993": {
        "GradientRFRBoost_ID_batchnormFalse": {
            "score_train": [
                0.7592177987098694,
                0.7537405490875244,
                0.7547073364257812,
                0.7409976124763489,
                0.7600526213645935
            ],
            "score_test": [
                0.74467933177948,
                0.7715144157409668,
                0.7639140486717224,
                0.7998510003089905,
                0.7630231976509094
            ],
            "t_fit": [
                2.533508498221636,
                2.3564710803329945,
                4.803174696862698,
                3.4128947146236897,
                2.3240837454795837
            ],
            "t_inference": [
                0.4348572753369808,
                0.35330088809132576,
                0.7125626020133495,
                0.4798807390034199,
                0.33922820538282394
            ],
            "hyperparams": [
                {
                    "in_dim": 25,
                    "out_dim": 1,
                    "feature_type": "SWIM",
                    "upscale_type": "identity",
                    "randfeat_xt_dim": 512,
                    "randfeat_x0_dim": 512,
                    "activation": "tanh",
                    "use_batchnorm": false,
                    "n_layers": 10,
                    "l2_reg": 0.024586058967274196,
                    "l2_ghat": 0.00248874089942879,
                    "boost_lr": 0.9245945579530663,
                    "hidden_dim": 25,
                    "SWIM_scale": 0.3597740722543517
                },
                {
                    "in_dim": 25,
                    "out_dim": 1,
                    "feature_type": "SWIM",
                    "upscale_type": "identity",
                    "randfeat_xt_dim": 512,
                    "randfeat_x0_dim": 512,
                    "activation": "tanh",
                    "use_batchnorm": false,
                    "n_layers": 5,
                    "l2_reg": 0.22376291834375955,
                    "l2_ghat": 0.04207183267778663,
                    "boost_lr": 0.4147357530200668,
                    "hidden_dim": 25,
                    "SWIM_scale": 0.8887578681197523
                },
                {
                    "in_dim": 25,
                    "out_dim": 1,
                    "feature_type": "SWIM",
                    "upscale_type": "identity",
                    "randfeat_xt_dim": 512,
                    "randfeat_x0_dim": 512,
                    "activation": "tanh",
                    "use_batchnorm": false,
                    "n_layers": 9,
                    "l2_reg": 1.6270164726522292,
                    "l2_ghat": 0.055127588789260586,
                    "boost_lr": 0.8403415032648001,
                    "hidden_dim": 25,
                    "SWIM_scale": 0.6302858267452711
                },
                {
                    "in_dim": 25,
                    "out_dim": 1,
                    "feature_type": "SWIM",
                    "upscale_type": "identity",
                    "randfeat_xt_dim": 512,
                    "randfeat_x0_dim": 512,
                    "activation": "tanh",
                    "use_batchnorm": false,
                    "n_layers": 9,
                    "l2_reg": 0.8262405539748405,
                    "l2_ghat": 0.0003550048664384726,
                    "boost_lr": 0.5635202579746242,
                    "hidden_dim": 25,
                    "SWIM_scale": 0.3104568900496721
                },
                {
                    "in_dim": 25,
                    "out_dim": 1,
                    "feature_type": "SWIM",
                    "upscale_type": "identity",
                    "randfeat_xt_dim": 512,
                    "randfeat_x0_dim": 512,
                    "activation": "tanh",
                    "use_batchnorm": false,
                    "n_layers": 6,
                    "l2_reg": 0.00025027291499494424,
                    "l2_ghat": 0.0005649758816555655,
                    "boost_lr": 0.8025454868473505,
                    "hidden_dim": 25,
                    "SWIM_scale": 0.29578097683871624
                }
            ]
        }
    }
}