{
    "44962": {
        "GreedyRFRBoostScalar_batchnormFalse": {
            "score_train": [
                0.4600445628166199,
                0.4580473005771637,
                0.43969693779945374,
                0.41880881786346436,
                0.447191059589386
            ],
            "score_test": [
                0.3673970401287079,
                0.40900716185569763,
                0.4736213982105255,
                0.5472150444984436,
                0.44167083501815796
            ],
            "t_fit": [
                0.01127595454454422,
                0.003523901104927063,
                0.008398506790399551,
                0.015385512262582779,
                0.00772428885102272
            ],
            "t_inference": [
                0.001388460397720337,
                0.000423431396484375,
                0.0009033046662807465,
                0.0019380822777748108,
                0.0009978041052818298
            ],
            "hyperparams": [
                {
                    "in_dim": 29,
                    "out_dim": 1,
                    "feature_type": "SWIM",
                    "upscale_type": "SWIM",
                    "randfeat_xt_dim": 512,
                    "randfeat_x0_dim": 512,
                    "sandwich_solver": "scalar",
                    "activation": "tanh",
                    "use_batchnorm": false,
                    "n_layers": 7,
                    "l2_reg": 0.022006490377043546,
                    "l2_ghat": 4.107981807657651e-06,
                    "boost_lr": 0.11737946506495237,
                    "hidden_dim": 19,
                    "SWIM_scale": 1.084939179298344
                },
                {
                    "in_dim": 29,
                    "out_dim": 1,
                    "feature_type": "SWIM",
                    "upscale_type": "SWIM",
                    "randfeat_xt_dim": 512,
                    "randfeat_x0_dim": 512,
                    "sandwich_solver": "scalar",
                    "activation": "tanh",
                    "use_batchnorm": false,
                    "n_layers": 1,
                    "l2_reg": 0.7200107599569613,
                    "l2_ghat": 0.772759087544334,
                    "boost_lr": 0.13108055344119898,
                    "hidden_dim": 16,
                    "SWIM_scale": 0.35941183619607586
                },
                {
                    "in_dim": 29,
                    "out_dim": 1,
                    "feature_type": "SWIM",
                    "upscale_type": "SWIM",
                    "randfeat_xt_dim": 512,
                    "randfeat_x0_dim": 512,
                    "sandwich_solver": "scalar",
                    "activation": "tanh",
                    "use_batchnorm": false,
                    "n_layers": 4,
                    "l2_reg": 0.82116080652429,
                    "l2_ghat": 0.0004013398477210591,
                    "boost_lr": 0.1018072073319113,
                    "hidden_dim": 16,
                    "SWIM_scale": 0.6836054634133834
                },
                {
                    "in_dim": 29,
                    "out_dim": 1,
                    "feature_type": "SWIM",
                    "upscale_type": "SWIM",
                    "randfeat_xt_dim": 512,
                    "randfeat_x0_dim": 512,
                    "sandwich_solver": "scalar",
                    "activation": "tanh",
                    "use_batchnorm": false,
                    "n_layers": 6,
                    "l2_reg": 0.49151552360429723,
                    "l2_ghat": 1.110633649220295e-05,
                    "boost_lr": 0.12257994204339719,
                    "hidden_dim": 20,
                    "SWIM_scale": 0.3526102459065939
                },
                {
                    "in_dim": 29,
                    "out_dim": 1,
                    "feature_type": "SWIM",
                    "upscale_type": "SWIM",
                    "randfeat_xt_dim": 512,
                    "randfeat_x0_dim": 512,
                    "sandwich_solver": "scalar",
                    "activation": "tanh",
                    "use_batchnorm": false,
                    "n_layers": 3,
                    "l2_reg": 0.7088367874803043,
                    "l2_ghat": 0.0003892976417098893,
                    "boost_lr": 0.5035700768900053,
                    "hidden_dim": 37,
                    "SWIM_scale": 0.5493006213754235
                }
            ]
        }
    }
}