{
    "44978": {
        "GreedyRFRBoostScalar_batchnormFalse": {
            "score_train": [
                0.1330207884311676,
                0.13342447578907013,
                0.13069263100624084,
                0.13488154113292694,
                0.14030329883098602
            ],
            "score_test": [
                0.15104259550571442,
                0.14038921892642975,
                0.15764053165912628,
                0.14630703628063202,
                0.13940435647964478
            ],
            "t_fit": [
                1.3443494774401188,
                0.7160065397620201,
                2.3312836289405823,
                1.0959470309317112,
                1.0149881057441235
            ],
            "t_inference": [
                0.3049309775233269,
                0.30030231922864914,
                0.8567237295210361,
                0.3204898275434971,
                0.3304876647889614
            ],
            "hyperparams": [
                {
                    "in_dim": 21,
                    "out_dim": 1,
                    "feature_type": "SWIM",
                    "upscale_type": "SWIM",
                    "randfeat_xt_dim": 512,
                    "randfeat_x0_dim": 512,
                    "sandwich_solver": "scalar",
                    "activation": "tanh",
                    "use_batchnorm": false,
                    "n_layers": 5,
                    "l2_reg": 0.0003815660836701812,
                    "l2_ghat": 8.899149448279673e-06,
                    "boost_lr": 0.44654749260622295,
                    "hidden_dim": 455,
                    "SWIM_scale": 1.5815318418156208
                },
                {
                    "in_dim": 21,
                    "out_dim": 1,
                    "feature_type": "SWIM",
                    "upscale_type": "SWIM",
                    "randfeat_xt_dim": 512,
                    "randfeat_x0_dim": 512,
                    "sandwich_solver": "scalar",
                    "activation": "tanh",
                    "use_batchnorm": false,
                    "n_layers": 4,
                    "l2_reg": 0.0002621116383381689,
                    "l2_ghat": 2.7201402893245588,
                    "boost_lr": 0.7823749825646493,
                    "hidden_dim": 463,
                    "SWIM_scale": 1.6467477551651872
                },
                {
                    "in_dim": 21,
                    "out_dim": 1,
                    "feature_type": "SWIM",
                    "upscale_type": "SWIM",
                    "randfeat_xt_dim": 512,
                    "randfeat_x0_dim": 512,
                    "sandwich_solver": "scalar",
                    "activation": "tanh",
                    "use_batchnorm": false,
                    "n_layers": 8,
                    "l2_reg": 0.00023986928675825064,
                    "l2_ghat": 1.0102103055777913e-07,
                    "boost_lr": 0.894961815312074,
                    "hidden_dim": 511,
                    "SWIM_scale": 1.534889909167961
                },
                {
                    "in_dim": 21,
                    "out_dim": 1,
                    "feature_type": "SWIM",
                    "upscale_type": "SWIM",
                    "randfeat_xt_dim": 512,
                    "randfeat_x0_dim": 512,
                    "sandwich_solver": "scalar",
                    "activation": "tanh",
                    "use_batchnorm": false,
                    "n_layers": 6,
                    "l2_reg": 0.000346884671210935,
                    "l2_ghat": 5.667062923084488e-07,
                    "boost_lr": 0.8116469010072304,
                    "hidden_dim": 354,
                    "SWIM_scale": 1.5059599041727385
                },
                {
                    "in_dim": 21,
                    "out_dim": 1,
                    "feature_type": "SWIM",
                    "upscale_type": "SWIM",
                    "randfeat_xt_dim": 512,
                    "randfeat_x0_dim": 512,
                    "sandwich_solver": "scalar",
                    "activation": "tanh",
                    "use_batchnorm": false,
                    "n_layers": 6,
                    "l2_reg": 0.0006560229266436802,
                    "l2_ghat": 3.5387466518047605e-07,
                    "boost_lr": 0.6069105134429277,
                    "hidden_dim": 398,
                    "SWIM_scale": 1.664734860114518
                }
            ]
        }
    }
}