{
    "44970": {
        "GreedyRFRBoostDense_upscaleiid_iidfeat": {
            "score_train": [
                0.5243750810623169,
                0.5739865899085999,
                0.5082650780677795,
                0.5102580189704895,
                0.5494706630706787
            ],
            "score_test": [
                0.6760435104370117,
                0.6155444979667664,
                0.5610873699188232,
                0.5587733387947083,
                0.6222259402275085
            ],
            "t_fit": [
                2.841312265023589,
                3.0136214271187782,
                3.7316359002143145,
                6.1457178723067045,
                2.5554013326764107
            ],
            "t_inference": [
                0.21894524060189724,
                0.19344305619597435,
                0.32269998267292976,
                0.4543546326458454,
                0.25890807062387466
            ],
            "hyperparams": [
                {
                    "in_dim": 6,
                    "out_dim": 1,
                    "feature_type": "iid",
                    "upscale_type": "iid",
                    "randfeat_xt_dim": 512,
                    "randfeat_x0_dim": 512,
                    "sandwich_solver": "dense",
                    "n_layers": 7,
                    "hidden_dim": 272,
                    "l2_reg": 0.6400306438019906,
                    "l2_ghat": 0.901115509147158,
                    "boost_lr": 0.7,
                    "iid_scale": 3.447624995194948
                },
                {
                    "in_dim": 6,
                    "out_dim": 1,
                    "feature_type": "iid",
                    "upscale_type": "iid",
                    "randfeat_xt_dim": 512,
                    "randfeat_x0_dim": 512,
                    "sandwich_solver": "dense",
                    "n_layers": 10,
                    "hidden_dim": 80,
                    "l2_reg": 0.4650738701947035,
                    "l2_ghat": 0.6629751601882089,
                    "boost_lr": 0.5,
                    "iid_scale": 2.003245182252465
                },
                {
                    "in_dim": 6,
                    "out_dim": 1,
                    "feature_type": "iid",
                    "upscale_type": "iid",
                    "randfeat_xt_dim": 512,
                    "randfeat_x0_dim": 512,
                    "sandwich_solver": "dense",
                    "n_layers": 7,
                    "hidden_dim": 336,
                    "l2_reg": 0.992527734583829,
                    "l2_ghat": 0.9442564828887594,
                    "boost_lr": 1.0,
                    "iid_scale": 7.976770975070442
                },
                {
                    "in_dim": 6,
                    "out_dim": 1,
                    "feature_type": "iid",
                    "upscale_type": "iid",
                    "randfeat_xt_dim": 512,
                    "randfeat_x0_dim": 512,
                    "sandwich_solver": "dense",
                    "n_layers": 11,
                    "hidden_dim": 496,
                    "l2_reg": 0.9916592340398229,
                    "l2_ghat": 0.693577656893894,
                    "boost_lr": 0.8,
                    "iid_scale": 4.846550426457776
                },
                {
                    "in_dim": 6,
                    "out_dim": 1,
                    "feature_type": "iid",
                    "upscale_type": "iid",
                    "randfeat_xt_dim": 512,
                    "randfeat_x0_dim": 512,
                    "sandwich_solver": "dense",
                    "n_layers": 6,
                    "hidden_dim": 400,
                    "l2_reg": 0.5579176273430531,
                    "l2_ghat": 0.7438313516721022,
                    "boost_lr": 0.7,
                    "iid_scale": 2.4686882904984864
                }
            ]
        }
    }
}