{
    "44983": {
        "GradientRFRBoostID": {
            "score_train": [
                0.2135746031999588,
                0.18569619953632355,
                0.19300800561904907,
                0.20924825966358185,
                0.20391567051410675
            ],
            "score_test": [
                0.24060198664665222,
                0.26530027389526367,
                0.2656504809856415,
                0.23208416998386383,
                0.23320169746875763
            ],
            "t_fit": [
                0.2542251590639353,
                2.0449669491499662,
                0.24239333532750607,
                1.8024718407541513,
                0.9179081190377474
            ],
            "t_inference": [
                0.050095945596694946,
                0.34886098094284534,
                0.04187522083520889,
                0.31436204351484776,
                0.16245091706514359
            ],
            "hyperparams": [
                {
                    "in_dim": 15,
                    "out_dim": 1,
                    "feature_type": "SWIM",
                    "upscale_type": "identity",
                    "randfeat_xt_dim": 512,
                    "randfeat_x0_dim": 512,
                    "n_layers": 1,
                    "hidden_dim": 15,
                    "l2_reg": 0.002554409047488082,
                    "l2_ghat": 1.914347530504762e-06,
                    "boost_lr": 0.9,
                    "SWIM_scale": -0.75
                },
                {
                    "in_dim": 15,
                    "out_dim": 1,
                    "feature_type": "SWIM",
                    "upscale_type": "identity",
                    "randfeat_xt_dim": 512,
                    "randfeat_x0_dim": 512,
                    "n_layers": 8,
                    "hidden_dim": 15,
                    "l2_reg": 0.08269752870539848,
                    "l2_ghat": 3.376090615187772e-05,
                    "boost_lr": 0.5,
                    "SWIM_scale": -0.75
                },
                {
                    "in_dim": 15,
                    "out_dim": 1,
                    "feature_type": "SWIM",
                    "upscale_type": "identity",
                    "randfeat_xt_dim": 512,
                    "randfeat_x0_dim": 512,
                    "n_layers": 1,
                    "hidden_dim": 15,
                    "l2_reg": 0.000602521573620386,
                    "l2_ghat": 2.9152036385288277e-07,
                    "boost_lr": 1.0,
                    "SWIM_scale": -0.75
                },
                {
                    "in_dim": 15,
                    "out_dim": 1,
                    "feature_type": "SWIM",
                    "upscale_type": "identity",
                    "randfeat_xt_dim": 512,
                    "randfeat_x0_dim": 512,
                    "n_layers": 8,
                    "hidden_dim": 15,
                    "l2_reg": 0.01963907957667262,
                    "l2_ghat": 0.00024014696904997901,
                    "boost_lr": 0.6,
                    "SWIM_scale": -0.75
                },
                {
                    "in_dim": 15,
                    "out_dim": 1,
                    "feature_type": "SWIM",
                    "upscale_type": "identity",
                    "randfeat_xt_dim": 512,
                    "randfeat_x0_dim": 512,
                    "n_layers": 4,
                    "hidden_dim": 15,
                    "l2_reg": 0.014094734819680044,
                    "l2_ghat": 4.638733838590083e-05,
                    "boost_lr": 0.7,
                    "SWIM_scale": -0.75
                }
            ]
        }
    }
}