{
    "44970": {
        "GradientRFRBoost_ID_batchnormFalse": {
            "score_train": [
                0.5393706560134888,
                0.5288061499595642,
                0.5688992738723755,
                0.4501292407512665,
                0.5041950941085815
            ],
            "score_test": [
                0.6862861514091492,
                0.5960478782653809,
                0.5734431147575378,
                0.581317663192749,
                0.6152238845825195
            ],
            "t_fit": [
                0.08119320869445801,
                0.0706298016011715,
                0.4025638699531555,
                0.3352215252816677,
                0.141099750995636
            ],
            "t_inference": [
                0.005668710917234421,
                0.005610868334770203,
                0.029970787465572357,
                0.02475297451019287,
                0.011606615036725998
            ],
            "hyperparams": [
                {
                    "in_dim": 6,
                    "out_dim": 1,
                    "feature_type": "SWIM",
                    "upscale_type": "identity",
                    "randfeat_xt_dim": 512,
                    "randfeat_x0_dim": 512,
                    "activation": "tanh",
                    "use_batchnorm": false,
                    "n_layers": 1,
                    "l2_reg": 0.0013528299704707839,
                    "l2_ghat": 0.11846743083465813,
                    "boost_lr": 0.4885858760236628,
                    "hidden_dim": 6,
                    "SWIM_scale": 1.6013705560302813
                },
                {
                    "in_dim": 6,
                    "out_dim": 1,
                    "feature_type": "SWIM",
                    "upscale_type": "identity",
                    "randfeat_xt_dim": 512,
                    "randfeat_x0_dim": 512,
                    "activation": "tanh",
                    "use_batchnorm": false,
                    "n_layers": 1,
                    "l2_reg": 0.2567410228563175,
                    "l2_ghat": 0.004449123703263323,
                    "boost_lr": 0.39942517465054633,
                    "hidden_dim": 6,
                    "SWIM_scale": 1.051428163730726
                },
                {
                    "in_dim": 6,
                    "out_dim": 1,
                    "feature_type": "SWIM",
                    "upscale_type": "identity",
                    "randfeat_xt_dim": 512,
                    "randfeat_x0_dim": 512,
                    "activation": "tanh",
                    "use_batchnorm": false,
                    "n_layers": 6,
                    "l2_reg": 0.0007545886407559984,
                    "l2_ghat": 0.8017534159919144,
                    "boost_lr": 0.12004753133148216,
                    "hidden_dim": 6,
                    "SWIM_scale": 1.8225535632815248
                },
                {
                    "in_dim": 6,
                    "out_dim": 1,
                    "feature_type": "SWIM",
                    "upscale_type": "identity",
                    "randfeat_xt_dim": 512,
                    "randfeat_x0_dim": 512,
                    "activation": "tanh",
                    "use_batchnorm": false,
                    "n_layers": 5,
                    "l2_reg": 0.19866554314068038,
                    "l2_ghat": 0.009473348216557532,
                    "boost_lr": 0.12452307159657808,
                    "hidden_dim": 6,
                    "SWIM_scale": 1.5727784884091172
                },
                {
                    "in_dim": 6,
                    "out_dim": 1,
                    "feature_type": "SWIM",
                    "upscale_type": "identity",
                    "randfeat_xt_dim": 512,
                    "randfeat_x0_dim": 512,
                    "activation": "tanh",
                    "use_batchnorm": false,
                    "n_layers": 2,
                    "l2_reg": 0.28033866806350244,
                    "l2_ghat": 0.00795404026262888,
                    "boost_lr": 0.2624015722680851,
                    "hidden_dim": 6,
                    "SWIM_scale": 1.1943351869048962
                }
            ]
        }
    }
}