{
    "44974": {
        "GreedyRFRBoostScalar_upscaleiid_iidfeat": {
            "score_train": [
                0.2085856944322586,
                0.20651032030582428,
                0.2069854587316513,
                0.20719312131404877,
                0.2060009390115738
            ],
            "score_test": [
                0.2303491234779358,
                0.24906110763549805,
                0.24783609807491302,
                0.23252041637897491,
                0.23828960955142975
            ],
            "t_fit": [
                2.6017331331968307,
                1.8305162489414215,
                0.5702423602342606,
                2.006798893213272,
                2.9185065627098083
            ],
            "t_inference": [
                1.636543795466423,
                1.6357815563678741,
                0.40626563131809235,
                1.474890947341919,
                2.1578460335731506
            ],
            "hyperparams": [
                {
                    "in_dim": 24,
                    "out_dim": 1,
                    "feature_type": "iid",
                    "upscale_type": "iid",
                    "randfeat_xt_dim": 512,
                    "randfeat_x0_dim": 512,
                    "sandwich_solver": "scalar",
                    "n_layers": 12,
                    "hidden_dim": 496,
                    "l2_reg": 0.001006998843792659,
                    "l2_ghat": 0.0815847759186365,
                    "boost_lr": 0.7,
                    "iid_scale": 1.1215059098926465
                },
                {
                    "in_dim": 24,
                    "out_dim": 1,
                    "feature_type": "iid",
                    "upscale_type": "iid",
                    "randfeat_xt_dim": 512,
                    "randfeat_x0_dim": 512,
                    "sandwich_solver": "scalar",
                    "n_layers": 8,
                    "hidden_dim": 496,
                    "l2_reg": 0.0011840983041503158,
                    "l2_ghat": 0.013551034463164222,
                    "boost_lr": 0.9,
                    "iid_scale": 1.1107476081232095
                },
                {
                    "in_dim": 24,
                    "out_dim": 1,
                    "feature_type": "iid",
                    "upscale_type": "iid",
                    "randfeat_xt_dim": 512,
                    "randfeat_x0_dim": 512,
                    "sandwich_solver": "scalar",
                    "n_layers": 2,
                    "hidden_dim": 496,
                    "l2_reg": 0.0015677295914163015,
                    "l2_ghat": 0.040160930414119896,
                    "boost_lr": 0.9,
                    "iid_scale": 1.3022682955645544
                },
                {
                    "in_dim": 24,
                    "out_dim": 1,
                    "feature_type": "iid",
                    "upscale_type": "iid",
                    "randfeat_xt_dim": 512,
                    "randfeat_x0_dim": 512,
                    "sandwich_solver": "scalar",
                    "n_layers": 11,
                    "hidden_dim": 496,
                    "l2_reg": 0.001074918643125148,
                    "l2_ghat": 3.5863783036229523e-06,
                    "boost_lr": 0.5,
                    "iid_scale": 1.1889503594742301
                },
                {
                    "in_dim": 24,
                    "out_dim": 1,
                    "feature_type": "iid",
                    "upscale_type": "iid",
                    "randfeat_xt_dim": 512,
                    "randfeat_x0_dim": 512,
                    "sandwich_solver": "scalar",
                    "n_layers": 15,
                    "hidden_dim": 496,
                    "l2_reg": 0.0011089648676726237,
                    "l2_ghat": 0.0008555717535500423,
                    "boost_lr": 1.0,
                    "iid_scale": 1.1920417011027384
                }
            ]
        }
    }
}