{
    "44957": {
        "GradientRFRBoostID": {
            "score_train": [
                0.23054398596286774,
                0.23384514451026917,
                0.24216096103191376,
                0.24841062724590302,
                0.2516772150993347
            ],
            "score_test": [
                0.30477476119995117,
                0.3097389042377472,
                0.2961512804031372,
                0.35171833634376526,
                0.31593239307403564
            ],
            "t_fit": [
                0.21088017709553242,
                0.22401771135628223,
                0.7244440484791994,
                1.0709943491965532,
                0.18158139288425446
            ],
            "t_inference": [
                0.0180621650069952,
                0.019854700192809105,
                0.06614703126251698,
                0.11846068501472473,
                0.01775958389043808
            ],
            "hyperparams": [
                {
                    "in_dim": 5,
                    "out_dim": 1,
                    "feature_type": "SWIM",
                    "upscale_type": "identity",
                    "randfeat_xt_dim": 512,
                    "randfeat_x0_dim": 512,
                    "n_layers": 2,
                    "hidden_dim": 5,
                    "l2_reg": 0.0009208899314800069,
                    "l2_ghat": 1.212224430355046e-05,
                    "boost_lr": 0.8
                },
                {
                    "in_dim": 5,
                    "out_dim": 1,
                    "feature_type": "SWIM",
                    "upscale_type": "identity",
                    "randfeat_xt_dim": 512,
                    "randfeat_x0_dim": 512,
                    "n_layers": 2,
                    "hidden_dim": 5,
                    "l2_reg": 5.240077625245927e-05,
                    "l2_ghat": 1.8932906660686237e-05,
                    "boost_lr": 0.7
                },
                {
                    "in_dim": 5,
                    "out_dim": 1,
                    "feature_type": "SWIM",
                    "upscale_type": "identity",
                    "randfeat_xt_dim": 512,
                    "randfeat_x0_dim": 512,
                    "n_layers": 7,
                    "hidden_dim": 5,
                    "l2_reg": 0.07381784424117661,
                    "l2_ghat": 0.000560122104248107,
                    "boost_lr": 0.6
                },
                {
                    "in_dim": 5,
                    "out_dim": 1,
                    "feature_type": "SWIM",
                    "upscale_type": "identity",
                    "randfeat_xt_dim": 512,
                    "randfeat_x0_dim": 512,
                    "n_layers": 10,
                    "hidden_dim": 5,
                    "l2_reg": 0.010034523320087748,
                    "l2_ghat": 0.0018383550354684594,
                    "boost_lr": 0.6
                },
                {
                    "in_dim": 5,
                    "out_dim": 1,
                    "feature_type": "SWIM",
                    "upscale_type": "identity",
                    "randfeat_xt_dim": 512,
                    "randfeat_x0_dim": 512,
                    "n_layers": 2,
                    "hidden_dim": 5,
                    "l2_reg": 0.01060407193142299,
                    "l2_ghat": 4.3957354028370035e-05,
                    "boost_lr": 0.9
                }
            ]
        }
    }
}