{
    "44957": {
        "End2End": {
            "score_train": [
                0.18357250094413757,
                0.20670261979103088,
                0.1798909604549408,
                0.2040151208639145,
                0.18337905406951904
            ],
            "score_test": [
                0.39169952273368835,
                0.32499799132347107,
                0.30977118015289307,
                0.34873315691947937,
                0.29532933235168457
            ],
            "t_fit": [
                41.08087547123432,
                8.461835388094187,
                39.9298285190016,
                6.954358525574207,
                40.06124196201563
            ],
            "t_inference": [
                0.3009625654667616,
                0.05215465649962425,
                0.2761117536574602,
                0.03908195160329342,
                0.2737101651728153
            ],
            "hyperparams": [
                {
                    "in_dim": 5,
                    "out_dim": 1,
                    "loss": "mse",
                    "bottleneck_dim": 512,
                    "n_blocks": 18,
                    "hidden_dim": 304,
                    "lr": 0.0003470266988650413,
                    "end_lr_factor": 0.010994335574766204,
                    "n_epochs": 48,
                    "weight_decay": 0.0003142880890840109,
                    "batch_size": 128
                },
                {
                    "in_dim": 5,
                    "out_dim": 1,
                    "loss": "mse",
                    "bottleneck_dim": 512,
                    "n_blocks": 3,
                    "hidden_dim": 336,
                    "lr": 0.0006373798535805266,
                    "end_lr_factor": 0.1351855437230428,
                    "n_epochs": 50,
                    "weight_decay": 0.0008640744771607185,
                    "batch_size": 128
                },
                {
                    "in_dim": 5,
                    "out_dim": 1,
                    "loss": "mse",
                    "bottleneck_dim": 512,
                    "n_blocks": 18,
                    "hidden_dim": 304,
                    "lr": 0.0003470266988650413,
                    "end_lr_factor": 0.010994335574766204,
                    "n_epochs": 48,
                    "weight_decay": 0.0003142880890840109,
                    "batch_size": 128
                },
                {
                    "in_dim": 5,
                    "out_dim": 1,
                    "loss": "mse",
                    "bottleneck_dim": 512,
                    "n_blocks": 3,
                    "hidden_dim": 272,
                    "lr": 0.0006318062722628106,
                    "end_lr_factor": 0.017360239172986618,
                    "n_epochs": 48,
                    "weight_decay": 0.0009915119050477668,
                    "batch_size": 128
                },
                {
                    "in_dim": 5,
                    "out_dim": 1,
                    "loss": "mse",
                    "bottleneck_dim": 512,
                    "n_blocks": 18,
                    "hidden_dim": 304,
                    "lr": 0.0003470266988650413,
                    "end_lr_factor": 0.010994335574766204,
                    "n_epochs": 48,
                    "weight_decay": 0.0003142880890840109,
                    "batch_size": 128
                }
            ]
        }
    }
}