{
    "44966": {
        "End2End": {
            "score_train": [
                0.6470882892608643,
                0.6872978806495667,
                0.7078282833099365,
                0.6823036670684814,
                0.7064064145088196
            ],
            "score_test": [
                0.8690217733383179,
                0.7528608441352844,
                0.6464300155639648,
                0.7055812478065491,
                0.6864241361618042
            ],
            "t_fit": [
                1.534472331404686,
                6.1968482211232185,
                11.76991704851389,
                0.6112554743885994,
                4.683256261050701
            ],
            "t_inference": [
                0.02084430307149887,
                0.07322199642658234,
                0.11238723248243332,
                0.01188620924949646,
                0.036225542426109314
            ],
            "hyperparams": [
                {
                    "in_dim": 29,
                    "out_dim": 1,
                    "loss": "mse",
                    "bottleneck_dim": 512,
                    "n_blocks": 4,
                    "hidden_dim": 144,
                    "lr": 0.009943835499498484,
                    "end_lr_factor": 0.013799558730963111,
                    "n_epochs": 16,
                    "weight_decay": 3.535616251000965e-06,
                    "batch_size": 128
                },
                {
                    "in_dim": 29,
                    "out_dim": 1,
                    "loss": "mse",
                    "bottleneck_dim": 512,
                    "n_blocks": 6,
                    "hidden_dim": 336,
                    "lr": 0.005114035688489235,
                    "end_lr_factor": 0.027081097391983073,
                    "n_epochs": 38,
                    "weight_decay": 1.9406879728540687e-06,
                    "batch_size": 384
                },
                {
                    "in_dim": 29,
                    "out_dim": 1,
                    "loss": "mse",
                    "bottleneck_dim": 512,
                    "n_blocks": 10,
                    "hidden_dim": 336,
                    "lr": 0.005164137611338695,
                    "end_lr_factor": 0.04708317917845061,
                    "n_epochs": 41,
                    "weight_decay": 5.50140255870461e-06,
                    "batch_size": 256
                },
                {
                    "in_dim": 29,
                    "out_dim": 1,
                    "loss": "mse",
                    "bottleneck_dim": 512,
                    "n_blocks": 2,
                    "hidden_dim": 144,
                    "lr": 0.0047322152680803024,
                    "end_lr_factor": 0.028362471165317135,
                    "n_epochs": 14,
                    "weight_decay": 0.00019454025545265688,
                    "batch_size": 128
                },
                {
                    "in_dim": 29,
                    "out_dim": 1,
                    "loss": "mse",
                    "bottleneck_dim": 512,
                    "n_blocks": 4,
                    "hidden_dim": 272,
                    "lr": 0.004837877974627822,
                    "end_lr_factor": 0.08999466418510965,
                    "n_epochs": 50,
                    "weight_decay": 0.0004986260598128492,
                    "batch_size": 384
                }
            ]
        }
    }
}