{
    "45012": {
        "GradientRFRBoostID": {
            "score_train": [
                0.3229880928993225,
                0.3061363697052002,
                0.3171677589416504,
                0.30501237511634827,
                0.33430570363998413
            ],
            "score_test": [
                0.3269205093383789,
                0.3717424273490906,
                0.33539244532585144,
                0.3233494758605957,
                0.3203652799129486
            ],
            "t_fit": [
                1.7360168155282736,
                1.3744787331670523,
                1.630169603973627,
                1.9943619426339865,
                0.6249655727297068
            ],
            "t_inference": [
                0.508027795702219,
                0.38795717619359493,
                0.4564079474657774,
                0.5645624212920666,
                0.18403117544949055
            ],
            "hyperparams": [
                {
                    "in_dim": 190,
                    "out_dim": 1,
                    "feature_type": "SWIM",
                    "upscale_type": "identity",
                    "randfeat_xt_dim": 512,
                    "randfeat_x0_dim": 512,
                    "activation": "tanh",
                    "n_layers": 5,
                    "hidden_dim": 124,
                    "l2_reg": 9.460929926866575,
                    "l2_ghat": 5.501182079884514e-05,
                    "boost_lr": 0.9,
                    "SWIM_scale": 0.16278261219188228,
                    "iid_scale": 0.38559427086661446
                },
                {
                    "in_dim": 190,
                    "out_dim": 1,
                    "feature_type": "SWIM",
                    "upscale_type": "identity",
                    "randfeat_xt_dim": 512,
                    "randfeat_x0_dim": 512,
                    "activation": "tanh",
                    "n_layers": 4,
                    "hidden_dim": 82,
                    "l2_reg": 4.717541287981866,
                    "l2_ghat": 2.064689779443712e-05,
                    "boost_lr": 0.9,
                    "SWIM_scale": -0.18589501483643528,
                    "iid_scale": 5.853362256758827
                },
                {
                    "in_dim": 190,
                    "out_dim": 1,
                    "feature_type": "SWIM",
                    "upscale_type": "identity",
                    "randfeat_xt_dim": 512,
                    "randfeat_x0_dim": 512,
                    "activation": "tanh",
                    "n_layers": 5,
                    "hidden_dim": 197,
                    "l2_reg": 5.065425470437926,
                    "l2_ghat": 0.00023483047346744299,
                    "boost_lr": 0.7,
                    "SWIM_scale": 0.40934910600895635,
                    "iid_scale": 0.5873800378749436
                },
                {
                    "in_dim": 190,
                    "out_dim": 1,
                    "feature_type": "SWIM",
                    "upscale_type": "identity",
                    "randfeat_xt_dim": 512,
                    "randfeat_x0_dim": 512,
                    "activation": "tanh",
                    "n_layers": 6,
                    "hidden_dim": 217,
                    "l2_reg": 7.895741098952159,
                    "l2_ghat": 0.0003358268369721718,
                    "boost_lr": 1.0,
                    "SWIM_scale": 0.45267376150299177,
                    "iid_scale": 1.719352517921577
                },
                {
                    "in_dim": 190,
                    "out_dim": 1,
                    "feature_type": "SWIM",
                    "upscale_type": "identity",
                    "randfeat_xt_dim": 512,
                    "randfeat_x0_dim": 512,
                    "activation": "tanh",
                    "n_layers": 2,
                    "hidden_dim": 19,
                    "l2_reg": 4.924411672059027,
                    "l2_ghat": 2.4543659875045643e-05,
                    "boost_lr": 0.8,
                    "SWIM_scale": 0.4203581533011985,
                    "iid_scale": 9.996706703900424
                }
            ]
        }
    }
}