{
    "44958": {
        "GreedyRFRBoostScalar": {
            "score_train": [
                0.25130531191825867,
                0.26480475068092346,
                0.2741011679172516,
                0.2397087812423706,
                0.27421826124191284
            ],
            "score_test": [
                0.33991125226020813,
                0.33745744824409485,
                0.3385636508464813,
                0.3426209092140198,
                0.288892537355423
            ],
            "t_fit": [
                0.3500609528273344,
                0.8505933936685324,
                1.0507873632013798,
                0.4081521239131689,
                0.6506673507392406
            ],
            "t_inference": [
                0.13559332862496376,
                0.3620276879519224,
                0.4041225016117096,
                0.1624633464962244,
                0.27185916900634766
            ],
            "hyperparams": [
                {
                    "in_dim": 16,
                    "out_dim": 1,
                    "feature_type": "SWIM",
                    "upscale_type": "iid",
                    "randfeat_xt_dim": 512,
                    "randfeat_x0_dim": 512,
                    "sandwich_solver": "scalar",
                    "n_layers": 4,
                    "hidden_dim": 512,
                    "l2_reg": 0.0010854024498027184,
                    "l2_ghat": 0.0017988068971286411,
                    "boost_lr": 0.6,
                    "SWIM_scale": -0.75
                },
                {
                    "in_dim": 16,
                    "out_dim": 1,
                    "feature_type": "SWIM",
                    "upscale_type": "iid",
                    "randfeat_xt_dim": 512,
                    "randfeat_x0_dim": 512,
                    "sandwich_solver": "scalar",
                    "n_layers": 12,
                    "hidden_dim": 512,
                    "l2_reg": 0.0017987154708077964,
                    "l2_ghat": 2.416555464625578e-07,
                    "boost_lr": 0.7,
                    "SWIM_scale": -0.75
                },
                {
                    "in_dim": 16,
                    "out_dim": 1,
                    "feature_type": "SWIM",
                    "upscale_type": "iid",
                    "randfeat_xt_dim": 512,
                    "randfeat_x0_dim": 512,
                    "sandwich_solver": "scalar",
                    "n_layers": 12,
                    "hidden_dim": 512,
                    "l2_reg": 0.0018480605244599762,
                    "l2_ghat": 2.0000744870759746e-06,
                    "boost_lr": 0.7,
                    "SWIM_scale": -0.75
                },
                {
                    "in_dim": 16,
                    "out_dim": 1,
                    "feature_type": "SWIM",
                    "upscale_type": "iid",
                    "randfeat_xt_dim": 512,
                    "randfeat_x0_dim": 512,
                    "sandwich_solver": "scalar",
                    "n_layers": 5,
                    "hidden_dim": 512,
                    "l2_reg": 0.0006082722549783718,
                    "l2_ghat": 4.854005473894498e-05,
                    "boost_lr": 1.0,
                    "SWIM_scale": -0.75
                },
                {
                    "in_dim": 16,
                    "out_dim": 1,
                    "feature_type": "SWIM",
                    "upscale_type": "iid",
                    "randfeat_xt_dim": 512,
                    "randfeat_x0_dim": 512,
                    "sandwich_solver": "scalar",
                    "n_layers": 8,
                    "hidden_dim": 512,
                    "l2_reg": 0.0015997042090749559,
                    "l2_ghat": 2.6576308823317668e-05,
                    "boost_lr": 0.9,
                    "SWIM_scale": -0.75
                }
            ]
        }
    }
}