{
    "44971": {
        "GreedyRFRBoostDiag": {
            "score_train": [
                0.7143528461456299,
                0.7541873455047607,
                0.7258628606796265,
                0.7429622411727905,
                0.7127718329429626
            ],
            "score_test": [
                0.7786003947257996,
                0.8001704812049866,
                0.8150752782821655,
                0.7614539265632629,
                0.7645845413208008
            ],
            "t_fit": [
                4.549546875059605,
                2.1540375649929047,
                4.233964197337627,
                3.973507270216942,
                2.842363975942135
            ],
            "t_inference": [
                1.537066400051117,
                0.5950589999556541,
                1.2538131028413773,
                1.0910590961575508,
                0.9329177588224411
            ],
            "hyperparams": [
                {
                    "in_dim": 11,
                    "out_dim": 1,
                    "feature_type": "SWIM",
                    "upscale_type": "SWIM",
                    "randfeat_xt_dim": 512,
                    "randfeat_x0_dim": 512,
                    "sandwich_solver": "diag",
                    "n_layers": 14,
                    "hidden_dim": 464,
                    "l2_reg": 0.018481524443853883,
                    "l2_ghat": 2.702499089548293e-05,
                    "boost_lr": 0.5,
                    "SWIM_scale": 1.219902848337782
                },
                {
                    "in_dim": 11,
                    "out_dim": 1,
                    "feature_type": "SWIM",
                    "upscale_type": "SWIM",
                    "randfeat_xt_dim": 512,
                    "randfeat_x0_dim": 512,
                    "sandwich_solver": "diag",
                    "n_layers": 7,
                    "hidden_dim": 432,
                    "l2_reg": 0.13146635404304507,
                    "l2_ghat": 0.0001347430834206293,
                    "boost_lr": 0.8,
                    "SWIM_scale": 1.7676721806965194
                },
                {
                    "in_dim": 11,
                    "out_dim": 1,
                    "feature_type": "SWIM",
                    "upscale_type": "SWIM",
                    "randfeat_xt_dim": 512,
                    "randfeat_x0_dim": 512,
                    "sandwich_solver": "diag",
                    "n_layers": 15,
                    "hidden_dim": 464,
                    "l2_reg": 0.020727495237098513,
                    "l2_ghat": 5.0383810609167135e-06,
                    "boost_lr": 0.6,
                    "SWIM_scale": 0.7517599731063831
                },
                {
                    "in_dim": 11,
                    "out_dim": 1,
                    "feature_type": "SWIM",
                    "upscale_type": "SWIM",
                    "randfeat_xt_dim": 512,
                    "randfeat_x0_dim": 512,
                    "sandwich_solver": "diag",
                    "n_layers": 15,
                    "hidden_dim": 464,
                    "l2_reg": 0.005591109122892747,
                    "l2_ghat": 0.0005539838231393617,
                    "boost_lr": 1.0,
                    "SWIM_scale": 0.8231147244099392
                },
                {
                    "in_dim": 11,
                    "out_dim": 1,
                    "feature_type": "SWIM",
                    "upscale_type": "SWIM",
                    "randfeat_xt_dim": 512,
                    "randfeat_x0_dim": 512,
                    "sandwich_solver": "diag",
                    "n_layers": 12,
                    "hidden_dim": 496,
                    "l2_reg": 0.02219104943070566,
                    "l2_ghat": 1.9625977528235288e-05,
                    "boost_lr": 0.5,
                    "SWIM_scale": 1.3688058838834547
                }
            ]
        }
    }
}