{
    "44980": {
        "GreedyRFRBoostDiag_batchnormFalse": {
            "score_train": [
                0.27382540702819824,
                0.2822509706020355,
                0.2793445587158203,
                0.2689925730228424,
                0.27726396918296814
            ],
            "score_test": [
                0.3186257779598236,
                0.3190261125564575,
                0.3330526649951935,
                0.35068151354789734,
                0.33431240916252136
            ],
            "t_fit": [
                1.6389967016875744,
                1.5174317099153996,
                1.4342767633497715,
                1.5313794054090977,
                1.9347304217517376
            ],
            "t_inference": [
                0.5265235900878906,
                0.551262155175209,
                0.526617668569088,
                0.576456718146801,
                0.742271900177002
            ],
            "hyperparams": [
                {
                    "in_dim": 8,
                    "out_dim": 1,
                    "feature_type": "SWIM",
                    "upscale_type": "SWIM",
                    "randfeat_xt_dim": 512,
                    "randfeat_x0_dim": 512,
                    "sandwich_solver": "diag",
                    "activation": "tanh",
                    "use_batchnorm": false,
                    "n_layers": 10,
                    "l2_reg": 0.002037871776455248,
                    "l2_ghat": 1.2836238987304842e-05,
                    "boost_lr": 0.7499148280797893,
                    "hidden_dim": 448,
                    "SWIM_scale": 1.4354559254181716
                },
                {
                    "in_dim": 8,
                    "out_dim": 1,
                    "feature_type": "SWIM",
                    "upscale_type": "SWIM",
                    "randfeat_xt_dim": 512,
                    "randfeat_x0_dim": 512,
                    "sandwich_solver": "diag",
                    "activation": "tanh",
                    "use_batchnorm": false,
                    "n_layers": 7,
                    "l2_reg": 0.006723787481402105,
                    "l2_ghat": 2.925354156068517e-06,
                    "boost_lr": 0.6921343840689039,
                    "hidden_dim": 506,
                    "SWIM_scale": 1.4415178925899215
                },
                {
                    "in_dim": 8,
                    "out_dim": 1,
                    "feature_type": "SWIM",
                    "upscale_type": "SWIM",
                    "randfeat_xt_dim": 512,
                    "randfeat_x0_dim": 512,
                    "sandwich_solver": "diag",
                    "activation": "tanh",
                    "use_batchnorm": false,
                    "n_layers": 9,
                    "l2_reg": 0.004188963126547112,
                    "l2_ghat": 3.429924371426382e-06,
                    "boost_lr": 0.9924511142333855,
                    "hidden_dim": 433,
                    "SWIM_scale": 1.1017027125176222
                },
                {
                    "in_dim": 8,
                    "out_dim": 1,
                    "feature_type": "SWIM",
                    "upscale_type": "SWIM",
                    "randfeat_xt_dim": 512,
                    "randfeat_x0_dim": 512,
                    "sandwich_solver": "diag",
                    "activation": "tanh",
                    "use_batchnorm": false,
                    "n_layers": 8,
                    "l2_reg": 0.0008037653196864238,
                    "l2_ghat": 3.398369287514165e-06,
                    "boost_lr": 0.7119241689947575,
                    "hidden_dim": 469,
                    "SWIM_scale": 1.1556209728882518
                },
                {
                    "in_dim": 8,
                    "out_dim": 1,
                    "feature_type": "SWIM",
                    "upscale_type": "SWIM",
                    "randfeat_xt_dim": 512,
                    "randfeat_x0_dim": 512,
                    "sandwich_solver": "diag",
                    "activation": "tanh",
                    "use_batchnorm": false,
                    "n_layers": 9,
                    "l2_reg": 0.0024221353050293964,
                    "l2_ghat": 2.5892765458774974e-05,
                    "boost_lr": 0.9953307524215352,
                    "hidden_dim": 503,
                    "SWIM_scale": 1.4287313297982829
                }
            ]
        }
    }
}