{
    "44962": {
        "GreedyRFRBoostDiag_upscaleiid_iidfeat": {
            "score_train": [
                0.44705626368522644,
                0.45238959789276123,
                0.4354303777217865,
                0.4152795672416687,
                0.4446134567260742
            ],
            "score_test": [
                0.4030994474887848,
                0.4095396101474762,
                0.47585779428482056,
                0.5496404767036438,
                0.4458715617656708
            ],
            "t_fit": [
                0.09920798614621162,
                0.010449126362800598,
                0.005983900278806686,
                0.008555620908737183,
                0.005977511405944824
            ],
            "t_inference": [
                0.03280546888709068,
                0.003722146153450012,
                0.0020499154925346375,
                0.0029950514435768127,
                0.0020639263093471527
            ],
            "hyperparams": [
                {
                    "in_dim": 29,
                    "out_dim": 1,
                    "feature_type": "iid",
                    "upscale_type": "iid",
                    "randfeat_xt_dim": 512,
                    "randfeat_x0_dim": 512,
                    "sandwich_solver": "diag",
                    "n_layers": 11,
                    "hidden_dim": 336,
                    "l2_reg": 0.004259899937458808,
                    "l2_ghat": 0.27417689585703864,
                    "boost_lr": 0.5,
                    "iid_scale": 0.16048224976449046
                },
                {
                    "in_dim": 29,
                    "out_dim": 1,
                    "feature_type": "iid",
                    "upscale_type": "iid",
                    "randfeat_xt_dim": 512,
                    "randfeat_x0_dim": 512,
                    "sandwich_solver": "diag",
                    "n_layers": 15,
                    "hidden_dim": 16,
                    "l2_reg": 0.8942213913902383,
                    "l2_ghat": 0.5920126624196036,
                    "boost_lr": 0.5,
                    "iid_scale": 0.4282598176209666
                },
                {
                    "in_dim": 29,
                    "out_dim": 1,
                    "feature_type": "iid",
                    "upscale_type": "iid",
                    "randfeat_xt_dim": 512,
                    "randfeat_x0_dim": 512,
                    "sandwich_solver": "diag",
                    "n_layers": 8,
                    "hidden_dim": 16,
                    "l2_reg": 0.5945449137510223,
                    "l2_ghat": 0.002882586561038,
                    "boost_lr": 0.7,
                    "iid_scale": 0.4081496971927488
                },
                {
                    "in_dim": 29,
                    "out_dim": 1,
                    "feature_type": "iid",
                    "upscale_type": "iid",
                    "randfeat_xt_dim": 512,
                    "randfeat_x0_dim": 512,
                    "sandwich_solver": "diag",
                    "n_layers": 12,
                    "hidden_dim": 16,
                    "l2_reg": 0.9795228262468588,
                    "l2_ghat": 0.18704862169226102,
                    "boost_lr": 0.7,
                    "iid_scale": 0.19199469358179447
                },
                {
                    "in_dim": 29,
                    "out_dim": 1,
                    "feature_type": "iid",
                    "upscale_type": "iid",
                    "randfeat_xt_dim": 512,
                    "randfeat_x0_dim": 512,
                    "sandwich_solver": "diag",
                    "n_layers": 8,
                    "hidden_dim": 16,
                    "l2_reg": 0.9993865720904473,
                    "l2_ghat": 0.0004883895689645934,
                    "boost_lr": 0.9,
                    "iid_scale": 0.18753449027576966
                }
            ]
        }
    }
}