{
    "44973": {
        "GreedyRFRBoostDiag": {
            "score_train": [
                0.210280641913414,
                0.22261880338191986,
                0.20116107165813446,
                0.20116637647151947,
                0.20112013816833496
            ],
            "score_test": [
                0.264209508895874,
                0.2525467574596405,
                0.26137247681617737,
                0.23541264235973358,
                0.2498462051153183
            ],
            "t_fit": [
                2.805028323084116,
                2.28709165379405,
                2.791265744715929,
                2.8948235139250755,
                3.083906777203083
            ],
            "t_inference": [
                0.9686219915747643,
                0.7909970283508301,
                0.9694797806441784,
                0.9847019277513027,
                1.0700692720711231
            ],
            "hyperparams": [
                {
                    "in_dim": 12,
                    "out_dim": 1,
                    "feature_type": "SWIM",
                    "upscale_type": "SWIM",
                    "randfeat_xt_dim": 512,
                    "randfeat_x0_dim": 512,
                    "sandwich_solver": "diag",
                    "n_layers": 18,
                    "hidden_dim": 496,
                    "l2_reg": 0.001212275278141202,
                    "l2_ghat": 5.5311998581127244e-05,
                    "boost_lr": 0.7,
                    "SWIM_scale": 1.0598200856653046
                },
                {
                    "in_dim": 12,
                    "out_dim": 1,
                    "feature_type": "SWIM",
                    "upscale_type": "SWIM",
                    "randfeat_xt_dim": 512,
                    "randfeat_x0_dim": 512,
                    "sandwich_solver": "diag",
                    "n_layers": 14,
                    "hidden_dim": 496,
                    "l2_reg": 0.003287179377730797,
                    "l2_ghat": 1.0621206809256171e-05,
                    "boost_lr": 0.9,
                    "SWIM_scale": 0.7978525555730984
                },
                {
                    "in_dim": 12,
                    "out_dim": 1,
                    "feature_type": "SWIM",
                    "upscale_type": "SWIM",
                    "randfeat_xt_dim": 512,
                    "randfeat_x0_dim": 512,
                    "sandwich_solver": "diag",
                    "n_layers": 18,
                    "hidden_dim": 496,
                    "l2_reg": 0.002940623042496335,
                    "l2_ghat": 8.621518828749553e-06,
                    "boost_lr": 0.6,
                    "SWIM_scale": 1.2037757383006362
                },
                {
                    "in_dim": 12,
                    "out_dim": 1,
                    "feature_type": "SWIM",
                    "upscale_type": "SWIM",
                    "randfeat_xt_dim": 512,
                    "randfeat_x0_dim": 512,
                    "sandwich_solver": "diag",
                    "n_layers": 20,
                    "hidden_dim": 464,
                    "l2_reg": 0.0024384128113555115,
                    "l2_ghat": 4.723017641572414e-06,
                    "boost_lr": 0.9,
                    "SWIM_scale": 0.9500545767265028
                },
                {
                    "in_dim": 12,
                    "out_dim": 1,
                    "feature_type": "SWIM",
                    "upscale_type": "SWIM",
                    "randfeat_xt_dim": 512,
                    "randfeat_x0_dim": 512,
                    "sandwich_solver": "diag",
                    "n_layers": 20,
                    "hidden_dim": 496,
                    "l2_reg": 0.0017042820545502021,
                    "l2_ghat": 9.12650354340838e-07,
                    "boost_lr": 0.7,
                    "SWIM_scale": 0.8183391923600534
                }
            ]
        }
    }
}