{
    "44992": {
        "GradientRFRBoostID_relu": {
            "score_train": [
                0.04501199349761009,
                0.049692701548337936,
                0.04699443280696869,
                0.04327607527375221,
                0.04629933461546898
            ],
            "score_test": [
                0.056026265025138855,
                0.060142550617456436,
                0.08469895273447037,
                0.07131578028202057,
                0.07915790379047394
            ],
            "t_fit": [
                17.61235568113625,
                17.69469124265015,
                19.04060709476471,
                15.291031936183572,
                16.18035653233528
            ],
            "t_inference": [
                6.074446169659495,
                6.538366517052054,
                6.214148797094822,
                5.379603646695614,
                5.38056599162519
            ],
            "hyperparams": [
                {
                    "in_dim": 957,
                    "out_dim": 1,
                    "feature_type": "SWIM",
                    "upscale_type": "identity",
                    "randfeat_xt_dim": 512,
                    "randfeat_x0_dim": 512,
                    "activation": "relu",
                    "n_layers": 15,
                    "hidden_dim": 20,
                    "l2_reg": 0.8540825543557218,
                    "l2_ghat": 0.0005581654534204956,
                    "boost_lr": 1.0,
                    "SWIM_scale": 1.2116453820501323,
                    "iid_scale": 0.17817148469313068
                },
                {
                    "in_dim": 957,
                    "out_dim": 1,
                    "feature_type": "SWIM",
                    "upscale_type": "identity",
                    "randfeat_xt_dim": 512,
                    "randfeat_x0_dim": 512,
                    "activation": "relu",
                    "n_layers": 15,
                    "hidden_dim": 322,
                    "l2_reg": 1.1594114341255928,
                    "l2_ghat": 0.0009773714440144312,
                    "boost_lr": 0.9,
                    "SWIM_scale": 1.6191350909536966,
                    "iid_scale": 3.28377795865287
                },
                {
                    "in_dim": 957,
                    "out_dim": 1,
                    "feature_type": "SWIM",
                    "upscale_type": "identity",
                    "randfeat_xt_dim": 512,
                    "randfeat_x0_dim": 512,
                    "activation": "relu",
                    "n_layers": 14,
                    "hidden_dim": 399,
                    "l2_reg": 0.8919332579638759,
                    "l2_ghat": 5.4457125923368e-07,
                    "boost_lr": 1.0,
                    "SWIM_scale": 0.03174038582672578,
                    "iid_scale": 0.12127037709141195
                },
                {
                    "in_dim": 957,
                    "out_dim": 1,
                    "feature_type": "SWIM",
                    "upscale_type": "identity",
                    "randfeat_xt_dim": 512,
                    "randfeat_x0_dim": 512,
                    "activation": "relu",
                    "n_layers": 15,
                    "hidden_dim": 291,
                    "l2_reg": 0.7155195292628774,
                    "l2_ghat": 0.0009356481809715618,
                    "boost_lr": 1.0,
                    "SWIM_scale": 1.6550461440019926,
                    "iid_scale": 0.16227659706991077
                },
                {
                    "in_dim": 957,
                    "out_dim": 1,
                    "feature_type": "SWIM",
                    "upscale_type": "identity",
                    "randfeat_xt_dim": 512,
                    "randfeat_x0_dim": 512,
                    "activation": "relu",
                    "n_layers": 14,
                    "hidden_dim": 33,
                    "l2_reg": 0.5832350200114086,
                    "l2_ghat": 0.0002361593238029296,
                    "boost_lr": 0.9,
                    "SWIM_scale": 0.7724177696918034,
                    "iid_scale": 0.397399343285196
                }
            ]
        }
    }
}