{
    "44974": {
        "End2End": {
            "score_train": [
                0.08599750697612762,
                0.08303122222423553,
                0.0851581022143364,
                0.0882580578327179,
                0.09602408111095428
            ],
            "score_test": [
                0.1554327756166458,
                0.14207185804843903,
                0.17368115484714508,
                0.15750378370285034,
                0.13485972583293915
            ],
            "t_fit": [
                5.148584470152855,
                5.046262867748737,
                5.04598131775856,
                3.05224197357893,
                3.1716698855161667
            ],
            "t_inference": [
                0.0160871222615242,
                0.015102781355381012,
                0.018910109996795654,
                0.0037764757871627808,
                0.005451515316963196
            ],
            "hyperparams": [
                {
                    "in_dim": 24,
                    "out_dim": 1,
                    "loss": "mse",
                    "n_blocks": 2,
                    "hidden_dim": 272,
                    "bottleneck_dim": 32,
                    "lr": 0.010256162748473083,
                    "end_lr_factor": 0.01409617514981587,
                    "n_epochs": 49,
                    "weight_decay": 0.00020736445177905034,
                    "batch_size": 128
                },
                {
                    "in_dim": 24,
                    "out_dim": 1,
                    "loss": "mse",
                    "n_blocks": 2,
                    "hidden_dim": 272,
                    "bottleneck_dim": 32,
                    "lr": 0.010256162748473083,
                    "end_lr_factor": 0.01409617514981587,
                    "n_epochs": 49,
                    "weight_decay": 0.00020736445177905034,
                    "batch_size": 128
                },
                {
                    "in_dim": 24,
                    "out_dim": 1,
                    "loss": "mse",
                    "n_blocks": 2,
                    "hidden_dim": 272,
                    "bottleneck_dim": 32,
                    "lr": 0.010256162748473083,
                    "end_lr_factor": 0.01409617514981587,
                    "n_epochs": 49,
                    "weight_decay": 0.00020736445177905034,
                    "batch_size": 128
                },
                {
                    "in_dim": 24,
                    "out_dim": 1,
                    "loss": "mse",
                    "n_blocks": 1,
                    "hidden_dim": 80,
                    "bottleneck_dim": 32,
                    "lr": 0.017696663016905163,
                    "end_lr_factor": 0.01492008584448361,
                    "n_epochs": 47,
                    "weight_decay": 0.00011343617380430229,
                    "batch_size": 128
                },
                {
                    "in_dim": 24,
                    "out_dim": 1,
                    "loss": "mse",
                    "n_blocks": 1,
                    "hidden_dim": 112,
                    "bottleneck_dim": 32,
                    "lr": 0.010212434596233253,
                    "end_lr_factor": 0.10988232100424877,
                    "n_epochs": 47,
                    "weight_decay": 2.8608075301433343e-06,
                    "batch_size": 128
                }
            ]
        }
    }
}