{
    "44981": {
        "End2End": {
            "score_train": [
                0.5384793281555176,
                0.5654672980308533,
                0.5005902051925659,
                0.5654278993606567,
                0.5164685845375061
            ],
            "score_test": [
                0.7098005414009094,
                0.6721556782722473,
                0.645308792591095,
                0.6719099879264832,
                0.6695155501365662
            ],
            "t_fit": [
                1.6376922279596329,
                0.6986014097929001,
                1.8281794413924217,
                0.8888641521334648,
                1.5721124485135078
            ],
            "t_inference": [
                0.0033093318343162537,
                0.001564130187034607,
                0.013472519814968109,
                0.01472897082567215,
                0.012806817889213562
            ],
            "hyperparams": [
                {
                    "in_dim": 32,
                    "out_dim": 1,
                    "loss": "mse",
                    "n_blocks": 1,
                    "hidden_dim": 16,
                    "bottleneck_dim": 240,
                    "lr": 0.003677537805060728,
                    "end_lr_factor": 0.37725766816958645,
                    "n_epochs": 22,
                    "weight_decay": 1.0883979114841346e-06,
                    "batch_size": 128
                },
                {
                    "in_dim": 32,
                    "out_dim": 1,
                    "loss": "mse",
                    "n_blocks": 1,
                    "hidden_dim": 16,
                    "bottleneck_dim": 80,
                    "lr": 0.007233938050207122,
                    "end_lr_factor": 0.06998827448144804,
                    "n_epochs": 17,
                    "weight_decay": 0.00028294270463681933,
                    "batch_size": 256
                },
                {
                    "in_dim": 32,
                    "out_dim": 1,
                    "loss": "mse",
                    "n_blocks": 2,
                    "hidden_dim": 16,
                    "bottleneck_dim": 432,
                    "lr": 0.009647252613086387,
                    "end_lr_factor": 0.040424215990366025,
                    "n_epochs": 19,
                    "weight_decay": 0.0003845481075730486,
                    "batch_size": 128
                },
                {
                    "in_dim": 32,
                    "out_dim": 1,
                    "loss": "mse",
                    "n_blocks": 2,
                    "hidden_dim": 16,
                    "bottleneck_dim": 464,
                    "lr": 0.007964601539451008,
                    "end_lr_factor": 0.766764160951529,
                    "n_epochs": 13,
                    "weight_decay": 0.00028906053069525434,
                    "batch_size": 256
                },
                {
                    "in_dim": 32,
                    "out_dim": 1,
                    "loss": "mse",
                    "n_blocks": 2,
                    "hidden_dim": 16,
                    "bottleneck_dim": 464,
                    "lr": 0.009442350005491026,
                    "end_lr_factor": 0.29809917119978924,
                    "n_epochs": 16,
                    "weight_decay": 0.00017061823613659878,
                    "batch_size": 128
                }
            ]
        }
    }
}