{
    "44966": {
        "GreedyRFRBoostDiag": {
            "score_train": [
                0.667066216468811,
                0.7053766846656799,
                0.7302005887031555,
                0.70635986328125,
                0.7177271246910095
            ],
            "score_test": [
                0.8580319285392761,
                0.7516735196113586,
                0.6113874316215515,
                0.699759304523468,
                0.6799800992012024
            ],
            "t_fit": [
                0.0498247928917408,
                0.1093854084610939,
                0.06913822516798973,
                0.05539571866393089,
                0.3169167395681143
            ],
            "t_inference": [
                0.014614081010222435,
                0.030448798090219498,
                0.020176688209176064,
                0.01667988859117031,
                0.09522849135100842
            ],
            "hyperparams": [
                {
                    "in_dim": 29,
                    "out_dim": 1,
                    "feature_type": "SWIM",
                    "upscale_type": "iid",
                    "randfeat_xt_dim": 512,
                    "randfeat_x0_dim": 512,
                    "sandwich_solver": "diag",
                    "activation": "tanh",
                    "n_layers": 6,
                    "hidden_dim": 153,
                    "l2_reg": 1.2802980450765553,
                    "l2_ghat": 1.6253416903605575e-07,
                    "boost_lr": 0.7,
                    "SWIM_scale": 0.8684432420721809
                },
                {
                    "in_dim": 29,
                    "out_dim": 1,
                    "feature_type": "SWIM",
                    "upscale_type": "iid",
                    "randfeat_xt_dim": 512,
                    "randfeat_x0_dim": 512,
                    "sandwich_solver": "diag",
                    "activation": "tanh",
                    "n_layers": 10,
                    "hidden_dim": 169,
                    "l2_reg": 4.4532559026558305,
                    "l2_ghat": 0.018027846964667228,
                    "boost_lr": 0.7,
                    "SWIM_scale": 0.5767080787030344
                },
                {
                    "in_dim": 29,
                    "out_dim": 1,
                    "feature_type": "SWIM",
                    "upscale_type": "iid",
                    "randfeat_xt_dim": 512,
                    "randfeat_x0_dim": 512,
                    "sandwich_solver": "diag",
                    "activation": "tanh",
                    "n_layers": 7,
                    "hidden_dim": 164,
                    "l2_reg": 2.60586309011352,
                    "l2_ghat": 1.0041585306246672e-07,
                    "boost_lr": 0.6,
                    "SWIM_scale": 0.6749591759029621
                },
                {
                    "in_dim": 29,
                    "out_dim": 1,
                    "feature_type": "SWIM",
                    "upscale_type": "iid",
                    "randfeat_xt_dim": 512,
                    "randfeat_x0_dim": 512,
                    "sandwich_solver": "diag",
                    "activation": "tanh",
                    "n_layers": 6,
                    "hidden_dim": 153,
                    "l2_reg": 1.2802980450765553,
                    "l2_ghat": 1.6253416903605575e-07,
                    "boost_lr": 0.7,
                    "SWIM_scale": 0.8684432420721809
                },
                {
                    "in_dim": 29,
                    "out_dim": 1,
                    "feature_type": "SWIM",
                    "upscale_type": "iid",
                    "randfeat_xt_dim": 512,
                    "randfeat_x0_dim": 512,
                    "sandwich_solver": "diag",
                    "activation": "tanh",
                    "n_layers": 9,
                    "hidden_dim": 394,
                    "l2_reg": 6.3108738922508705,
                    "l2_ghat": 1.224304801304474,
                    "boost_lr": 0.6,
                    "SWIM_scale": 0.9333091948803236
                }
            ]
        }
    }
}