{
    "44966": {
        "GradientRFRBoostID": {
            "score_train": [
                0.6648017168045044,
                0.6971591711044312,
                0.7211905717849731,
                0.7048418521881104,
                0.7141883969306946
            ],
            "score_test": [
                0.8590659499168396,
                0.7464389801025391,
                0.6512800455093384,
                0.6991164088249207,
                0.6720974445343018
            ],
            "t_fit": [
                0.4283224381506443,
                0.09402118995785713,
                0.9724720679223537,
                0.08541066572070122,
                0.09027330577373505
            ],
            "t_inference": [
                0.052427519112825394,
                0.013538595288991928,
                0.10559601709246635,
                0.010149121284484863,
                0.010221600532531738
            ],
            "hyperparams": [
                {
                    "in_dim": 29,
                    "out_dim": 1,
                    "feature_type": "SWIM",
                    "upscale_type": "identity",
                    "randfeat_xt_dim": 512,
                    "randfeat_x0_dim": 512,
                    "n_layers": 5,
                    "hidden_dim": 29,
                    "l2_reg": 0.09909011215744208,
                    "l2_ghat": 0.06935937800405595,
                    "boost_lr": 0.9
                },
                {
                    "in_dim": 29,
                    "out_dim": 1,
                    "feature_type": "SWIM",
                    "upscale_type": "identity",
                    "randfeat_xt_dim": 512,
                    "randfeat_x0_dim": 512,
                    "n_layers": 1,
                    "hidden_dim": 29,
                    "l2_reg": 0.09341769097026215,
                    "l2_ghat": 0.09849374184403316,
                    "boost_lr": 0.9
                },
                {
                    "in_dim": 29,
                    "out_dim": 1,
                    "feature_type": "SWIM",
                    "upscale_type": "identity",
                    "randfeat_xt_dim": 512,
                    "randfeat_x0_dim": 512,
                    "n_layers": 10,
                    "hidden_dim": 29,
                    "l2_reg": 0.09741894001905191,
                    "l2_ghat": 0.09253740520341325,
                    "boost_lr": 0.5
                },
                {
                    "in_dim": 29,
                    "out_dim": 1,
                    "feature_type": "SWIM",
                    "upscale_type": "identity",
                    "randfeat_xt_dim": 512,
                    "randfeat_x0_dim": 512,
                    "n_layers": 1,
                    "hidden_dim": 29,
                    "l2_reg": 0.09418471414136301,
                    "l2_ghat": 0.02754077024795897,
                    "boost_lr": 1.0
                },
                {
                    "in_dim": 29,
                    "out_dim": 1,
                    "feature_type": "SWIM",
                    "upscale_type": "identity",
                    "randfeat_xt_dim": 512,
                    "randfeat_x0_dim": 512,
                    "n_layers": 1,
                    "hidden_dim": 29,
                    "l2_reg": 0.09341769097026215,
                    "l2_ghat": 0.09849374184403316,
                    "boost_lr": 0.9
                }
            ]
        }
    }
}