{
    "44958": {
        "GreedyRFRBoostDiag": {
            "score_train": [
                0.259085088968277,
                0.26745399832725525,
                0.2510364055633545,
                0.2625201344490051,
                0.2775513827800751
            ],
            "score_test": [
                0.32131752371788025,
                0.33268246054649353,
                0.2762446701526642,
                0.3050871193408966,
                0.31785649061203003
            ],
            "t_fit": [
                0.6593797095119953,
                0.4294230118393898,
                0.34259308874607086,
                0.5631892941892147,
                0.13922173157334328
            ],
            "t_inference": [
                0.20304401218891144,
                0.13189610093832016,
                0.10802865400910378,
                0.176852248609066,
                0.04239974543452263
            ],
            "hyperparams": [
                {
                    "in_dim": 16,
                    "out_dim": 1,
                    "feature_type": "SWIM",
                    "upscale_type": "SWIM",
                    "randfeat_xt_dim": 512,
                    "randfeat_x0_dim": 512,
                    "sandwich_solver": "diag",
                    "n_layers": 10,
                    "hidden_dim": 496,
                    "l2_reg": 0.0029016284000228576,
                    "l2_ghat": 6.551617814022938e-06,
                    "boost_lr": 0.6
                },
                {
                    "in_dim": 16,
                    "out_dim": 1,
                    "feature_type": "SWIM",
                    "upscale_type": "SWIM",
                    "randfeat_xt_dim": 512,
                    "randfeat_x0_dim": 512,
                    "sandwich_solver": "diag",
                    "n_layers": 7,
                    "hidden_dim": 464,
                    "l2_reg": 0.0026477475936028767,
                    "l2_ghat": 1.6097165049228574e-06,
                    "boost_lr": 0.7
                },
                {
                    "in_dim": 16,
                    "out_dim": 1,
                    "feature_type": "SWIM",
                    "upscale_type": "SWIM",
                    "randfeat_xt_dim": 512,
                    "randfeat_x0_dim": 512,
                    "sandwich_solver": "diag",
                    "n_layers": 9,
                    "hidden_dim": 368,
                    "l2_reg": 0.0010839628817270368,
                    "l2_ghat": 5.443103267804734e-07,
                    "boost_lr": 0.5
                },
                {
                    "in_dim": 16,
                    "out_dim": 1,
                    "feature_type": "SWIM",
                    "upscale_type": "SWIM",
                    "randfeat_xt_dim": 512,
                    "randfeat_x0_dim": 512,
                    "sandwich_solver": "diag",
                    "n_layers": 9,
                    "hidden_dim": 496,
                    "l2_reg": 0.005210492674192027,
                    "l2_ghat": 1.6547244590512098e-06,
                    "boost_lr": 0.9
                },
                {
                    "in_dim": 16,
                    "out_dim": 1,
                    "feature_type": "SWIM",
                    "upscale_type": "SWIM",
                    "randfeat_xt_dim": 512,
                    "randfeat_x0_dim": 512,
                    "sandwich_solver": "diag",
                    "n_layers": 9,
                    "hidden_dim": 208,
                    "l2_reg": 0.002323783562014444,
                    "l2_ghat": 4.1566256010173234e-07,
                    "boost_lr": 0.5
                }
            ]
        }
    }
}