{
    "44978": {
        "GreedyRFRBoostDense_upscaleiid": {
            "score_train": [
                0.12704353034496307,
                0.13204745948314667,
                0.12309278547763824,
                0.12955670058727264,
                0.1320575326681137
            ],
            "score_test": [
                0.1540287882089615,
                0.14558590948581696,
                0.15905295312404633,
                0.15255144238471985,
                0.14107613265514374
            ],
            "t_fit": [
                3.536653397604823,
                1.6232138443738222,
                1.8174427337944508,
                8.406882544979453,
                5.801259566098452
            ],
            "t_inference": [
                0.6688085608184338,
                0.1935325674712658,
                0.3836781233549118,
                1.9254564251750708,
                1.4674290902912617
            ],
            "hyperparams": [
                {
                    "in_dim": 21,
                    "out_dim": 1,
                    "feature_type": "SWIM",
                    "upscale_type": "iid",
                    "randfeat_xt_dim": 512,
                    "randfeat_x0_dim": 512,
                    "sandwich_solver": "dense",
                    "n_layers": 5,
                    "hidden_dim": 304,
                    "l2_reg": 0.8258414436770153,
                    "l2_ghat": 1.8957715999905617e-06,
                    "boost_lr": 1.0,
                    "SWIM_scale": 0.4332070391905142
                },
                {
                    "in_dim": 21,
                    "out_dim": 1,
                    "feature_type": "SWIM",
                    "upscale_type": "iid",
                    "randfeat_xt_dim": 512,
                    "randfeat_x0_dim": 512,
                    "sandwich_solver": "dense",
                    "n_layers": 3,
                    "hidden_dim": 80,
                    "l2_reg": 0.21765118432971822,
                    "l2_ghat": 2.0808311203911515e-05,
                    "boost_lr": 0.9,
                    "SWIM_scale": 0.6056869761158878
                },
                {
                    "in_dim": 21,
                    "out_dim": 1,
                    "feature_type": "SWIM",
                    "upscale_type": "iid",
                    "randfeat_xt_dim": 512,
                    "randfeat_x0_dim": 512,
                    "sandwich_solver": "dense",
                    "n_layers": 3,
                    "hidden_dim": 336,
                    "l2_reg": 0.012021347381739605,
                    "l2_ghat": 0.00033982879142594656,
                    "boost_lr": 0.8,
                    "SWIM_scale": 1.0523658274774292
                },
                {
                    "in_dim": 21,
                    "out_dim": 1,
                    "feature_type": "SWIM",
                    "upscale_type": "iid",
                    "randfeat_xt_dim": 512,
                    "randfeat_x0_dim": 512,
                    "sandwich_solver": "dense",
                    "n_layers": 12,
                    "hidden_dim": 464,
                    "l2_reg": 0.02818248458183779,
                    "l2_ghat": 1.0197561794239292e-05,
                    "boost_lr": 1.0,
                    "SWIM_scale": 0.29015894897353917
                },
                {
                    "in_dim": 21,
                    "out_dim": 1,
                    "feature_type": "SWIM",
                    "upscale_type": "iid",
                    "randfeat_xt_dim": 512,
                    "randfeat_x0_dim": 512,
                    "sandwich_solver": "dense",
                    "n_layers": 9,
                    "hidden_dim": 496,
                    "l2_reg": 0.028741487713321443,
                    "l2_ghat": 6.70327762000393e-06,
                    "boost_lr": 0.9,
                    "SWIM_scale": 0.2815344888811694
                }
            ]
        }
    }
}