{
    "44969": {
        "End2End": {
            "score_train": [
                0.04184870794415474,
                0.0554131381213665,
                0.03726629540324211,
                0.03170280158519745,
                0.02565941773355007
            ],
            "score_test": [
                0.040327779948711395,
                0.08746428042650223,
                0.05282479524612427,
                0.04610472545027733,
                0.042249761521816254
            ],
            "t_fit": [
                23.88389429450035,
                5.476628370583057,
                18.174451231956482,
                17.620293848216534,
                5.5160719975829124
            ],
            "t_inference": [
                0.08331172913312912,
                0.03240330517292023,
                0.11826241761445999,
                0.11111243069171906,
                0.027600206434726715
            ],
            "hyperparams": [
                {
                    "in_dim": 14,
                    "out_dim": 1,
                    "loss": "mse",
                    "n_blocks": 3,
                    "hidden_dim": 96,
                    "bottleneck_dim": 128,
                    "lr": 0.0019586014116114527,
                    "end_lr_factor": 0.01631346568871095,
                    "n_epochs": 19,
                    "weight_decay": 3.6687447756243943e-05,
                    "batch_size": 32
                },
                {
                    "in_dim": 14,
                    "out_dim": 1,
                    "loss": "mse",
                    "n_blocks": 1,
                    "hidden_dim": 128,
                    "bottleneck_dim": 96,
                    "lr": 0.0032594496675091796,
                    "end_lr_factor": 0.015674678999467034,
                    "n_epochs": 17,
                    "weight_decay": 0.0001445041874495185,
                    "batch_size": 128
                },
                {
                    "in_dim": 14,
                    "out_dim": 1,
                    "loss": "mse",
                    "n_blocks": 5,
                    "hidden_dim": 96,
                    "bottleneck_dim": 96,
                    "lr": 0.004296403754755249,
                    "end_lr_factor": 0.011546451019194218,
                    "n_epochs": 18,
                    "weight_decay": 2.8596970559986585e-05,
                    "batch_size": 64
                },
                {
                    "in_dim": 14,
                    "out_dim": 1,
                    "loss": "mse",
                    "n_blocks": 5,
                    "hidden_dim": 64,
                    "bottleneck_dim": 128,
                    "lr": 0.0031118158976262697,
                    "end_lr_factor": 0.019811051641177982,
                    "n_epochs": 18,
                    "weight_decay": 3.104029705155446e-05,
                    "batch_size": 64
                },
                {
                    "in_dim": 14,
                    "out_dim": 1,
                    "loss": "mse",
                    "n_blocks": 2,
                    "hidden_dim": 32,
                    "bottleneck_dim": 96,
                    "lr": 0.0039885780902989155,
                    "end_lr_factor": 0.015114429364705816,
                    "n_epochs": 20,
                    "weight_decay": 3.561889330292226e-05,
                    "batch_size": 128
                }
            ]
        }
    }
}