{
    "44973": {
        "GreedyRFRBoostScalar": {
            "score_train": [
                0.27814364433288574,
                0.2647729516029358,
                0.27266356348991394,
                0.2717618942260742,
                0.2619406282901764
            ],
            "score_test": [
                0.32432952523231506,
                0.31718188524246216,
                0.3089602291584015,
                0.33168870210647583,
                0.2943415939807892
            ],
            "t_fit": [
                1.9673463255167007,
                0.8068722411990166,
                1.6181290801614523,
                1.4267545603215694,
                1.0633500162512064
            ],
            "t_inference": [
                0.9116293601691723,
                0.38065447472035885,
                0.7551384642720222,
                0.6217415388673544,
                0.5061308108270168
            ],
            "hyperparams": [
                {
                    "in_dim": 12,
                    "out_dim": 1,
                    "feature_type": "SWIM",
                    "upscale_type": "iid",
                    "randfeat_xt_dim": 512,
                    "randfeat_x0_dim": 512,
                    "sandwich_solver": "scalar",
                    "activation": "tanh",
                    "n_layers": 13,
                    "hidden_dim": 511,
                    "l2_reg": 0.00035067933368769207,
                    "l2_ghat": 9.645515328140722e-05,
                    "boost_lr": 0.7,
                    "SWIM_scale": 0.6342374497440119,
                    "iid_scale": 0.5971110295895437
                },
                {
                    "in_dim": 12,
                    "out_dim": 1,
                    "feature_type": "SWIM",
                    "upscale_type": "iid",
                    "randfeat_xt_dim": 512,
                    "randfeat_x0_dim": 512,
                    "sandwich_solver": "scalar",
                    "activation": "tanh",
                    "n_layers": 5,
                    "hidden_dim": 505,
                    "l2_reg": 0.00011047069268352834,
                    "l2_ghat": 3.996823676161627e-09,
                    "boost_lr": 0.7,
                    "SWIM_scale": -0.26679834908947664,
                    "iid_scale": 0.47495550796484
                },
                {
                    "in_dim": 12,
                    "out_dim": 1,
                    "feature_type": "SWIM",
                    "upscale_type": "iid",
                    "randfeat_xt_dim": 512,
                    "randfeat_x0_dim": 512,
                    "sandwich_solver": "scalar",
                    "activation": "tanh",
                    "n_layers": 13,
                    "hidden_dim": 450,
                    "l2_reg": 0.0001234535161275591,
                    "l2_ghat": 2.6426910566804155e-07,
                    "boost_lr": 0.9,
                    "SWIM_scale": -0.6148314982208651,
                    "iid_scale": 0.570328018857885
                },
                {
                    "in_dim": 12,
                    "out_dim": 1,
                    "feature_type": "SWIM",
                    "upscale_type": "iid",
                    "randfeat_xt_dim": 512,
                    "randfeat_x0_dim": 512,
                    "sandwich_solver": "scalar",
                    "activation": "tanh",
                    "n_layers": 12,
                    "hidden_dim": 444,
                    "l2_reg": 0.00014782104525639942,
                    "l2_ghat": 9.944325678713322e-09,
                    "boost_lr": 0.6,
                    "SWIM_scale": 1.7212793051992556,
                    "iid_scale": 0.769796955684203
                },
                {
                    "in_dim": 12,
                    "out_dim": 1,
                    "feature_type": "SWIM",
                    "upscale_type": "iid",
                    "randfeat_xt_dim": 512,
                    "randfeat_x0_dim": 512,
                    "sandwich_solver": "scalar",
                    "activation": "tanh",
                    "n_layers": 7,
                    "hidden_dim": 505,
                    "l2_reg": 0.0001391962845884918,
                    "l2_ghat": 1.6733332553592584e-05,
                    "boost_lr": 0.6,
                    "SWIM_scale": 1.6191350909536966,
                    "iid_scale": 0.744901940963401
                }
            ]
        }
    }
}