{
    "44981": {
        "GradientRFRBoostID_relu": {
            "score_train": [
                0.9008172750473022,
                0.9037811160087585,
                0.9129083156585693,
                0.9041363596916199,
                0.911799430847168
            ],
            "score_test": [
                0.9248226284980774,
                0.9285873770713806,
                0.8903127312660217,
                0.9273312091827393,
                0.8956010937690735
            ],
            "t_fit": [
                0.48112771660089493,
                0.6925922222435474,
                1.1634222604334354,
                0.23113127425312996,
                1.498338807374239
            ],
            "t_inference": [
                0.0554991215467453,
                0.07779669761657715,
                0.11980082094669342,
                0.02669857069849968,
                0.13866886496543884
            ],
            "hyperparams": [
                {
                    "in_dim": 32,
                    "out_dim": 1,
                    "feature_type": "SWIM",
                    "upscale_type": "identity",
                    "randfeat_xt_dim": 512,
                    "randfeat_x0_dim": 512,
                    "activation": "relu",
                    "n_layers": 2,
                    "hidden_dim": 25,
                    "l2_reg": 0.07573812970573053,
                    "l2_ghat": 6.603206080189064,
                    "boost_lr": 1.0,
                    "SWIM_scale": 1.425931576571247,
                    "iid_scale": 0.1746667905028796
                },
                {
                    "in_dim": 32,
                    "out_dim": 1,
                    "feature_type": "SWIM",
                    "upscale_type": "identity",
                    "randfeat_xt_dim": 512,
                    "randfeat_x0_dim": 512,
                    "activation": "relu",
                    "n_layers": 3,
                    "hidden_dim": 29,
                    "l2_reg": 0.04257632960798815,
                    "l2_ghat": 1.9825512346748957e-07,
                    "boost_lr": 0.7,
                    "SWIM_scale": -0.2892076423045159,
                    "iid_scale": 7.349953436826854
                },
                {
                    "in_dim": 32,
                    "out_dim": 1,
                    "feature_type": "SWIM",
                    "upscale_type": "identity",
                    "randfeat_xt_dim": 512,
                    "randfeat_x0_dim": 512,
                    "activation": "relu",
                    "n_layers": 5,
                    "hidden_dim": 184,
                    "l2_reg": 0.030213884233479125,
                    "l2_ghat": 6.040424271553315e-05,
                    "boost_lr": 0.8,
                    "SWIM_scale": -0.962569065119773,
                    "iid_scale": 0.4848401495672272
                },
                {
                    "in_dim": 32,
                    "out_dim": 1,
                    "feature_type": "SWIM",
                    "upscale_type": "identity",
                    "randfeat_xt_dim": 512,
                    "randfeat_x0_dim": 512,
                    "activation": "relu",
                    "n_layers": 1,
                    "hidden_dim": 201,
                    "l2_reg": 0.054637509368112624,
                    "l2_ghat": 4.6671974695717955,
                    "boost_lr": 0.9,
                    "SWIM_scale": -0.097668979670395,
                    "iid_scale": 4.032794613730712
                },
                {
                    "in_dim": 32,
                    "out_dim": 1,
                    "feature_type": "SWIM",
                    "upscale_type": "identity",
                    "randfeat_xt_dim": 512,
                    "randfeat_x0_dim": 512,
                    "activation": "relu",
                    "n_layers": 6,
                    "hidden_dim": 93,
                    "l2_reg": 0.047790186546628866,
                    "l2_ghat": 1.586624342716744,
                    "boost_lr": 0.8,
                    "SWIM_scale": -0.01458710146227482,
                    "iid_scale": 0.22076001499514036
                }
            ]
        }
    }
}