{
    "44962": {
        "GreedyRFRBoostScalar_batchnormFalse": {
            "score_train": [
                0.4606497287750244,
                0.4575786590576172,
                0.4369547367095947,
                0.419362872838974,
                0.448053777217865
            ],
            "score_test": [
                0.3659219443798065,
                0.4093576669692993,
                0.47716158628463745,
                0.5483300089836121,
                0.4438938796520233
            ],
            "t_fit": [
                0.014196358621120453,
                0.004932299256324768,
                0.015169229358434677,
                0.004788141697645187,
                0.01774066686630249
            ],
            "t_inference": [
                0.0016853325068950653,
                0.0004132017493247986,
                0.0018280260264873505,
                0.0004134736955165863,
                0.002140987664461136
            ],
            "hyperparams": [
                {
                    "in_dim": 29,
                    "out_dim": 1,
                    "feature_type": "SWIM",
                    "upscale_type": "SWIM",
                    "randfeat_xt_dim": 512,
                    "randfeat_x0_dim": 512,
                    "sandwich_solver": "scalar",
                    "activation": "tanh",
                    "use_batchnorm": false,
                    "n_layers": 7,
                    "l2_reg": 0.027390696855329875,
                    "l2_ghat": 5.14500200828195e-05,
                    "boost_lr": 0.2442735312029883,
                    "hidden_dim": 19,
                    "SWIM_scale": 1.0598778184382984
                },
                {
                    "in_dim": 29,
                    "out_dim": 1,
                    "feature_type": "SWIM",
                    "upscale_type": "SWIM",
                    "randfeat_xt_dim": 512,
                    "randfeat_x0_dim": 512,
                    "sandwich_solver": "scalar",
                    "activation": "tanh",
                    "use_batchnorm": false,
                    "n_layers": 1,
                    "l2_reg": 3.8210869451063063,
                    "l2_ghat": 0.004478333041906919,
                    "boost_lr": 0.3687346344660784,
                    "hidden_dim": 20,
                    "SWIM_scale": 1.2730997960564543
                },
                {
                    "in_dim": 29,
                    "out_dim": 1,
                    "feature_type": "SWIM",
                    "upscale_type": "SWIM",
                    "randfeat_xt_dim": 512,
                    "randfeat_x0_dim": 512,
                    "sandwich_solver": "scalar",
                    "activation": "tanh",
                    "use_batchnorm": false,
                    "n_layers": 8,
                    "l2_reg": 0.19957914088268966,
                    "l2_ghat": 1.9123759881188638,
                    "boost_lr": 0.12637728111348873,
                    "hidden_dim": 20,
                    "SWIM_scale": 0.7574560210404001
                },
                {
                    "in_dim": 29,
                    "out_dim": 1,
                    "feature_type": "SWIM",
                    "upscale_type": "SWIM",
                    "randfeat_xt_dim": 512,
                    "randfeat_x0_dim": 512,
                    "sandwich_solver": "scalar",
                    "activation": "tanh",
                    "use_batchnorm": false,
                    "n_layers": 1,
                    "l2_reg": 1.574189004745663,
                    "l2_ghat": 0.040428727350273294,
                    "boost_lr": 0.5105903209394755,
                    "hidden_dim": 17,
                    "SWIM_scale": 1.4593783004186924
                },
                {
                    "in_dim": 29,
                    "out_dim": 1,
                    "feature_type": "SWIM",
                    "upscale_type": "SWIM",
                    "randfeat_xt_dim": 512,
                    "randfeat_x0_dim": 512,
                    "sandwich_solver": "scalar",
                    "activation": "tanh",
                    "use_batchnorm": false,
                    "n_layers": 10,
                    "l2_reg": 0.2225598022459597,
                    "l2_ghat": 0.020242178565483784,
                    "boost_lr": 0.21726228033090508,
                    "hidden_dim": 20,
                    "SWIM_scale": 0.45211299143879374
                }
            ]
        }
    }
}