{
    "44974": {
        "GreedyRFRBoostScalar_upscaleiid": {
            "score_train": [
                0.20222477614879608,
                0.19722767174243927,
                0.19224610924720764,
                0.19664214551448822,
                0.19943861663341522
            ],
            "score_test": [
                0.22921697795391083,
                0.24849367141723633,
                0.24415552616119385,
                0.23160624504089355,
                0.23361751437187195
            ],
            "t_fit": [
                0.5138255413621664,
                1.210487026721239,
                0.41949497163295746,
                0.393495524302125,
                0.4992916788905859
            ],
            "t_inference": [
                0.2137739062309265,
                0.5565550848841667,
                0.19202660210430622,
                0.17076096311211586,
                0.21634865179657936
            ],
            "hyperparams": [
                {
                    "in_dim": 24,
                    "out_dim": 1,
                    "feature_type": "SWIM",
                    "upscale_type": "iid",
                    "randfeat_xt_dim": 512,
                    "randfeat_x0_dim": 512,
                    "sandwich_solver": "scalar",
                    "n_layers": 4,
                    "hidden_dim": 496,
                    "l2_reg": 0.0004930840481616044,
                    "l2_ghat": 2.384907825253392e-07,
                    "boost_lr": 0.5
                },
                {
                    "in_dim": 24,
                    "out_dim": 1,
                    "feature_type": "SWIM",
                    "upscale_type": "iid",
                    "randfeat_xt_dim": 512,
                    "randfeat_x0_dim": 512,
                    "sandwich_solver": "scalar",
                    "n_layers": 9,
                    "hidden_dim": 496,
                    "l2_reg": 0.00046130298683130794,
                    "l2_ghat": 1.3484761486745498e-05,
                    "boost_lr": 0.9
                },
                {
                    "in_dim": 24,
                    "out_dim": 1,
                    "feature_type": "SWIM",
                    "upscale_type": "iid",
                    "randfeat_xt_dim": 512,
                    "randfeat_x0_dim": 512,
                    "sandwich_solver": "scalar",
                    "n_layers": 3,
                    "hidden_dim": 496,
                    "l2_reg": 0.00031666019356132736,
                    "l2_ghat": 8.666181412793875e-08,
                    "boost_lr": 0.5
                },
                {
                    "in_dim": 24,
                    "out_dim": 1,
                    "feature_type": "SWIM",
                    "upscale_type": "iid",
                    "randfeat_xt_dim": 512,
                    "randfeat_x0_dim": 512,
                    "sandwich_solver": "scalar",
                    "n_layers": 3,
                    "hidden_dim": 496,
                    "l2_reg": 0.00031666019356132736,
                    "l2_ghat": 4.9465137497765215e-06,
                    "boost_lr": 0.5
                },
                {
                    "in_dim": 24,
                    "out_dim": 1,
                    "feature_type": "SWIM",
                    "upscale_type": "iid",
                    "randfeat_xt_dim": 512,
                    "randfeat_x0_dim": 512,
                    "sandwich_solver": "scalar",
                    "n_layers": 4,
                    "hidden_dim": 496,
                    "l2_reg": 0.00047553900049003247,
                    "l2_ghat": 9.65075538930244e-08,
                    "boost_lr": 1.0
                }
            ]
        }
    }
}