{
    "15": {
        "RFRBoost_ID_linesearchFalse": {
            "score_train": [
                -0.9785330891609192,
                -0.9731663465499878,
                -0.971377432346344,
                -0.9785330891609192,
                -0.9750000238418579
            ],
            "score_test": [
                -0.949999988079071,
                -0.9642857313156128,
                -0.9714285731315613,
                -0.9571428298950195,
                -0.9856114983558655
            ],
            "t_fit": [
                0.8089250102639198,
                0.24016810953617096,
                0.8116158731281757,
                1.0655716508626938,
                1.0000542141497135
            ],
            "t_inference": [
                0.04367363825440407,
                0.012975014746189117,
                0.05659731850028038,
                0.06154436618089676,
                0.051171548664569855
            ],
            "hyperparams": [
                {
                    "in_dim": 9,
                    "n_classes": 2,
                    "feature_type": "SWIM",
                    "upscale_type": "identity",
                    "randfeat_xt_dim": 512,
                    "randfeat_x0_dim": 512,
                    "activation": "tanh",
                    "use_batchnorm": true,
                    "do_linesearch": false,
                    "n_layers": 7,
                    "hidden_dim": 9,
                    "l2_cls": 0.09345903397730841,
                    "l2_ghat": 0.0002692035498894685,
                    "boost_lr": 0.42756841617419855,
                    "SWIM_scale": 0.27721594559580964
                },
                {
                    "in_dim": 9,
                    "n_classes": 2,
                    "feature_type": "SWIM",
                    "upscale_type": "identity",
                    "randfeat_xt_dim": 512,
                    "randfeat_x0_dim": 512,
                    "activation": "tanh",
                    "use_batchnorm": true,
                    "do_linesearch": false,
                    "n_layers": 2,
                    "hidden_dim": 9,
                    "l2_cls": 0.004362096080044561,
                    "l2_ghat": 3.646754530388223,
                    "boost_lr": 0.5454479809683025,
                    "SWIM_scale": 1.3360109671589524
                },
                {
                    "in_dim": 9,
                    "n_classes": 2,
                    "feature_type": "SWIM",
                    "upscale_type": "identity",
                    "randfeat_xt_dim": 512,
                    "randfeat_x0_dim": 512,
                    "activation": "tanh",
                    "use_batchnorm": true,
                    "do_linesearch": false,
                    "n_layers": 8,
                    "hidden_dim": 9,
                    "l2_cls": 0.19151095967795478,
                    "l2_ghat": 5.20309417751925,
                    "boost_lr": 0.6646691141873677,
                    "SWIM_scale": 1.0620810229822155
                },
                {
                    "in_dim": 9,
                    "n_classes": 2,
                    "feature_type": "SWIM",
                    "upscale_type": "identity",
                    "randfeat_xt_dim": 512,
                    "randfeat_x0_dim": 512,
                    "activation": "tanh",
                    "use_batchnorm": true,
                    "do_linesearch": false,
                    "n_layers": 10,
                    "hidden_dim": 9,
                    "l2_cls": 0.17062551498166742,
                    "l2_ghat": 2.7483880881095564,
                    "boost_lr": 0.8394618629937378,
                    "SWIM_scale": 1.232499429897368
                },
                {
                    "in_dim": 9,
                    "n_classes": 2,
                    "feature_type": "SWIM",
                    "upscale_type": "identity",
                    "randfeat_xt_dim": 512,
                    "randfeat_x0_dim": 512,
                    "activation": "tanh",
                    "use_batchnorm": true,
                    "do_linesearch": false,
                    "n_layers": 10,
                    "hidden_dim": 9,
                    "l2_cls": 0.0030386898802197953,
                    "l2_ghat": 3.9832637517047784,
                    "boost_lr": 0.8827619714275076,
                    "SWIM_scale": 1.5042758215706717
                }
            ]
        }
    }
}