{
    "41027": {
        "RFRBoost_ID_linesearchFalse_batchnormFalse": {
            "score_train": [
                -0.9169999957084656,
                -0.8945000171661377,
                -0.8617500066757202,
                -0.8880000114440918,
                -0.8962500095367432
            ],
            "score_test": [
                -0.8199999928474426,
                -0.8159999847412109,
                -0.7960000038146973,
                -0.8069999814033508,
                -0.8130000233650208
            ],
            "t_fit": [
                6.080803565680981,
                6.503254756331444,
                1.7714772000908852,
                6.159777581691742,
                7.313205301761627
            ],
            "t_inference": [
                0.752531573176384,
                0.6245630830526352,
                0.19807404279708862,
                0.6402407139539719,
                0.743766114115715
            ],
            "hyperparams": [
                {
                    "in_dim": 6,
                    "n_classes": 3,
                    "feature_type": "SWIM",
                    "upscale_type": "identity",
                    "randfeat_xt_dim": 512,
                    "randfeat_x0_dim": 512,
                    "activation": "tanh",
                    "use_batchnorm": false,
                    "do_linesearch": false,
                    "n_layers": 10,
                    "hidden_dim": 6,
                    "l2_cls": 0.0004870817428304016,
                    "l2_ghat": 2.1572117543253616e-05,
                    "boost_lr": 0.3479648571333445,
                    "SWIM_scale": 0.7964782595175935
                },
                {
                    "in_dim": 6,
                    "n_classes": 3,
                    "feature_type": "SWIM",
                    "upscale_type": "identity",
                    "randfeat_xt_dim": 512,
                    "randfeat_x0_dim": 512,
                    "activation": "tanh",
                    "use_batchnorm": false,
                    "do_linesearch": false,
                    "n_layers": 8,
                    "hidden_dim": 6,
                    "l2_cls": 1.6230905175039986e-05,
                    "l2_ghat": 0.0003832849190137038,
                    "boost_lr": 0.188108650575184,
                    "SWIM_scale": 1.359205526506923
                },
                {
                    "in_dim": 6,
                    "n_classes": 3,
                    "feature_type": "SWIM",
                    "upscale_type": "identity",
                    "randfeat_xt_dim": 512,
                    "randfeat_x0_dim": 512,
                    "activation": "tanh",
                    "use_batchnorm": false,
                    "do_linesearch": false,
                    "n_layers": 3,
                    "hidden_dim": 6,
                    "l2_cls": 1.5421983697837976e-05,
                    "l2_ghat": 0.00024902582508865684,
                    "boost_lr": 0.5912366820270121,
                    "SWIM_scale": 0.9926787738923687
                },
                {
                    "in_dim": 6,
                    "n_classes": 3,
                    "feature_type": "SWIM",
                    "upscale_type": "identity",
                    "randfeat_xt_dim": 512,
                    "randfeat_x0_dim": 512,
                    "activation": "tanh",
                    "use_batchnorm": false,
                    "do_linesearch": false,
                    "n_layers": 10,
                    "hidden_dim": 6,
                    "l2_cls": 3.763679219777432e-05,
                    "l2_ghat": 4.1881207107811764e-05,
                    "boost_lr": 0.1563641049410643,
                    "SWIM_scale": 0.9410671666149917
                },
                {
                    "in_dim": 6,
                    "n_classes": 3,
                    "feature_type": "SWIM",
                    "upscale_type": "identity",
                    "randfeat_xt_dim": 512,
                    "randfeat_x0_dim": 512,
                    "activation": "tanh",
                    "use_batchnorm": false,
                    "do_linesearch": false,
                    "n_layers": 8,
                    "hidden_dim": 6,
                    "l2_cls": 4.8668179331912956e-05,
                    "l2_ghat": 3.047758305681783e-05,
                    "boost_lr": 0.21861205835987346,
                    "SWIM_scale": 0.9136534574738963
                }
            ]
        }
    }
}