{
    "31": {
        "RFRBoost_ID_linesearchFalse_batchnormFalse": {
            "score_train": [
                -0.9424999952316284,
                -0.7912499904632568,
                -0.8712499737739563,
                -0.7862499952316284,
                -0.7737500071525574
            ],
            "score_test": [
                -0.7049999833106995,
                -0.7350000143051147,
                -0.7300000190734863,
                -0.7900000214576721,
                -0.7850000262260437
            ],
            "t_fit": [
                0.8336683921515942,
                0.2556038685142994,
                2.1664060056209564,
                0.7425583004951477,
                1.8225671350955963
            ],
            "t_inference": [
                0.04579447582364082,
                0.026026908308267593,
                0.1515430398285389,
                0.06666983291506767,
                0.19751905649900436
            ],
            "hyperparams": [
                {
                    "in_dim": 63,
                    "n_classes": 2,
                    "feature_type": "SWIM",
                    "upscale_type": "identity",
                    "randfeat_xt_dim": 512,
                    "randfeat_x0_dim": 512,
                    "activation": "tanh",
                    "use_batchnorm": false,
                    "do_linesearch": false,
                    "n_layers": 3,
                    "hidden_dim": 63,
                    "l2_cls": 4.737422421013479e-05,
                    "l2_ghat": 0.07170936552318921,
                    "boost_lr": 0.44246826032309305,
                    "SWIM_scale": 1.4166542057585685
                },
                {
                    "in_dim": 63,
                    "n_classes": 2,
                    "feature_type": "SWIM",
                    "upscale_type": "identity",
                    "randfeat_xt_dim": 512,
                    "randfeat_x0_dim": 512,
                    "activation": "tanh",
                    "use_batchnorm": false,
                    "do_linesearch": false,
                    "n_layers": 1,
                    "hidden_dim": 63,
                    "l2_cls": 0.019486717058614086,
                    "l2_ghat": 1.3565510676584505,
                    "boost_lr": 0.10050290351231357,
                    "SWIM_scale": 0.668274931343612
                },
                {
                    "in_dim": 63,
                    "n_classes": 2,
                    "feature_type": "SWIM",
                    "upscale_type": "identity",
                    "randfeat_xt_dim": 512,
                    "randfeat_x0_dim": 512,
                    "activation": "tanh",
                    "use_batchnorm": false,
                    "do_linesearch": false,
                    "n_layers": 8,
                    "hidden_dim": 63,
                    "l2_cls": 2.9184043214520657e-05,
                    "l2_ghat": 0.5912364056846212,
                    "boost_lr": 0.7093029117363071,
                    "SWIM_scale": 1.2609645814631818
                },
                {
                    "in_dim": 63,
                    "n_classes": 2,
                    "feature_type": "SWIM",
                    "upscale_type": "identity",
                    "randfeat_xt_dim": 512,
                    "randfeat_x0_dim": 512,
                    "activation": "tanh",
                    "use_batchnorm": false,
                    "do_linesearch": false,
                    "n_layers": 4,
                    "hidden_dim": 63,
                    "l2_cls": 0.035606113547329434,
                    "l2_ghat": 0.18766685631189758,
                    "boost_lr": 0.13891187578177738,
                    "SWIM_scale": 1.9971202105960826
                },
                {
                    "in_dim": 63,
                    "n_classes": 2,
                    "feature_type": "SWIM",
                    "upscale_type": "identity",
                    "randfeat_xt_dim": 512,
                    "randfeat_x0_dim": 512,
                    "activation": "tanh",
                    "use_batchnorm": false,
                    "do_linesearch": false,
                    "n_layers": 8,
                    "hidden_dim": 63,
                    "l2_cls": 0.07890495650671961,
                    "l2_ghat": 9.896514356999806,
                    "boost_lr": 0.26013911676755885,
                    "SWIM_scale": 1.859730084385413
                }
            ]
        }
    }
}