{
    "40983": {
        "RFRBoost_batchnormFalse": {
            "score_train": [
                -0.9891501069068909,
                -0.9899250864982605,
                -0.9932833909988403,
                -0.9925084114074707,
                -0.9896694421768188
            ],
            "score_test": [
                -0.9855371713638306,
                -0.9834710955619812,
                -0.9834710955619812,
                -0.9876033067703247,
                -0.9896587133407593
            ],
            "t_fit": [
                3.5461512841284275,
                9.069837510585785,
                7.944050703197718,
                3.9808983840048313,
                2.6620330661535263
            ],
            "t_inference": [
                0.39808934181928635,
                1.1566818952560425,
                0.5889105200767517,
                0.3739819973707199,
                0.3427782282233238
            ],
            "hyperparams": [
                {
                    "in_dim": 5,
                    "n_classes": 2,
                    "feature_type": "SWIM",
                    "upscale_type": "SWIM",
                    "randfeat_xt_dim": 512,
                    "randfeat_x0_dim": 512,
                    "activation": "tanh",
                    "use_batchnorm": false,
                    "do_linesearch": true,
                    "n_layers": 7,
                    "hidden_dim": 45,
                    "l2_cls": 5.380261210697627e-05,
                    "l2_ghat": 0.0014620412774548164,
                    "boost_lr": 0.4728968395823395,
                    "SWIM_scale": 0.30122598485389196
                },
                {
                    "in_dim": 5,
                    "n_classes": 2,
                    "feature_type": "SWIM",
                    "upscale_type": "SWIM",
                    "randfeat_xt_dim": 512,
                    "randfeat_x0_dim": 512,
                    "activation": "tanh",
                    "use_batchnorm": false,
                    "do_linesearch": true,
                    "n_layers": 9,
                    "hidden_dim": 253,
                    "l2_cls": 1.68344071363299e-05,
                    "l2_ghat": 0.015986521330542104,
                    "boost_lr": 0.21022851461712466,
                    "SWIM_scale": 0.42166209696672513
                },
                {
                    "in_dim": 5,
                    "n_classes": 2,
                    "feature_type": "SWIM",
                    "upscale_type": "SWIM",
                    "randfeat_xt_dim": 512,
                    "randfeat_x0_dim": 512,
                    "activation": "tanh",
                    "use_batchnorm": false,
                    "do_linesearch": true,
                    "n_layers": 9,
                    "hidden_dim": 112,
                    "l2_cls": 2.0272936145303158e-05,
                    "l2_ghat": 0.00027716853819069123,
                    "boost_lr": 0.16841009259938966,
                    "SWIM_scale": 0.7488428842019808
                },
                {
                    "in_dim": 5,
                    "n_classes": 2,
                    "feature_type": "SWIM",
                    "upscale_type": "SWIM",
                    "randfeat_xt_dim": 512,
                    "randfeat_x0_dim": 512,
                    "activation": "tanh",
                    "use_batchnorm": false,
                    "do_linesearch": true,
                    "n_layers": 10,
                    "hidden_dim": 16,
                    "l2_cls": 0.0009611860619905375,
                    "l2_ghat": 0.00022072014034076713,
                    "boost_lr": 0.8324893969707393,
                    "SWIM_scale": 0.4566058324106784
                },
                {
                    "in_dim": 5,
                    "n_classes": 2,
                    "feature_type": "SWIM",
                    "upscale_type": "SWIM",
                    "randfeat_xt_dim": 512,
                    "randfeat_x0_dim": 512,
                    "activation": "tanh",
                    "use_batchnorm": false,
                    "do_linesearch": true,
                    "n_layers": 7,
                    "hidden_dim": 18,
                    "l2_cls": 0.005473585356919776,
                    "l2_ghat": 0.0003603800078900986,
                    "boost_lr": 0.7076484610842627,
                    "SWIM_scale": 0.2755085916635503
                }
            ]
        }
    }
}