{
    "182": {
        "RFRBoost_upscaleiid_linesearchFalse_batchnormFalse": {
            "score_train": [
                -0.9754999876022339,
                -0.9672499895095825,
                -0.9649999737739563,
                -0.9782500267028809,
                -0.9612500071525574
            ],
            "score_test": [
                -0.9179999828338623,
                -0.9100000262260437,
                -0.9110000133514404,
                -0.9160000085830688,
                -0.9269999861717224
            ],
            "t_fit": [
                11.209606193006039,
                15.450569823384285,
                3.199624389410019,
                24.41711587458849,
                4.971770741045475
            ],
            "t_inference": [
                1.0890409797430038,
                1.0339445993304253,
                0.2081330604851246,
                1.6501887291669846,
                0.7797307558357716
            ],
            "hyperparams": [
                {
                    "in_dim": 36,
                    "n_classes": 6,
                    "feature_type": "SWIM",
                    "upscale_type": "iid",
                    "randfeat_xt_dim": 512,
                    "randfeat_x0_dim": 512,
                    "activation": "tanh",
                    "use_batchnorm": false,
                    "do_linesearch": false,
                    "n_layers": 10,
                    "hidden_dim": 226,
                    "l2_cls": 8.040591009320997e-05,
                    "l2_ghat": 0.002937581858200204,
                    "boost_lr": 0.2564832791406227,
                    "SWIM_scale": 1.7100038279206036
                },
                {
                    "in_dim": 36,
                    "n_classes": 6,
                    "feature_type": "SWIM",
                    "upscale_type": "iid",
                    "randfeat_xt_dim": 512,
                    "randfeat_x0_dim": 512,
                    "activation": "tanh",
                    "use_batchnorm": false,
                    "do_linesearch": false,
                    "n_layers": 10,
                    "hidden_dim": 217,
                    "l2_cls": 1.7121918760225418e-05,
                    "l2_ghat": 0.018758324772458087,
                    "boost_lr": 0.26930169299330226,
                    "SWIM_scale": 1.335300824705468
                },
                {
                    "in_dim": 36,
                    "n_classes": 6,
                    "feature_type": "SWIM",
                    "upscale_type": "iid",
                    "randfeat_xt_dim": 512,
                    "randfeat_x0_dim": 512,
                    "activation": "tanh",
                    "use_batchnorm": false,
                    "do_linesearch": false,
                    "n_layers": 4,
                    "hidden_dim": 49,
                    "l2_cls": 1.745062384491298e-05,
                    "l2_ghat": 0.0010586082841708027,
                    "boost_lr": 0.2078997452921113,
                    "SWIM_scale": 1.1987900847620505
                },
                {
                    "in_dim": 36,
                    "n_classes": 6,
                    "feature_type": "SWIM",
                    "upscale_type": "iid",
                    "randfeat_xt_dim": 512,
                    "randfeat_x0_dim": 512,
                    "activation": "tanh",
                    "use_batchnorm": false,
                    "do_linesearch": false,
                    "n_layers": 10,
                    "hidden_dim": 450,
                    "l2_cls": 2.2714298426850238e-05,
                    "l2_ghat": 0.0021769894242561942,
                    "boost_lr": 0.14728422051487894,
                    "SWIM_scale": 1.3887023523392794
                },
                {
                    "in_dim": 36,
                    "n_classes": 6,
                    "feature_type": "SWIM",
                    "upscale_type": "iid",
                    "randfeat_xt_dim": 512,
                    "randfeat_x0_dim": 512,
                    "activation": "tanh",
                    "use_batchnorm": false,
                    "do_linesearch": false,
                    "n_layers": 8,
                    "hidden_dim": 197,
                    "l2_cls": 0.0007972270223516336,
                    "l2_ghat": 0.004438501482055722,
                    "boost_lr": 0.4820487133316972,
                    "SWIM_scale": 1.666700040768885
                }
            ]
        }
    }
}