{
    "40499": {
        "RFRBoost": {
            "score_train": [
                -1.0,
                -1.0,
                -1.0,
                -1.0,
                -0.9994999766349792
            ],
            "score_test": [
                -0.9940000176429749,
                -0.9990000128746033,
                -0.9980000257492065,
                -0.9990000128746033,
                -0.9959999918937683
            ],
            "t_fit": [
                4.684190418571234,
                5.814177177846432,
                9.922069605439901,
                5.8802467212080956,
                2.461955077946186
            ],
            "t_inference": [
                0.46380195021629333,
                0.5734134986996651,
                0.8027669228613377,
                0.6684915013611317,
                0.26081880927085876
            ],
            "hyperparams": [
                {
                    "in_dim": 40,
                    "n_classes": 11,
                    "feature_type": "SWIM",
                    "upscale_type": "SWIM",
                    "randfeat_xt_dim": 512,
                    "randfeat_x0_dim": 512,
                    "activation": "tanh",
                    "use_batchnorm": true,
                    "do_linesearch": true,
                    "n_layers": 7,
                    "hidden_dim": 78,
                    "l2_cls": 0.001333036229475391,
                    "l2_ghat": 0.00015601942211448526,
                    "boost_lr": 0.6806056070450821,
                    "SWIM_scale": 0.25248762920911155
                },
                {
                    "in_dim": 40,
                    "n_classes": 11,
                    "feature_type": "SWIM",
                    "upscale_type": "SWIM",
                    "randfeat_xt_dim": 512,
                    "randfeat_x0_dim": 512,
                    "activation": "tanh",
                    "use_batchnorm": true,
                    "do_linesearch": true,
                    "n_layers": 8,
                    "hidden_dim": 100,
                    "l2_cls": 0.003970719682639559,
                    "l2_ghat": 0.00019001757732693057,
                    "boost_lr": 0.336378083220612,
                    "SWIM_scale": 0.37820703944297207
                },
                {
                    "in_dim": 40,
                    "n_classes": 11,
                    "feature_type": "SWIM",
                    "upscale_type": "SWIM",
                    "randfeat_xt_dim": 512,
                    "randfeat_x0_dim": 512,
                    "activation": "tanh",
                    "use_batchnorm": true,
                    "do_linesearch": true,
                    "n_layers": 9,
                    "hidden_dim": 95,
                    "l2_cls": 0.0015171206387161159,
                    "l2_ghat": 1.0999117072204816e-05,
                    "boost_lr": 0.165433394749955,
                    "SWIM_scale": 0.3725170272760986
                },
                {
                    "in_dim": 40,
                    "n_classes": 11,
                    "feature_type": "SWIM",
                    "upscale_type": "SWIM",
                    "randfeat_xt_dim": 512,
                    "randfeat_x0_dim": 512,
                    "activation": "tanh",
                    "use_batchnorm": true,
                    "do_linesearch": true,
                    "n_layers": 10,
                    "hidden_dim": 81,
                    "l2_cls": 0.0029911390270767357,
                    "l2_ghat": 1.884278005141739e-05,
                    "boost_lr": 0.6261403728233332,
                    "SWIM_scale": 0.25516674007193674
                },
                {
                    "in_dim": 40,
                    "n_classes": 11,
                    "feature_type": "SWIM",
                    "upscale_type": "SWIM",
                    "randfeat_xt_dim": 512,
                    "randfeat_x0_dim": 512,
                    "activation": "tanh",
                    "use_batchnorm": true,
                    "do_linesearch": true,
                    "n_layers": 5,
                    "hidden_dim": 45,
                    "l2_cls": 0.013956877935071287,
                    "l2_ghat": 1.0052477774336356e-05,
                    "boost_lr": 0.3297924768021259,
                    "SWIM_scale": 0.27400699395158323
                }
            ]
        }
    }
}