{
    "40499": {
        "RFRBoost_linesearchFalse": {
            "score_train": [
                -1.0,
                -1.0,
                -1.0,
                -1.0,
                -1.0
            ],
            "score_test": [
                -0.9950000047683716,
                -0.9959999918937683,
                -0.9980000257492065,
                -0.9990000128746033,
                -0.9950000047683716
            ],
            "t_fit": [
                3.7744701616466045,
                6.830261364579201,
                3.225482039153576,
                3.5007574893534184,
                42.548421651124954
            ],
            "t_inference": [
                0.45097432285547256,
                0.5456270948052406,
                0.3143925294280052,
                0.4046339690685272,
                1.7698375917971134
            ],
            "hyperparams": [
                {
                    "in_dim": 40,
                    "n_classes": 11,
                    "feature_type": "SWIM",
                    "upscale_type": "SWIM",
                    "randfeat_xt_dim": 512,
                    "randfeat_x0_dim": 512,
                    "activation": "tanh",
                    "use_batchnorm": true,
                    "do_linesearch": false,
                    "n_layers": 9,
                    "hidden_dim": 22,
                    "l2_cls": 0.00012237919191558066,
                    "l2_ghat": 1.0668641720442432e-05,
                    "boost_lr": 0.5265868278378981,
                    "SWIM_scale": 0.27003696028752866
                },
                {
                    "in_dim": 40,
                    "n_classes": 11,
                    "feature_type": "SWIM",
                    "upscale_type": "SWIM",
                    "randfeat_xt_dim": 512,
                    "randfeat_x0_dim": 512,
                    "activation": "tanh",
                    "use_batchnorm": true,
                    "do_linesearch": false,
                    "n_layers": 9,
                    "hidden_dim": 82,
                    "l2_cls": 0.0002270911703476821,
                    "l2_ghat": 1.4958198379068726e-05,
                    "boost_lr": 0.22483081122457713,
                    "SWIM_scale": 0.48315845119929074
                },
                {
                    "in_dim": 40,
                    "n_classes": 11,
                    "feature_type": "SWIM",
                    "upscale_type": "SWIM",
                    "randfeat_xt_dim": 512,
                    "randfeat_x0_dim": 512,
                    "activation": "tanh",
                    "use_batchnorm": true,
                    "do_linesearch": false,
                    "n_layers": 7,
                    "hidden_dim": 21,
                    "l2_cls": 9.890537644768877e-05,
                    "l2_ghat": 1.0275924387382888e-05,
                    "boost_lr": 0.5616682999328402,
                    "SWIM_scale": 0.4229053297277716
                },
                {
                    "in_dim": 40,
                    "n_classes": 11,
                    "feature_type": "SWIM",
                    "upscale_type": "SWIM",
                    "randfeat_xt_dim": 512,
                    "randfeat_x0_dim": 512,
                    "activation": "tanh",
                    "use_batchnorm": true,
                    "do_linesearch": false,
                    "n_layers": 9,
                    "hidden_dim": 27,
                    "l2_cls": 0.0003731928156464732,
                    "l2_ghat": 1.649110673936233e-05,
                    "boost_lr": 0.9012423081545523,
                    "SWIM_scale": 0.31858738491907435
                },
                {
                    "in_dim": 40,
                    "n_classes": 11,
                    "feature_type": "SWIM",
                    "upscale_type": "SWIM",
                    "randfeat_xt_dim": 512,
                    "randfeat_x0_dim": 512,
                    "activation": "tanh",
                    "use_batchnorm": true,
                    "do_linesearch": false,
                    "n_layers": 9,
                    "hidden_dim": 414,
                    "l2_cls": 3.459542101028575e-05,
                    "l2_ghat": 7.928431787254e-05,
                    "boost_lr": 0.24673198577277383,
                    "SWIM_scale": 0.8257549175095438
                }
            ]
        }
    }
}