{
    "1510": {
        "RFRBoost_upscaleiid_linesearchFalse_batchnormFalse": {
            "score_train": [
                -0.9912087917327881,
                -0.9890109896659851,
                -0.9846153855323792,
                -0.9846153855323792,
                -0.9956140518188477
            ],
            "score_test": [
                -0.9736841917037964,
                -0.9824561476707458,
                -0.9824561476707458,
                -0.9736841917037964,
                -0.9734513163566589
            ],
            "t_fit": [
                2.0421276427805424,
                0.3968191184103489,
                0.2112203687429428,
                0.2813519388437271,
                0.27522992715239525
            ],
            "t_inference": [
                0.2946939021348953,
                0.029124103486537933,
                0.012441635131835938,
                0.017548058182001114,
                0.02425263822078705
            ],
            "hyperparams": [
                {
                    "in_dim": 30,
                    "n_classes": 2,
                    "feature_type": "SWIM",
                    "upscale_type": "iid",
                    "randfeat_xt_dim": 512,
                    "randfeat_x0_dim": 512,
                    "activation": "tanh",
                    "use_batchnorm": false,
                    "do_linesearch": false,
                    "n_layers": 7,
                    "hidden_dim": 408,
                    "l2_cls": 0.002439250728228577,
                    "l2_ghat": 1.4002878931039675,
                    "boost_lr": 0.17683658561913404,
                    "SWIM_scale": 1.529689188413677
                },
                {
                    "in_dim": 30,
                    "n_classes": 2,
                    "feature_type": "SWIM",
                    "upscale_type": "iid",
                    "randfeat_xt_dim": 512,
                    "randfeat_x0_dim": 512,
                    "activation": "tanh",
                    "use_batchnorm": false,
                    "do_linesearch": false,
                    "n_layers": 1,
                    "hidden_dim": 116,
                    "l2_cls": 0.000821682901939877,
                    "l2_ghat": 2.90263995773227,
                    "boost_lr": 0.13854288964553105,
                    "SWIM_scale": 1.4174425088740839
                },
                {
                    "in_dim": 30,
                    "n_classes": 2,
                    "feature_type": "SWIM",
                    "upscale_type": "iid",
                    "randfeat_xt_dim": 512,
                    "randfeat_x0_dim": 512,
                    "activation": "tanh",
                    "use_batchnorm": false,
                    "do_linesearch": false,
                    "n_layers": 1,
                    "hidden_dim": 69,
                    "l2_cls": 0.0027971543150159834,
                    "l2_ghat": 1.2924794662455474,
                    "boost_lr": 0.1654326591569124,
                    "SWIM_scale": 1.631584866059063
                },
                {
                    "in_dim": 30,
                    "n_classes": 2,
                    "feature_type": "SWIM",
                    "upscale_type": "iid",
                    "randfeat_xt_dim": 512,
                    "randfeat_x0_dim": 512,
                    "activation": "tanh",
                    "use_batchnorm": false,
                    "do_linesearch": false,
                    "n_layers": 1,
                    "hidden_dim": 127,
                    "l2_cls": 0.003945021180088597,
                    "l2_ghat": 3.033392628151667,
                    "boost_lr": 0.10871884082238627,
                    "SWIM_scale": 1.81115194463876
                },
                {
                    "in_dim": 30,
                    "n_classes": 2,
                    "feature_type": "SWIM",
                    "upscale_type": "iid",
                    "randfeat_xt_dim": 512,
                    "randfeat_x0_dim": 512,
                    "activation": "tanh",
                    "use_batchnorm": false,
                    "do_linesearch": false,
                    "n_layers": 1,
                    "hidden_dim": 174,
                    "l2_cls": 0.001309340298635369,
                    "l2_ghat": 0.002279578726965315,
                    "boost_lr": 0.3180762317610095,
                    "SWIM_scale": 1.4579323787460037
                }
            ]
        }
    }
}