{
    "16": {
        "RFRBoost_ID": {
            "score_train": [
                -1.0,
                -1.0,
                -1.0,
                -1.0,
                -1.0
            ],
            "score_test": [
                -0.9775000214576721,
                -0.9750000238418579,
                -0.9775000214576721,
                -0.9574999809265137,
                -0.9750000238418579
            ],
            "t_fit": [
                2.040090262889862,
                0.8809982500970364,
                1.713853556662798,
                1.9504025839269161,
                2.846377309411764
            ],
            "t_inference": [
                0.155510313808918,
                0.07315205037593842,
                0.148155078291893,
                0.19313346222043037,
                0.2577191852033138
            ],
            "hyperparams": [
                {
                    "in_dim": 64,
                    "n_classes": 10,
                    "feature_type": "SWIM",
                    "upscale_type": "identity",
                    "randfeat_xt_dim": 512,
                    "randfeat_x0_dim": 512,
                    "activation": "tanh",
                    "use_batchnorm": true,
                    "do_linesearch": true,
                    "n_layers": 7,
                    "hidden_dim": 64,
                    "l2_cls": 0.20144688792003768,
                    "l2_ghat": 0.0007785023881326542,
                    "boost_lr": 0.7577479040282549,
                    "SWIM_scale": 0.8891256707032754
                },
                {
                    "in_dim": 64,
                    "n_classes": 10,
                    "feature_type": "SWIM",
                    "upscale_type": "identity",
                    "randfeat_xt_dim": 512,
                    "randfeat_x0_dim": 512,
                    "activation": "tanh",
                    "use_batchnorm": true,
                    "do_linesearch": true,
                    "n_layers": 3,
                    "hidden_dim": 64,
                    "l2_cls": 0.1762958026077392,
                    "l2_ghat": 0.0018565871341193602,
                    "boost_lr": 0.797271130474551,
                    "SWIM_scale": 1.3577357808943447
                },
                {
                    "in_dim": 64,
                    "n_classes": 10,
                    "feature_type": "SWIM",
                    "upscale_type": "identity",
                    "randfeat_xt_dim": 512,
                    "randfeat_x0_dim": 512,
                    "activation": "tanh",
                    "use_batchnorm": true,
                    "do_linesearch": true,
                    "n_layers": 6,
                    "hidden_dim": 64,
                    "l2_cls": 0.8620527700047576,
                    "l2_ghat": 0.0020659214368996975,
                    "boost_lr": 0.6595217466315174,
                    "SWIM_scale": 1.470195226964209
                },
                {
                    "in_dim": 64,
                    "n_classes": 10,
                    "feature_type": "SWIM",
                    "upscale_type": "identity",
                    "randfeat_xt_dim": 512,
                    "randfeat_x0_dim": 512,
                    "activation": "tanh",
                    "use_batchnorm": true,
                    "do_linesearch": true,
                    "n_layers": 7,
                    "hidden_dim": 64,
                    "l2_cls": 0.13715751458761088,
                    "l2_ghat": 0.0015121595712398901,
                    "boost_lr": 0.566765286290494,
                    "SWIM_scale": 1.3629379745909203
                },
                {
                    "in_dim": 64,
                    "n_classes": 10,
                    "feature_type": "SWIM",
                    "upscale_type": "identity",
                    "randfeat_xt_dim": 512,
                    "randfeat_x0_dim": 512,
                    "activation": "tanh",
                    "use_batchnorm": true,
                    "do_linesearch": true,
                    "n_layers": 9,
                    "hidden_dim": 64,
                    "l2_cls": 0.0002480871586729978,
                    "l2_ghat": 0.008536677682701515,
                    "boost_lr": 0.842211636054173,
                    "SWIM_scale": 1.7535989787575876
                }
            ]
        }
    }
}