{
    "1067": {
        "RFRBoost_ID": {
            "score_train": [
                -0.8719620704650879,
                -0.8867812752723694,
                -0.8802608251571655,
                -0.865441620349884,
                -0.8720378875732422
            ],
            "score_test": [
                -0.8412322402000427,
                -0.8388625383377075,
                -0.8578199148178101,
                -0.8767772316932678,
                -0.8598574995994568
            ],
            "t_fit": [
                1.8855537809431553,
                0.6373698301613331,
                3.167683344334364,
                2.7650131322443485,
                0.8145204894244671
            ],
            "t_inference": [
                0.20284661278128624,
                0.05607999861240387,
                0.2507314234972,
                0.35725751146674156,
                0.07233640179038048
            ],
            "hyperparams": [
                {
                    "in_dim": 21,
                    "n_classes": 2,
                    "feature_type": "SWIM",
                    "upscale_type": "identity",
                    "randfeat_xt_dim": 512,
                    "randfeat_x0_dim": 512,
                    "activation": "tanh",
                    "use_batchnorm": true,
                    "do_linesearch": true,
                    "n_layers": 8,
                    "hidden_dim": 21,
                    "l2_cls": 0.024449602054692394,
                    "l2_ghat": 0.22289148790610327,
                    "boost_lr": 0.11959295274004582,
                    "SWIM_scale": 0.5859605995845495
                },
                {
                    "in_dim": 21,
                    "n_classes": 2,
                    "feature_type": "SWIM",
                    "upscale_type": "identity",
                    "randfeat_xt_dim": 512,
                    "randfeat_x0_dim": 512,
                    "activation": "tanh",
                    "use_batchnorm": true,
                    "do_linesearch": true,
                    "n_layers": 2,
                    "hidden_dim": 21,
                    "l2_cls": 0.09226142803781018,
                    "l2_ghat": 0.0005968559670994103,
                    "boost_lr": 0.1779986119646074,
                    "SWIM_scale": 0.38615536725454747
                },
                {
                    "in_dim": 21,
                    "n_classes": 2,
                    "feature_type": "SWIM",
                    "upscale_type": "identity",
                    "randfeat_xt_dim": 512,
                    "randfeat_x0_dim": 512,
                    "activation": "tanh",
                    "use_batchnorm": true,
                    "do_linesearch": true,
                    "n_layers": 8,
                    "hidden_dim": 21,
                    "l2_cls": 1.4961393055734251e-05,
                    "l2_ghat": 0.31102471087702,
                    "boost_lr": 0.1527444204382629,
                    "SWIM_scale": 0.8167052677275931
                },
                {
                    "in_dim": 21,
                    "n_classes": 2,
                    "feature_type": "SWIM",
                    "upscale_type": "identity",
                    "randfeat_xt_dim": 512,
                    "randfeat_x0_dim": 512,
                    "activation": "tanh",
                    "use_batchnorm": true,
                    "do_linesearch": true,
                    "n_layers": 9,
                    "hidden_dim": 21,
                    "l2_cls": 0.01903178974129783,
                    "l2_ghat": 0.8484359864739894,
                    "boost_lr": 0.44774345997061216,
                    "SWIM_scale": 0.34079788538590955
                },
                {
                    "in_dim": 21,
                    "n_classes": 2,
                    "feature_type": "SWIM",
                    "upscale_type": "identity",
                    "randfeat_xt_dim": 512,
                    "randfeat_x0_dim": 512,
                    "activation": "tanh",
                    "use_batchnorm": true,
                    "do_linesearch": true,
                    "n_layers": 3,
                    "hidden_dim": 21,
                    "l2_cls": 0.005447415872916249,
                    "l2_ghat": 0.061021977338403345,
                    "boost_lr": 0.19471577597187223,
                    "SWIM_scale": 0.7969224486128675
                }
            ]
        }
    }
}