{
    "1590": {
        "RFRBoost": {
            "score_train": [
                -0.8619999885559082,
                -0.8722500205039978,
                -0.8772500157356262,
                -0.862500011920929,
                -0.8690000176429749
            ],
            "score_test": [
                -0.8709999918937683,
                -0.8489999771118164,
                -0.8510000109672546,
                -0.8619999885559082,
                -0.8489999771118164
            ],
            "t_fit": [
                7.592849913984537,
                9.528616711497307,
                2.905506309121847,
                6.037842955440283,
                4.658572431653738
            ],
            "t_inference": [
                1.1851162537932396,
                1.405399825423956,
                0.6213329061865807,
                1.5907358899712563,
                0.8146551176905632
            ],
            "hyperparams": [
                {
                    "in_dim": 105,
                    "n_classes": 2,
                    "feature_type": "SWIM",
                    "upscale_type": "SWIM",
                    "randfeat_xt_dim": 512,
                    "randfeat_x0_dim": 512,
                    "activation": "tanh",
                    "use_batchnorm": true,
                    "do_linesearch": true,
                    "n_layers": 7,
                    "hidden_dim": 376,
                    "l2_cls": 0.028580927260031835,
                    "l2_ghat": 0.04601229392283541,
                    "boost_lr": 0.11734374487655036,
                    "SWIM_scale": 1.24409660438565
                },
                {
                    "in_dim": 105,
                    "n_classes": 2,
                    "feature_type": "SWIM",
                    "upscale_type": "SWIM",
                    "randfeat_xt_dim": 512,
                    "randfeat_x0_dim": 512,
                    "activation": "tanh",
                    "use_batchnorm": true,
                    "do_linesearch": true,
                    "n_layers": 6,
                    "hidden_dim": 406,
                    "l2_cls": 0.0017240646573243204,
                    "l2_ghat": 0.32374218810697647,
                    "boost_lr": 0.3082856976296913,
                    "SWIM_scale": 1.0484682760827932
                },
                {
                    "in_dim": 105,
                    "n_classes": 2,
                    "feature_type": "SWIM",
                    "upscale_type": "SWIM",
                    "randfeat_xt_dim": 512,
                    "randfeat_x0_dim": 512,
                    "activation": "tanh",
                    "use_batchnorm": true,
                    "do_linesearch": true,
                    "n_layers": 4,
                    "hidden_dim": 322,
                    "l2_cls": 0.008280455273344004,
                    "l2_ghat": 0.0001613357306497857,
                    "boost_lr": 0.18630066603365086,
                    "SWIM_scale": 0.5191727331304612
                },
                {
                    "in_dim": 105,
                    "n_classes": 2,
                    "feature_type": "SWIM",
                    "upscale_type": "SWIM",
                    "randfeat_xt_dim": 512,
                    "randfeat_x0_dim": 512,
                    "activation": "tanh",
                    "use_batchnorm": true,
                    "do_linesearch": true,
                    "n_layers": 9,
                    "hidden_dim": 472,
                    "l2_cls": 1.8763817665466218,
                    "l2_ghat": 0.0341992096227904,
                    "boost_lr": 0.12520016427107541,
                    "SWIM_scale": 1.2168218209846062
                },
                {
                    "in_dim": 105,
                    "n_classes": 2,
                    "feature_type": "SWIM",
                    "upscale_type": "SWIM",
                    "randfeat_xt_dim": 512,
                    "randfeat_x0_dim": 512,
                    "activation": "tanh",
                    "use_batchnorm": true,
                    "do_linesearch": true,
                    "n_layers": 7,
                    "hidden_dim": 248,
                    "l2_cls": 0.00039975120090101853,
                    "l2_ghat": 0.05195285879042743,
                    "boost_lr": 0.40425278137731696,
                    "SWIM_scale": 0.6778399869591085
                }
            ]
        }
    }
}