{
    "18": {
        "RFRBoost_linesearchFalse_batchnormFalse": {
            "score_train": [
                -0.7818750143051147,
                -0.800000011920929,
                -0.7831249833106995,
                -0.7774999737739563,
                -0.8218749761581421
            ],
            "score_test": [
                -0.75,
                -0.737500011920929,
                -0.7174999713897705,
                -0.7225000262260437,
                -0.6974999904632568
            ],
            "t_fit": [
                1.5306275859475136,
                16.956600658595562,
                3.1421385891735554,
                3.2833480946719646,
                2.5896458588540554
            ],
            "t_inference": [
                0.054539553821086884,
                0.49230292066931725,
                0.17220216244459152,
                0.24187413975596428,
                0.17651742696762085
            ],
            "hyperparams": [
                {
                    "in_dim": 6,
                    "n_classes": 10,
                    "feature_type": "SWIM",
                    "upscale_type": "SWIM",
                    "randfeat_xt_dim": 512,
                    "randfeat_x0_dim": 512,
                    "activation": "tanh",
                    "use_batchnorm": false,
                    "do_linesearch": false,
                    "n_layers": 2,
                    "hidden_dim": 83,
                    "l2_cls": 0.00023466092258704886,
                    "l2_ghat": 0.016502309039291438,
                    "boost_lr": 0.2869665999780217,
                    "SWIM_scale": 0.5291790720369816
                },
                {
                    "in_dim": 6,
                    "n_classes": 10,
                    "feature_type": "SWIM",
                    "upscale_type": "SWIM",
                    "randfeat_xt_dim": 512,
                    "randfeat_x0_dim": 512,
                    "activation": "tanh",
                    "use_batchnorm": false,
                    "do_linesearch": false,
                    "n_layers": 7,
                    "hidden_dim": 476,
                    "l2_cls": 0.0007350124485579206,
                    "l2_ghat": 0.15999578611898943,
                    "boost_lr": 0.9976721208498678,
                    "SWIM_scale": 0.5304594719251349
                },
                {
                    "in_dim": 6,
                    "n_classes": 10,
                    "feature_type": "SWIM",
                    "upscale_type": "SWIM",
                    "randfeat_xt_dim": 512,
                    "randfeat_x0_dim": 512,
                    "activation": "tanh",
                    "use_batchnorm": false,
                    "do_linesearch": false,
                    "n_layers": 8,
                    "hidden_dim": 50,
                    "l2_cls": 0.003867594325515861,
                    "l2_ghat": 0.2243723301488946,
                    "boost_lr": 0.40187923381090956,
                    "SWIM_scale": 1.7080309043451314
                },
                {
                    "in_dim": 6,
                    "n_classes": 10,
                    "feature_type": "SWIM",
                    "upscale_type": "SWIM",
                    "randfeat_xt_dim": 512,
                    "randfeat_x0_dim": 512,
                    "activation": "tanh",
                    "use_batchnorm": false,
                    "do_linesearch": false,
                    "n_layers": 10,
                    "hidden_dim": 68,
                    "l2_cls": 0.004039602147962629,
                    "l2_ghat": 0.02552580253461682,
                    "boost_lr": 0.2420073471959199,
                    "SWIM_scale": 0.3439991807644553
                },
                {
                    "in_dim": 6,
                    "n_classes": 10,
                    "feature_type": "SWIM",
                    "upscale_type": "SWIM",
                    "randfeat_xt_dim": 512,
                    "randfeat_x0_dim": 512,
                    "activation": "tanh",
                    "use_batchnorm": false,
                    "do_linesearch": false,
                    "n_layers": 9,
                    "hidden_dim": 74,
                    "l2_cls": 0.0022595317429601972,
                    "l2_ghat": 0.0005526751822777399,
                    "boost_lr": 0.3484527174716705,
                    "SWIM_scale": 0.45661642072232805
                }
            ]
        }
    }
}