{
    "6332": {
        "RFRBoost_ID": {
            "score_train": [
                -1.0,
                -0.9537037014961243,
                -0.9976851940155029,
                -0.9976851940155029,
                -1.0
            ],
            "score_test": [
                -0.7962962985038757,
                -0.7407407164573669,
                -0.7870370149612427,
                -0.7592592835426331,
                -0.8518518805503845
            ],
            "t_fit": [
                0.4105991721153259,
                0.17507919296622276,
                0.27123628184199333,
                0.9868903867900372,
                1.1851820312440395
            ],
            "t_inference": [
                0.03561251983046532,
                0.017815303057432175,
                0.02464323490858078,
                0.07848502695560455,
                0.11295272409915924
            ],
            "hyperparams": [
                {
                    "in_dim": 173,
                    "n_classes": 2,
                    "feature_type": "SWIM",
                    "upscale_type": "identity",
                    "randfeat_xt_dim": 512,
                    "randfeat_x0_dim": 512,
                    "activation": "tanh",
                    "use_batchnorm": true,
                    "do_linesearch": true,
                    "n_layers": 2,
                    "hidden_dim": 173,
                    "l2_cls": 8.675715414178056,
                    "l2_ghat": 1.3758649171175116e-05,
                    "boost_lr": 0.48364389445429645,
                    "SWIM_scale": 0.581915527892546
                },
                {
                    "in_dim": 173,
                    "n_classes": 2,
                    "feature_type": "SWIM",
                    "upscale_type": "identity",
                    "randfeat_xt_dim": 512,
                    "randfeat_x0_dim": 512,
                    "activation": "tanh",
                    "use_batchnorm": true,
                    "do_linesearch": true,
                    "n_layers": 1,
                    "hidden_dim": 173,
                    "l2_cls": 6.657396300583616,
                    "l2_ghat": 2.7649156199754647e-05,
                    "boost_lr": 0.19557002986468958,
                    "SWIM_scale": 0.50345061469672
                },
                {
                    "in_dim": 173,
                    "n_classes": 2,
                    "feature_type": "SWIM",
                    "upscale_type": "identity",
                    "randfeat_xt_dim": 512,
                    "randfeat_x0_dim": 512,
                    "activation": "tanh",
                    "use_batchnorm": true,
                    "do_linesearch": true,
                    "n_layers": 2,
                    "hidden_dim": 173,
                    "l2_cls": 0.6711235199479154,
                    "l2_ghat": 0.0001756978035467386,
                    "boost_lr": 0.6470789630206705,
                    "SWIM_scale": 0.8270241403049385
                },
                {
                    "in_dim": 173,
                    "n_classes": 2,
                    "feature_type": "SWIM",
                    "upscale_type": "identity",
                    "randfeat_xt_dim": 512,
                    "randfeat_x0_dim": 512,
                    "activation": "tanh",
                    "use_batchnorm": true,
                    "do_linesearch": true,
                    "n_layers": 6,
                    "hidden_dim": 173,
                    "l2_cls": 0.834751006872106,
                    "l2_ghat": 0.0002422919530558341,
                    "boost_lr": 0.39701648078496593,
                    "SWIM_scale": 0.8097119489516232
                },
                {
                    "in_dim": 173,
                    "n_classes": 2,
                    "feature_type": "SWIM",
                    "upscale_type": "identity",
                    "randfeat_xt_dim": 512,
                    "randfeat_x0_dim": 512,
                    "activation": "tanh",
                    "use_batchnorm": true,
                    "do_linesearch": true,
                    "n_layers": 7,
                    "hidden_dim": 173,
                    "l2_cls": 2.08919614441563,
                    "l2_ghat": 0.00022365038640984248,
                    "boost_lr": 0.27910638152302597,
                    "SWIM_scale": 0.8801869275785381
                }
            ]
        }
    }
}