{
    "40966": {
        "RFRBoost_ID_linesearchFalse_batchnormFalse": {
            "score_train": [
                -1.0,
                -1.0,
                -1.0,
                -1.0,
                -1.0
            ],
            "score_test": [
                -0.9953703880310059,
                -1.0,
                -1.0,
                -1.0,
                -1.0
            ],
            "t_fit": [
                1.0695615522563457,
                1.156489934772253,
                2.584355153143406,
                1.285978689789772,
                2.3460754565894604
            ],
            "t_inference": [
                0.05015409365296364,
                0.05859437957406044,
                0.15448088198900223,
                0.08880626037716866,
                0.12476759776473045
            ],
            "hyperparams": [
                {
                    "in_dim": 77,
                    "n_classes": 8,
                    "feature_type": "SWIM",
                    "upscale_type": "identity",
                    "randfeat_xt_dim": 512,
                    "randfeat_x0_dim": 512,
                    "activation": "tanh",
                    "use_batchnorm": false,
                    "do_linesearch": false,
                    "n_layers": 3,
                    "hidden_dim": 77,
                    "l2_cls": 6.870101665590028e-05,
                    "l2_ghat": 0.0005660670699258885,
                    "boost_lr": 0.23246728489504342,
                    "SWIM_scale": 1.0481224723798128
                },
                {
                    "in_dim": 77,
                    "n_classes": 8,
                    "feature_type": "SWIM",
                    "upscale_type": "identity",
                    "randfeat_xt_dim": 512,
                    "randfeat_x0_dim": 512,
                    "activation": "tanh",
                    "use_batchnorm": false,
                    "do_linesearch": false,
                    "n_layers": 3,
                    "hidden_dim": 77,
                    "l2_cls": 6.870101665590028e-05,
                    "l2_ghat": 0.0005660670699258885,
                    "boost_lr": 0.23246728489504342,
                    "SWIM_scale": 1.0481224723798128
                },
                {
                    "in_dim": 77,
                    "n_classes": 8,
                    "feature_type": "SWIM",
                    "upscale_type": "identity",
                    "randfeat_xt_dim": 512,
                    "randfeat_x0_dim": 512,
                    "activation": "tanh",
                    "use_batchnorm": false,
                    "do_linesearch": false,
                    "n_layers": 9,
                    "hidden_dim": 77,
                    "l2_cls": 1.240420108394784e-05,
                    "l2_ghat": 0.00024461746309280047,
                    "boost_lr": 0.12178255137944126,
                    "SWIM_scale": 1.1224650356864672
                },
                {
                    "in_dim": 77,
                    "n_classes": 8,
                    "feature_type": "SWIM",
                    "upscale_type": "identity",
                    "randfeat_xt_dim": 512,
                    "randfeat_x0_dim": 512,
                    "activation": "tanh",
                    "use_batchnorm": false,
                    "do_linesearch": false,
                    "n_layers": 6,
                    "hidden_dim": 77,
                    "l2_cls": 0.0006724850206557243,
                    "l2_ghat": 3.855073690026178e-05,
                    "boost_lr": 0.48331806324884646,
                    "SWIM_scale": 1.0202668640443022
                },
                {
                    "in_dim": 77,
                    "n_classes": 8,
                    "feature_type": "SWIM",
                    "upscale_type": "identity",
                    "randfeat_xt_dim": 512,
                    "randfeat_x0_dim": 512,
                    "activation": "tanh",
                    "use_batchnorm": false,
                    "do_linesearch": false,
                    "n_layers": 9,
                    "hidden_dim": 77,
                    "l2_cls": 1.0863833419456807e-05,
                    "l2_ghat": 0.00034844111550283083,
                    "boost_lr": 0.10422259339479667,
                    "SWIM_scale": 1.2398229086924557
                }
            ]
        }
    }
}