{
    "1067": {
        "RFRBoost_ID_linesearchFalse": {
            "score_train": [
                -0.8778897523880005,
                -0.8713693022727966,
                -0.8666271567344666,
                -0.8589211702346802,
                -0.8590047359466553
            ],
            "score_test": [
                -0.8436018824577332,
                -0.8270142078399658,
                -0.8696682453155518,
                -0.8720378875732422,
                -0.8669833540916443
            ],
            "t_fit": [
                0.9908274635672569,
                1.2069367542862892,
                0.8810811452567577,
                0.27455655112862587,
                0.7124610431492329
            ],
            "t_inference": [
                0.10850245878100395,
                0.10587325692176819,
                0.10461482405662537,
                0.019141264259815216,
                0.08490248024463654
            ],
            "hyperparams": [
                {
                    "in_dim": 21,
                    "n_classes": 2,
                    "feature_type": "SWIM",
                    "upscale_type": "identity",
                    "randfeat_xt_dim": 512,
                    "randfeat_x0_dim": 512,
                    "activation": "tanh",
                    "use_batchnorm": true,
                    "do_linesearch": false,
                    "n_layers": 6,
                    "hidden_dim": 21,
                    "l2_cls": 0.04039012089272338,
                    "l2_ghat": 0.003604457108947477,
                    "boost_lr": 0.18056985125439665,
                    "SWIM_scale": 0.8534384503497423
                },
                {
                    "in_dim": 21,
                    "n_classes": 2,
                    "feature_type": "SWIM",
                    "upscale_type": "identity",
                    "randfeat_xt_dim": 512,
                    "randfeat_x0_dim": 512,
                    "activation": "tanh",
                    "use_batchnorm": true,
                    "do_linesearch": false,
                    "n_layers": 6,
                    "hidden_dim": 21,
                    "l2_cls": 0.005063885608394051,
                    "l2_ghat": 0.7152979938640656,
                    "boost_lr": 0.37970430836051006,
                    "SWIM_scale": 0.4017061895625791
                },
                {
                    "in_dim": 21,
                    "n_classes": 2,
                    "feature_type": "SWIM",
                    "upscale_type": "identity",
                    "randfeat_xt_dim": 512,
                    "randfeat_x0_dim": 512,
                    "activation": "tanh",
                    "use_batchnorm": true,
                    "do_linesearch": false,
                    "n_layers": 6,
                    "hidden_dim": 21,
                    "l2_cls": 0.021626998541616992,
                    "l2_ghat": 0.16462400125075696,
                    "boost_lr": 0.18144999677077014,
                    "SWIM_scale": 1.8994018040542267
                },
                {
                    "in_dim": 21,
                    "n_classes": 2,
                    "feature_type": "SWIM",
                    "upscale_type": "identity",
                    "randfeat_xt_dim": 512,
                    "randfeat_x0_dim": 512,
                    "activation": "tanh",
                    "use_batchnorm": true,
                    "do_linesearch": false,
                    "n_layers": 1,
                    "hidden_dim": 21,
                    "l2_cls": 2.231010801867923e-05,
                    "l2_ghat": 1.574189004745663,
                    "boost_lr": 0.3991305878561679,
                    "SWIM_scale": 1.4891270111430797
                },
                {
                    "in_dim": 21,
                    "n_classes": 2,
                    "feature_type": "SWIM",
                    "upscale_type": "identity",
                    "randfeat_xt_dim": 512,
                    "randfeat_x0_dim": 512,
                    "activation": "tanh",
                    "use_batchnorm": true,
                    "do_linesearch": false,
                    "n_layers": 5,
                    "hidden_dim": 21,
                    "l2_cls": 0.010800803934555864,
                    "l2_ghat": 5.564687526388553,
                    "boost_lr": 0.6518872623097669,
                    "SWIM_scale": 1.2268360196291874
                }
            ]
        }
    }
}