{
    "469": {
        "RFRBoost_upscaleiid_linesearchFalse": {
            "score_train": [
                -0.3233909010887146,
                -0.3500784933567047,
                -0.28369906544685364,
                -0.29780563712120056,
                -0.407523512840271
            ],
            "score_test": [
                -0.23125000298023224,
                -0.19374999403953552,
                -0.1949685513973236,
                -0.15094339847564697,
                -0.17610062658786774
            ],
            "t_fit": [
                1.6959972195327282,
                0.8722982965409756,
                0.31143976375460625,
                3.4296872168779373,
                2.014828212559223
            ],
            "t_inference": [
                0.2149599865078926,
                0.06602870672941208,
                0.02181963250041008,
                0.3945482708513737,
                0.21297727152705193
            ],
            "hyperparams": [
                {
                    "in_dim": 21,
                    "n_classes": 6,
                    "feature_type": "SWIM",
                    "upscale_type": "iid",
                    "randfeat_xt_dim": 512,
                    "randfeat_x0_dim": 512,
                    "activation": "tanh",
                    "use_batchnorm": true,
                    "do_linesearch": false,
                    "n_layers": 8,
                    "hidden_dim": 383,
                    "l2_cls": 0.35405381678154957,
                    "l2_ghat": 0.04378406266283658,
                    "boost_lr": 0.11858016287820101,
                    "SWIM_scale": 1.6293583373565388
                },
                {
                    "in_dim": 21,
                    "n_classes": 6,
                    "feature_type": "SWIM",
                    "upscale_type": "iid",
                    "randfeat_xt_dim": 512,
                    "randfeat_x0_dim": 512,
                    "activation": "tanh",
                    "use_batchnorm": true,
                    "do_linesearch": false,
                    "n_layers": 5,
                    "hidden_dim": 140,
                    "l2_cls": 0.01288475011477219,
                    "l2_ghat": 5.174740224939064,
                    "boost_lr": 0.16424461336987303,
                    "SWIM_scale": 1.7548673578405984
                },
                {
                    "in_dim": 21,
                    "n_classes": 6,
                    "feature_type": "SWIM",
                    "upscale_type": "iid",
                    "randfeat_xt_dim": 512,
                    "randfeat_x0_dim": 512,
                    "activation": "tanh",
                    "use_batchnorm": true,
                    "do_linesearch": false,
                    "n_layers": 2,
                    "hidden_dim": 42,
                    "l2_cls": 0.109610655385461,
                    "l2_ghat": 0.0011952641755718716,
                    "boost_lr": 0.1951794674009948,
                    "SWIM_scale": 0.7853505778195354
                },
                {
                    "in_dim": 21,
                    "n_classes": 6,
                    "feature_type": "SWIM",
                    "upscale_type": "iid",
                    "randfeat_xt_dim": 512,
                    "randfeat_x0_dim": 512,
                    "activation": "tanh",
                    "use_batchnorm": true,
                    "do_linesearch": false,
                    "n_layers": 10,
                    "hidden_dim": 428,
                    "l2_cls": 1.1037228524896954,
                    "l2_ghat": 0.00021974499176010965,
                    "boost_lr": 0.48640802611026207,
                    "SWIM_scale": 0.5511184189198097
                },
                {
                    "in_dim": 21,
                    "n_classes": 6,
                    "feature_type": "SWIM",
                    "upscale_type": "iid",
                    "randfeat_xt_dim": 512,
                    "randfeat_x0_dim": 512,
                    "activation": "tanh",
                    "use_batchnorm": true,
                    "do_linesearch": false,
                    "n_layers": 7,
                    "hidden_dim": 443,
                    "l2_cls": 0.023449913670722574,
                    "l2_ghat": 0.020983941245163003,
                    "boost_lr": 0.16466264672801037,
                    "SWIM_scale": 1.8125137041556245
                }
            ]
        }
    }
}