{
    "41027": {
        "RFRBoost_upscaleiid": {
            "score_train": [
                -0.9242500066757202,
                -0.8867499828338623,
                -0.8972499966621399,
                -0.8827499747276306,
                -0.8895000219345093
            ],
            "score_test": [
                -0.8209999799728394,
                -0.8100000023841858,
                -0.7979999780654907,
                -0.8159999847412109,
                -0.8159999847412109
            ],
            "t_fit": [
                23.182835329324007,
                3.942105159163475,
                7.4054411724209785,
                8.792878683656454,
                4.673990495502949
            ],
            "t_inference": [
                1.531459752470255,
                0.435810811817646,
                0.7023389935493469,
                0.7953028716146946,
                0.33326908200979233
            ],
            "hyperparams": [
                {
                    "in_dim": 6,
                    "n_classes": 3,
                    "feature_type": "SWIM",
                    "upscale_type": "iid",
                    "randfeat_xt_dim": 512,
                    "randfeat_x0_dim": 512,
                    "activation": "tanh",
                    "use_batchnorm": true,
                    "do_linesearch": true,
                    "n_layers": 8,
                    "hidden_dim": 469,
                    "l2_cls": 6.995961025414408e-05,
                    "l2_ghat": 7.499464165294248e-05,
                    "boost_lr": 0.24287292206008443,
                    "SWIM_scale": 1.1798032339196551
                },
                {
                    "in_dim": 6,
                    "n_classes": 3,
                    "feature_type": "SWIM",
                    "upscale_type": "iid",
                    "randfeat_xt_dim": 512,
                    "randfeat_x0_dim": 512,
                    "activation": "tanh",
                    "use_batchnorm": true,
                    "do_linesearch": true,
                    "n_layers": 5,
                    "hidden_dim": 79,
                    "l2_cls": 0.01297036879739923,
                    "l2_ghat": 0.0004177028512336811,
                    "boost_lr": 0.17328235331059774,
                    "SWIM_scale": 1.3546234643664643
                },
                {
                    "in_dim": 6,
                    "n_classes": 3,
                    "feature_type": "SWIM",
                    "upscale_type": "iid",
                    "randfeat_xt_dim": 512,
                    "randfeat_x0_dim": 512,
                    "activation": "tanh",
                    "use_batchnorm": true,
                    "do_linesearch": true,
                    "n_layers": 9,
                    "hidden_dim": 165,
                    "l2_cls": 0.0003078260287722232,
                    "l2_ghat": 0.009540787410083518,
                    "boost_lr": 0.331188002535379,
                    "SWIM_scale": 1.4855780913619339
                },
                {
                    "in_dim": 6,
                    "n_classes": 3,
                    "feature_type": "SWIM",
                    "upscale_type": "iid",
                    "randfeat_xt_dim": 512,
                    "randfeat_x0_dim": 512,
                    "activation": "tanh",
                    "use_batchnorm": true,
                    "do_linesearch": true,
                    "n_layers": 10,
                    "hidden_dim": 192,
                    "l2_cls": 0.0005829015444977742,
                    "l2_ghat": 0.021342834712630165,
                    "boost_lr": 0.21863699194204758,
                    "SWIM_scale": 1.8317266729253212
                },
                {
                    "in_dim": 6,
                    "n_classes": 3,
                    "feature_type": "SWIM",
                    "upscale_type": "iid",
                    "randfeat_xt_dim": 512,
                    "randfeat_x0_dim": 512,
                    "activation": "tanh",
                    "use_batchnorm": true,
                    "do_linesearch": true,
                    "n_layers": 7,
                    "hidden_dim": 44,
                    "l2_cls": 9.90963873650582e-05,
                    "l2_ghat": 6.225659410219387e-05,
                    "boost_lr": 0.22243668854263046,
                    "SWIM_scale": 0.9768570045656979
                }
            ]
        }
    }
}