{
    "40994": {
        "RFRBoost_upscaleiid_batchnormFalse": {
            "score_train": [
                -1.0,
                -1.0,
                -1.0,
                -0.9930555820465088,
                -0.9768518805503845
            ],
            "score_test": [
                -0.9537037014961243,
                -0.9351851940155029,
                -0.9814814925193787,
                -0.9814814925193787,
                -0.9444444179534912
            ],
            "t_fit": [
                1.3066473491489887,
                1.1387224309146404,
                4.386458422988653,
                0.23843525350093842,
                0.34094295278191566
            ],
            "t_inference": [
                0.05195806920528412,
                0.052757784724235535,
                0.2003200426697731,
                0.012754332274198532,
                0.02770160511136055
            ],
            "hyperparams": [
                {
                    "in_dim": 18,
                    "n_classes": 2,
                    "feature_type": "SWIM",
                    "upscale_type": "iid",
                    "randfeat_xt_dim": 512,
                    "randfeat_x0_dim": 512,
                    "activation": "tanh",
                    "use_batchnorm": false,
                    "do_linesearch": true,
                    "n_layers": 3,
                    "hidden_dim": 387,
                    "l2_cls": 1.5222884506746022e-05,
                    "l2_ghat": 0.01912293049752284,
                    "boost_lr": 0.12369234258274223,
                    "SWIM_scale": 1.0999202049142258
                },
                {
                    "in_dim": 18,
                    "n_classes": 2,
                    "feature_type": "SWIM",
                    "upscale_type": "iid",
                    "randfeat_xt_dim": 512,
                    "randfeat_x0_dim": 512,
                    "activation": "tanh",
                    "use_batchnorm": false,
                    "do_linesearch": true,
                    "n_layers": 3,
                    "hidden_dim": 390,
                    "l2_cls": 3.395900933162749e-05,
                    "l2_ghat": 0.0001499329805509155,
                    "boost_lr": 0.110975545611031,
                    "SWIM_scale": 0.8193280788357126
                },
                {
                    "in_dim": 18,
                    "n_classes": 2,
                    "feature_type": "SWIM",
                    "upscale_type": "iid",
                    "randfeat_xt_dim": 512,
                    "randfeat_x0_dim": 512,
                    "activation": "tanh",
                    "use_batchnorm": false,
                    "do_linesearch": true,
                    "n_layers": 10,
                    "hidden_dim": 401,
                    "l2_cls": 0.00011158270811420592,
                    "l2_ghat": 1.5428471017650678,
                    "boost_lr": 0.1936917830827516,
                    "SWIM_scale": 1.0765962633256967
                },
                {
                    "in_dim": 18,
                    "n_classes": 2,
                    "feature_type": "SWIM",
                    "upscale_type": "iid",
                    "randfeat_xt_dim": 512,
                    "randfeat_x0_dim": 512,
                    "activation": "tanh",
                    "use_batchnorm": false,
                    "do_linesearch": true,
                    "n_layers": 1,
                    "hidden_dim": 197,
                    "l2_cls": 0.00042363514575811,
                    "l2_ghat": 0.00027474096555782335,
                    "boost_lr": 0.14708805011199033,
                    "SWIM_scale": 0.7259366898789632
                },
                {
                    "in_dim": 18,
                    "n_classes": 2,
                    "feature_type": "SWIM",
                    "upscale_type": "iid",
                    "randfeat_xt_dim": 512,
                    "randfeat_x0_dim": 512,
                    "activation": "tanh",
                    "use_batchnorm": false,
                    "do_linesearch": true,
                    "n_layers": 2,
                    "hidden_dim": 264,
                    "l2_cls": 0.004065343627704946,
                    "l2_ghat": 0.41959342042565456,
                    "boost_lr": 0.20522720755973042,
                    "SWIM_scale": 1.0918042067235143
                }
            ]
        }
    }
}