{
    "1475": {
        "RFRBoost_ID": {
            "score_train": [
                -0.6997500061988831,
                -0.6697499752044678,
                -0.7360000014305115,
                -0.6637499928474426,
                -0.6707500219345093
            ],
            "score_test": [
                -0.5460000038146973,
                -0.5360000133514404,
                -0.5400000214576721,
                -0.5490000247955322,
                -0.5569999814033508
            ],
            "t_fit": [
                1.8735161647200584,
                0.5148589983582497,
                2.1337932236492634,
                2.2221293710172176,
                0.5176079571247101
            ],
            "t_inference": [
                0.18706075102090836,
                0.05734160915017128,
                0.21274393051862717,
                0.3137952946126461,
                0.05430128052830696
            ],
            "hyperparams": [
                {
                    "in_dim": 51,
                    "n_classes": 6,
                    "feature_type": "SWIM",
                    "upscale_type": "identity",
                    "randfeat_xt_dim": 512,
                    "randfeat_x0_dim": 512,
                    "activation": "tanh",
                    "use_batchnorm": true,
                    "do_linesearch": true,
                    "n_layers": 3,
                    "hidden_dim": 51,
                    "l2_cls": 0.1370460415822034,
                    "l2_ghat": 0.0009207003706746551,
                    "boost_lr": 0.2519863606585706,
                    "SWIM_scale": 1.5587172007638157
                },
                {
                    "in_dim": 51,
                    "n_classes": 6,
                    "feature_type": "SWIM",
                    "upscale_type": "identity",
                    "randfeat_xt_dim": 512,
                    "randfeat_x0_dim": 512,
                    "activation": "tanh",
                    "use_batchnorm": true,
                    "do_linesearch": true,
                    "n_layers": 1,
                    "hidden_dim": 51,
                    "l2_cls": 0.00619459879661721,
                    "l2_ghat": 1.6290544881852184e-05,
                    "boost_lr": 0.9175169012485471,
                    "SWIM_scale": 0.9728109209998355
                },
                {
                    "in_dim": 51,
                    "n_classes": 6,
                    "feature_type": "SWIM",
                    "upscale_type": "identity",
                    "randfeat_xt_dim": 512,
                    "randfeat_x0_dim": 512,
                    "activation": "tanh",
                    "use_batchnorm": true,
                    "do_linesearch": true,
                    "n_layers": 4,
                    "hidden_dim": 51,
                    "l2_cls": 0.02901355822527708,
                    "l2_ghat": 0.00011892662079734268,
                    "boost_lr": 0.2503865787713008,
                    "SWIM_scale": 1.1089656803694066
                },
                {
                    "in_dim": 51,
                    "n_classes": 6,
                    "feature_type": "SWIM",
                    "upscale_type": "identity",
                    "randfeat_xt_dim": 512,
                    "randfeat_x0_dim": 512,
                    "activation": "tanh",
                    "use_batchnorm": true,
                    "do_linesearch": true,
                    "n_layers": 6,
                    "hidden_dim": 51,
                    "l2_cls": 0.0277510394733964,
                    "l2_ghat": 0.0032511527975283196,
                    "boost_lr": 0.10675450140229417,
                    "SWIM_scale": 1.8029592636117213
                },
                {
                    "in_dim": 51,
                    "n_classes": 6,
                    "feature_type": "SWIM",
                    "upscale_type": "identity",
                    "randfeat_xt_dim": 512,
                    "randfeat_x0_dim": 512,
                    "activation": "tanh",
                    "use_batchnorm": true,
                    "do_linesearch": true,
                    "n_layers": 1,
                    "hidden_dim": 51,
                    "l2_cls": 0.007009840697914397,
                    "l2_ghat": 1.8250598066970937e-05,
                    "boost_lr": 0.380951034900242,
                    "SWIM_scale": 1.4995756663230526
                }
            ]
        }
    }
}