{
    "40966": {
        "RFRBoost_upscaleiid_batchnormFalse": {
            "score_train": [
                -1.0,
                -1.0,
                -1.0,
                -1.0,
                -1.0
            ],
            "score_test": [
                -0.9953703880310059,
                -0.9953703880310059,
                -1.0,
                -1.0,
                -1.0
            ],
            "t_fit": [
                5.018837124109268,
                4.859638407826424,
                3.9193321466445923,
                0.5255046933889389,
                2.1234478503465652
            ],
            "t_inference": [
                0.25543755292892456,
                0.31668928265571594,
                0.3258073329925537,
                0.03830064833164215,
                0.12179453670978546
            ],
            "hyperparams": [
                {
                    "in_dim": 77,
                    "n_classes": 8,
                    "feature_type": "SWIM",
                    "upscale_type": "iid",
                    "randfeat_xt_dim": 512,
                    "randfeat_x0_dim": 512,
                    "activation": "tanh",
                    "use_batchnorm": false,
                    "do_linesearch": true,
                    "n_layers": 3,
                    "hidden_dim": 390,
                    "l2_cls": 3.395900933162749e-05,
                    "l2_ghat": 0.0001499329805509155,
                    "boost_lr": 0.110975545611031,
                    "SWIM_scale": 0.8193280788357126
                },
                {
                    "in_dim": 77,
                    "n_classes": 8,
                    "feature_type": "SWIM",
                    "upscale_type": "iid",
                    "randfeat_xt_dim": 512,
                    "randfeat_x0_dim": 512,
                    "activation": "tanh",
                    "use_batchnorm": false,
                    "do_linesearch": true,
                    "n_layers": 7,
                    "hidden_dim": 177,
                    "l2_cls": 0.0008121306290492626,
                    "l2_ghat": 0.0009937938985814837,
                    "boost_lr": 0.10586341852221208,
                    "SWIM_scale": 0.9226670509837213
                },
                {
                    "in_dim": 77,
                    "n_classes": 8,
                    "feature_type": "SWIM",
                    "upscale_type": "iid",
                    "randfeat_xt_dim": 512,
                    "randfeat_x0_dim": 512,
                    "activation": "tanh",
                    "use_batchnorm": false,
                    "do_linesearch": true,
                    "n_layers": 4,
                    "hidden_dim": 485,
                    "l2_cls": 0.0033904743411641227,
                    "l2_ghat": 2.76495572514496e-05,
                    "boost_lr": 0.6441462570894019,
                    "SWIM_scale": 0.44282980392476484
                },
                {
                    "in_dim": 77,
                    "n_classes": 8,
                    "feature_type": "SWIM",
                    "upscale_type": "iid",
                    "randfeat_xt_dim": 512,
                    "randfeat_x0_dim": 512,
                    "activation": "tanh",
                    "use_batchnorm": false,
                    "do_linesearch": true,
                    "n_layers": 2,
                    "hidden_dim": 43,
                    "l2_cls": 0.046894009635376835,
                    "l2_ghat": 6.870101665590028e-05,
                    "boost_lr": 0.19594972058679164,
                    "SWIM_scale": 0.8911332257639605
                },
                {
                    "in_dim": 77,
                    "n_classes": 8,
                    "feature_type": "SWIM",
                    "upscale_type": "iid",
                    "randfeat_xt_dim": 512,
                    "randfeat_x0_dim": 512,
                    "activation": "tanh",
                    "use_batchnorm": false,
                    "do_linesearch": true,
                    "n_layers": 6,
                    "hidden_dim": 33,
                    "l2_cls": 0.00012329623163659834,
                    "l2_ghat": 0.00012601639723276795,
                    "boost_lr": 0.20148477884158655,
                    "SWIM_scale": 1.168323755356416
                }
            ]
        }
    }
}