{
    "22": {
        "RFRBoost_upscaleiid_linesearchFalse_batchnormFalse": {
            "score_train": [
                -0.8956249952316284,
                -0.8924999833106995,
                -0.8987500071525574,
                -0.8893749713897705,
                -0.8981249928474426
            ],
            "score_test": [
                -0.8374999761581421,
                -0.8500000238418579,
                -0.8424999713897705,
                -0.8299999833106995,
                -0.8299999833106995
            ],
            "t_fit": [
                1.4239367470145226,
                2.8126749619841576,
                1.7823035530745983,
                2.279739711433649,
                1.818280179053545
            ],
            "t_inference": [
                0.18341754004359245,
                0.48601338639855385,
                0.21371357887983322,
                0.26858842372894287,
                0.18343790620565414
            ],
            "hyperparams": [
                {
                    "in_dim": 47,
                    "n_classes": 10,
                    "feature_type": "SWIM",
                    "upscale_type": "iid",
                    "randfeat_xt_dim": 512,
                    "randfeat_x0_dim": 512,
                    "activation": "tanh",
                    "use_batchnorm": false,
                    "do_linesearch": false,
                    "n_layers": 6,
                    "hidden_dim": 102,
                    "l2_cls": 0.16379477964718256,
                    "l2_ghat": 0.00013728253366761066,
                    "boost_lr": 0.7867706342718791,
                    "SWIM_scale": 0.5644550155086326
                },
                {
                    "in_dim": 47,
                    "n_classes": 10,
                    "feature_type": "SWIM",
                    "upscale_type": "iid",
                    "randfeat_xt_dim": 512,
                    "randfeat_x0_dim": 512,
                    "activation": "tanh",
                    "use_batchnorm": false,
                    "do_linesearch": false,
                    "n_layers": 8,
                    "hidden_dim": 354,
                    "l2_cls": 0.06725014754695689,
                    "l2_ghat": 0.016913175583527725,
                    "boost_lr": 0.8569425386070493,
                    "SWIM_scale": 1.1930783431437033
                },
                {
                    "in_dim": 47,
                    "n_classes": 10,
                    "feature_type": "SWIM",
                    "upscale_type": "iid",
                    "randfeat_xt_dim": 512,
                    "randfeat_x0_dim": 512,
                    "activation": "tanh",
                    "use_batchnorm": false,
                    "do_linesearch": false,
                    "n_layers": 7,
                    "hidden_dim": 116,
                    "l2_cls": 0.020164441858724867,
                    "l2_ghat": 0.004005064814066504,
                    "boost_lr": 0.5402227382205581,
                    "SWIM_scale": 0.8469048418369448
                },
                {
                    "in_dim": 47,
                    "n_classes": 10,
                    "feature_type": "SWIM",
                    "upscale_type": "iid",
                    "randfeat_xt_dim": 512,
                    "randfeat_x0_dim": 512,
                    "activation": "tanh",
                    "use_batchnorm": false,
                    "do_linesearch": false,
                    "n_layers": 9,
                    "hidden_dim": 103,
                    "l2_cls": 0.017643591357185136,
                    "l2_ghat": 0.00017595843738970338,
                    "boost_lr": 0.27245343597276955,
                    "SWIM_scale": 0.42901695740547124
                },
                {
                    "in_dim": 47,
                    "n_classes": 10,
                    "feature_type": "SWIM",
                    "upscale_type": "iid",
                    "randfeat_xt_dim": 512,
                    "randfeat_x0_dim": 512,
                    "activation": "tanh",
                    "use_batchnorm": false,
                    "do_linesearch": false,
                    "n_layers": 10,
                    "hidden_dim": 28,
                    "l2_cls": 0.09848066517755684,
                    "l2_ghat": 0.003657309497616858,
                    "boost_lr": 0.44121046173894785,
                    "SWIM_scale": 1.2257205916679415
                }
            ]
        }
    }
}