{
    "50": {
        "RFRBoost_upscaleiid_linesearchFalse": {
            "score_train": [
                -0.9921671152114868,
                -0.9921671152114868,
                -1.0,
                -1.0,
                -1.0
            ],
            "score_test": [
                -0.9739583134651184,
                -0.96875,
                -1.0,
                -0.9947643876075745,
                -0.9895287752151489
            ],
            "t_fit": [
                0.4322035349905491,
                0.9330095686018467,
                1.9186854809522629,
                1.0535539500415325,
                1.5352596938610077
            ],
            "t_inference": [
                0.04532797634601593,
                0.1083192341029644,
                0.11711961403489113,
                0.09847816824913025,
                0.10714322701096535
            ],
            "hyperparams": [
                {
                    "in_dim": 27,
                    "n_classes": 2,
                    "feature_type": "SWIM",
                    "upscale_type": "iid",
                    "randfeat_xt_dim": 512,
                    "randfeat_x0_dim": 512,
                    "activation": "tanh",
                    "use_batchnorm": true,
                    "do_linesearch": false,
                    "n_layers": 3,
                    "hidden_dim": 111,
                    "l2_cls": 0.04621849953029235,
                    "l2_ghat": 0.0001681703662466387,
                    "boost_lr": 0.19040938627669957,
                    "SWIM_scale": 0.7661252602181795
                },
                {
                    "in_dim": 27,
                    "n_classes": 2,
                    "feature_type": "SWIM",
                    "upscale_type": "iid",
                    "randfeat_xt_dim": 512,
                    "randfeat_x0_dim": 512,
                    "activation": "tanh",
                    "use_batchnorm": true,
                    "do_linesearch": false,
                    "n_layers": 6,
                    "hidden_dim": 185,
                    "l2_cls": 0.01176166210682908,
                    "l2_ghat": 0.002705903315472321,
                    "boost_lr": 0.16614227360353165,
                    "SWIM_scale": 0.8268800724209535
                },
                {
                    "in_dim": 27,
                    "n_classes": 2,
                    "feature_type": "SWIM",
                    "upscale_type": "iid",
                    "randfeat_xt_dim": 512,
                    "randfeat_x0_dim": 512,
                    "activation": "tanh",
                    "use_batchnorm": true,
                    "do_linesearch": false,
                    "n_layers": 7,
                    "hidden_dim": 129,
                    "l2_cls": 1.2872699602525017e-05,
                    "l2_ghat": 0.0008123019592628794,
                    "boost_lr": 0.18004636052437012,
                    "SWIM_scale": 1.349155689457798
                },
                {
                    "in_dim": 27,
                    "n_classes": 2,
                    "feature_type": "SWIM",
                    "upscale_type": "iid",
                    "randfeat_xt_dim": 512,
                    "randfeat_x0_dim": 512,
                    "activation": "tanh",
                    "use_batchnorm": true,
                    "do_linesearch": false,
                    "n_layers": 8,
                    "hidden_dim": 93,
                    "l2_cls": 0.0008654933535900597,
                    "l2_ghat": 3.3669473351771705e-05,
                    "boost_lr": 0.8009787191627175,
                    "SWIM_scale": 0.7454234892208358
                },
                {
                    "in_dim": 27,
                    "n_classes": 2,
                    "feature_type": "SWIM",
                    "upscale_type": "iid",
                    "randfeat_xt_dim": 512,
                    "randfeat_x0_dim": 512,
                    "activation": "tanh",
                    "use_batchnorm": true,
                    "do_linesearch": false,
                    "n_layers": 10,
                    "hidden_dim": 64,
                    "l2_cls": 8.530173626903926e-05,
                    "l2_ghat": 1.1619496080346376e-05,
                    "boost_lr": 0.5976726370820791,
                    "SWIM_scale": 0.6754930222288127
                }
            ]
        }
    }
}