{
    "40668": {
        "RFRBoost_upscaleiid_linesearchFalse_batchnormFalse": {
            "score_train": [
                -0.847000002861023,
                -0.8802499771118164,
                -0.8347499966621399,
                -0.812749981880188,
                -0.8174999952316284
            ],
            "score_test": [
                -0.7900000214576721,
                -0.765999972820282,
                -0.7580000162124634,
                -0.7870000004768372,
                -0.7590000033378601
            ],
            "t_fit": [
                2.077549956738949,
                6.95159275457263,
                9.435964234173298,
                0.6708156280219555,
                1.4319769479334354
            ],
            "t_inference": [
                0.2229045294225216,
                0.8816589117050171,
                1.5216610170900822,
                0.10950452834367752,
                0.3413879834115505
            ],
            "hyperparams": [
                {
                    "in_dim": 126,
                    "n_classes": 3,
                    "feature_type": "SWIM",
                    "upscale_type": "iid",
                    "randfeat_xt_dim": 512,
                    "randfeat_x0_dim": 512,
                    "activation": "tanh",
                    "use_batchnorm": false,
                    "do_linesearch": false,
                    "n_layers": 2,
                    "hidden_dim": 162,
                    "l2_cls": 0.0004232179809644921,
                    "l2_ghat": 0.005312881255520454,
                    "boost_lr": 0.2799811350321604,
                    "SWIM_scale": 1.9932394547869037
                },
                {
                    "in_dim": 126,
                    "n_classes": 3,
                    "feature_type": "SWIM",
                    "upscale_type": "iid",
                    "randfeat_xt_dim": 512,
                    "randfeat_x0_dim": 512,
                    "activation": "tanh",
                    "use_batchnorm": false,
                    "do_linesearch": false,
                    "n_layers": 4,
                    "hidden_dim": 508,
                    "l2_cls": 0.0007156007013422678,
                    "l2_ghat": 0.004953594533283797,
                    "boost_lr": 0.2845038441057415,
                    "SWIM_scale": 1.8401592042344996
                },
                {
                    "in_dim": 126,
                    "n_classes": 3,
                    "feature_type": "SWIM",
                    "upscale_type": "iid",
                    "randfeat_xt_dim": 512,
                    "randfeat_x0_dim": 512,
                    "activation": "tanh",
                    "use_batchnorm": false,
                    "do_linesearch": false,
                    "n_layers": 8,
                    "hidden_dim": 319,
                    "l2_cls": 0.0015388106111160645,
                    "l2_ghat": 0.027567291669892306,
                    "boost_lr": 0.34954229223856775,
                    "SWIM_scale": 1.8207745592613276
                },
                {
                    "in_dim": 126,
                    "n_classes": 3,
                    "feature_type": "SWIM",
                    "upscale_type": "iid",
                    "randfeat_xt_dim": 512,
                    "randfeat_x0_dim": 512,
                    "activation": "tanh",
                    "use_batchnorm": false,
                    "do_linesearch": false,
                    "n_layers": 1,
                    "hidden_dim": 153,
                    "l2_cls": 0.00419039305942803,
                    "l2_ghat": 0.0005735877921892139,
                    "boost_lr": 0.6034885268074488,
                    "SWIM_scale": 1.3947015193163115
                },
                {
                    "in_dim": 126,
                    "n_classes": 3,
                    "feature_type": "SWIM",
                    "upscale_type": "iid",
                    "randfeat_xt_dim": 512,
                    "randfeat_x0_dim": 512,
                    "activation": "tanh",
                    "use_batchnorm": false,
                    "do_linesearch": false,
                    "n_layers": 2,
                    "hidden_dim": 323,
                    "l2_cls": 0.007835609457039025,
                    "l2_ghat": 0.0017635290273710041,
                    "boost_lr": 0.32199961972482,
                    "SWIM_scale": 1.8624711095285813
                }
            ]
        }
    }
}