{
    "6332": {
        "RFRBoost_upscaleiid": {
            "score_train": [
                -1.0,
                -1.0,
                -1.0,
                -1.0,
                -1.0
            ],
            "score_test": [
                -0.7685185074806213,
                -0.75,
                -0.7592592835426331,
                -0.7870370149612427,
                -0.8148148059844971
            ],
            "t_fit": [
                2.0333184599876404,
                1.8383152782917023,
                0.8573910742998123,
                1.851895734667778,
                0.9020089209079742
            ],
            "t_inference": [
                0.22254328429698944,
                0.1524164378643036,
                0.04858182370662689,
                0.1383984461426735,
                0.09299961477518082
            ],
            "hyperparams": [
                {
                    "in_dim": 173,
                    "n_classes": 2,
                    "feature_type": "SWIM",
                    "upscale_type": "iid",
                    "randfeat_xt_dim": 512,
                    "randfeat_x0_dim": 512,
                    "activation": "tanh",
                    "use_batchnorm": true,
                    "do_linesearch": true,
                    "n_layers": 7,
                    "hidden_dim": 511,
                    "l2_cls": 0.003099088427318122,
                    "l2_ghat": 0.0219769164403021,
                    "boost_lr": 0.12243995121925358,
                    "SWIM_scale": 1.7594189151500876
                },
                {
                    "in_dim": 173,
                    "n_classes": 2,
                    "feature_type": "SWIM",
                    "upscale_type": "iid",
                    "randfeat_xt_dim": 512,
                    "randfeat_x0_dim": 512,
                    "activation": "tanh",
                    "use_batchnorm": true,
                    "do_linesearch": true,
                    "n_layers": 7,
                    "hidden_dim": 476,
                    "l2_cls": 0.0014646888633048155,
                    "l2_ghat": 0.0019501229506366526,
                    "boost_lr": 0.11317212035078265,
                    "SWIM_scale": 1.7480783257423411
                },
                {
                    "in_dim": 173,
                    "n_classes": 2,
                    "feature_type": "SWIM",
                    "upscale_type": "iid",
                    "randfeat_xt_dim": 512,
                    "randfeat_x0_dim": 512,
                    "activation": "tanh",
                    "use_batchnorm": true,
                    "do_linesearch": true,
                    "n_layers": 7,
                    "hidden_dim": 52,
                    "l2_cls": 0.18008373622258358,
                    "l2_ghat": 0.002853582805132279,
                    "boost_lr": 0.22116856389429063,
                    "SWIM_scale": 1.478409049878479
                },
                {
                    "in_dim": 173,
                    "n_classes": 2,
                    "feature_type": "SWIM",
                    "upscale_type": "iid",
                    "randfeat_xt_dim": 512,
                    "randfeat_x0_dim": 512,
                    "activation": "tanh",
                    "use_batchnorm": true,
                    "do_linesearch": true,
                    "n_layers": 7,
                    "hidden_dim": 298,
                    "l2_cls": 0.0004807885436397292,
                    "l2_ghat": 0.008288911574280168,
                    "boost_lr": 0.15991000883795134,
                    "SWIM_scale": 1.7365889350433716
                },
                {
                    "in_dim": 173,
                    "n_classes": 2,
                    "feature_type": "SWIM",
                    "upscale_type": "iid",
                    "randfeat_xt_dim": 512,
                    "randfeat_x0_dim": 512,
                    "activation": "tanh",
                    "use_batchnorm": true,
                    "do_linesearch": true,
                    "n_layers": 5,
                    "hidden_dim": 377,
                    "l2_cls": 0.02956397267954598,
                    "l2_ghat": 0.008542423105873203,
                    "boost_lr": 0.14039302813395643,
                    "SWIM_scale": 1.7469853864326679
                }
            ]
        }
    }
}