{
    "23517": {
        "RFRBoost_upscaleiid_linesearchFalse": {
            "score_train": [
                -0.550000011920929,
                -0.5397499799728394,
                -0.5697500109672546,
                -0.5727499723434448,
                -0.5722500085830688
            ],
            "score_test": [
                -0.5049999952316284,
                -0.5090000033378601,
                -0.49900001287460327,
                -0.5189999938011169,
                -0.4959999918937683
            ],
            "t_fit": [
                3.9957945868372917,
                5.753078483045101,
                0.6331757754087448,
                4.413818519562483,
                3.2916630022227764
            ],
            "t_inference": [
                0.5119879767298698,
                1.8096919916570187,
                0.14831388741731644,
                1.1758121736347675,
                0.4727460481226444
            ],
            "hyperparams": [
                {
                    "in_dim": 21,
                    "n_classes": 2,
                    "feature_type": "SWIM",
                    "upscale_type": "iid",
                    "randfeat_xt_dim": 512,
                    "randfeat_x0_dim": 512,
                    "activation": "tanh",
                    "use_batchnorm": true,
                    "do_linesearch": false,
                    "n_layers": 10,
                    "hidden_dim": 40,
                    "l2_cls": 0.0007936671935397723,
                    "l2_ghat": 4.204165681517903,
                    "boost_lr": 0.17521926964625748,
                    "SWIM_scale": 1.5115425778565843
                },
                {
                    "in_dim": 21,
                    "n_classes": 2,
                    "feature_type": "SWIM",
                    "upscale_type": "iid",
                    "randfeat_xt_dim": 512,
                    "randfeat_x0_dim": 512,
                    "activation": "tanh",
                    "use_batchnorm": true,
                    "do_linesearch": false,
                    "n_layers": 9,
                    "hidden_dim": 279,
                    "l2_cls": 0.1446631309878704,
                    "l2_ghat": 1.6840458816467143,
                    "boost_lr": 0.13321787076418923,
                    "SWIM_scale": 0.7105333871052706
                },
                {
                    "in_dim": 21,
                    "n_classes": 2,
                    "feature_type": "SWIM",
                    "upscale_type": "iid",
                    "randfeat_xt_dim": 512,
                    "randfeat_x0_dim": 512,
                    "activation": "tanh",
                    "use_batchnorm": true,
                    "do_linesearch": false,
                    "n_layers": 1,
                    "hidden_dim": 328,
                    "l2_cls": 0.04804810962041486,
                    "l2_ghat": 0.004458396223426938,
                    "boost_lr": 0.15918882901283368,
                    "SWIM_scale": 1.8311405783089156
                },
                {
                    "in_dim": 21,
                    "n_classes": 2,
                    "feature_type": "SWIM",
                    "upscale_type": "iid",
                    "randfeat_xt_dim": 512,
                    "randfeat_x0_dim": 512,
                    "activation": "tanh",
                    "use_batchnorm": true,
                    "do_linesearch": false,
                    "n_layers": 6,
                    "hidden_dim": 445,
                    "l2_cls": 0.02817512773009297,
                    "l2_ghat": 0.19824672376601885,
                    "boost_lr": 0.16762259169726326,
                    "SWIM_scale": 1.4651759779456461
                },
                {
                    "in_dim": 21,
                    "n_classes": 2,
                    "feature_type": "SWIM",
                    "upscale_type": "iid",
                    "randfeat_xt_dim": 512,
                    "randfeat_x0_dim": 512,
                    "activation": "tanh",
                    "use_batchnorm": true,
                    "do_linesearch": false,
                    "n_layers": 7,
                    "hidden_dim": 91,
                    "l2_cls": 1.6836445622735255e-05,
                    "l2_ghat": 0.06349083224448228,
                    "boost_lr": 0.8835644548381333,
                    "SWIM_scale": 0.4459880577412385
                }
            ]
        }
    }
}