{
    "4538": {
        "RFRBoost": {
            "score_train": [
                -0.8385000228881836,
                -0.8989999890327454,
                -0.893750011920929,
                -0.7442499995231628,
                -0.7789999842643738
            ],
            "score_test": [
                -0.5730000138282776,
                -0.5640000104904175,
                -0.5630000233650208,
                -0.5410000085830688,
                -0.5329999923706055
            ],
            "t_fit": [
                9.371794894337654,
                9.422872353345156,
                14.88950840383768,
                5.574857827275991,
                11.67672198265791
            ],
            "t_inference": [
                0.9376127533614635,
                1.3073957599699497,
                1.8194979168474674,
                0.6524626053869724,
                1.6932188533246517
            ],
            "hyperparams": [
                {
                    "in_dim": 32,
                    "n_classes": 5,
                    "feature_type": "SWIM",
                    "upscale_type": "SWIM",
                    "randfeat_xt_dim": 512,
                    "randfeat_x0_dim": 512,
                    "activation": "tanh",
                    "use_batchnorm": true,
                    "do_linesearch": true,
                    "n_layers": 9,
                    "hidden_dim": 224,
                    "l2_cls": 0.0024220742823151523,
                    "l2_ghat": 0.00048147528369270055,
                    "boost_lr": 0.17975814648432678,
                    "SWIM_scale": 0.8332262754053866
                },
                {
                    "in_dim": 32,
                    "n_classes": 5,
                    "feature_type": "SWIM",
                    "upscale_type": "SWIM",
                    "randfeat_xt_dim": 512,
                    "randfeat_x0_dim": 512,
                    "activation": "tanh",
                    "use_batchnorm": true,
                    "do_linesearch": true,
                    "n_layers": 10,
                    "hidden_dim": 323,
                    "l2_cls": 0.0032987483286272745,
                    "l2_ghat": 0.00014607897439471764,
                    "boost_lr": 0.1165740714667993,
                    "SWIM_scale": 1.9466546849060067
                },
                {
                    "in_dim": 32,
                    "n_classes": 5,
                    "feature_type": "SWIM",
                    "upscale_type": "SWIM",
                    "randfeat_xt_dim": 512,
                    "randfeat_x0_dim": 512,
                    "activation": "tanh",
                    "use_batchnorm": true,
                    "do_linesearch": true,
                    "n_layers": 10,
                    "hidden_dim": 465,
                    "l2_cls": 0.001602277394594407,
                    "l2_ghat": 0.00014596325378173942,
                    "boost_lr": 0.3203709758873412,
                    "SWIM_scale": 0.7205384546159445
                },
                {
                    "in_dim": 32,
                    "n_classes": 5,
                    "feature_type": "SWIM",
                    "upscale_type": "SWIM",
                    "randfeat_xt_dim": 512,
                    "randfeat_x0_dim": 512,
                    "activation": "tanh",
                    "use_batchnorm": true,
                    "do_linesearch": true,
                    "n_layers": 4,
                    "hidden_dim": 387,
                    "l2_cls": 0.006860989348970178,
                    "l2_ghat": 0.019189786864259505,
                    "boost_lr": 0.28159904494655474,
                    "SWIM_scale": 1.1446285669839484
                },
                {
                    "in_dim": 32,
                    "n_classes": 5,
                    "feature_type": "SWIM",
                    "upscale_type": "SWIM",
                    "randfeat_xt_dim": 512,
                    "randfeat_x0_dim": 512,
                    "activation": "tanh",
                    "use_batchnorm": true,
                    "do_linesearch": true,
                    "n_layers": 9,
                    "hidden_dim": 479,
                    "l2_cls": 0.012221324721041637,
                    "l2_ghat": 0.028288516855553617,
                    "boost_lr": 0.19179520933502028,
                    "SWIM_scale": 1.0847687305359157
                }
            ]
        }
    }
}