{
    "44975": {
        "GRFRBoostedXGBoostRegressor": {
            "score_train": [
                0.015303460881114006,
                0.01744118332862854,
                0.01814936101436615,
                0.007551427464932203,
                0.011560612358152866
            ],
            "score_test": [
                0.03918593004345894,
                0.046394627541303635,
                0.0374094694852829,
                0.03700711950659752,
                0.036999188363552094
            ],
            "t_fit": [
                2.9899193309247494,
                2.536038227379322,
                2.804506655782461,
                8.310594525188208,
                6.6032133512198925
            ],
            "t_inference": [
                0.21791430562734604,
                0.07971560209989548,
                0.14858591929078102,
                0.4212949275970459,
                0.3380793631076813
            ],
            "hyperparams": [
                {
                    "in_dim": 48,
                    "out_dim": 1,
                    "upscale_type": "identity",
                    "feature_type": "SWIM",
                    "randfeat_xt_dim": 512,
                    "randfeat_x0_dim": 0,
                    "activation": "tanh",
                    "n_layers": 1,
                    "boost_lr": 1.0,
                    "return_features": true,
                    "use_batchnorm": false,
                    "objective": "reg:squarederror",
                    "l2_reg": 9.981376621248469,
                    "l2_ghat": 0.00032761165611103936,
                    "alpha": 2.069480839307063e-05,
                    "lambda": 0.003568632689329817,
                    "learning_rate": 0.04433217282152743,
                    "n_estimators": 1562,
                    "max_depth": 3,
                    "subsample": 0.8613467030664254,
                    "colsample_bytree": 0.32148798195517125
                },
                {
                    "in_dim": 48,
                    "out_dim": 1,
                    "upscale_type": "identity",
                    "feature_type": "SWIM",
                    "randfeat_xt_dim": 512,
                    "randfeat_x0_dim": 0,
                    "activation": "tanh",
                    "n_layers": 1,
                    "boost_lr": 1.0,
                    "return_features": true,
                    "use_batchnorm": false,
                    "objective": "reg:squarederror",
                    "l2_reg": 9.921616794385129,
                    "l2_ghat": 9.627979071178404e-05,
                    "alpha": 1.7673442842122837e-05,
                    "lambda": 0.006538387072542725,
                    "learning_rate": 0.024009716368202382,
                    "n_estimators": 265,
                    "max_depth": 6,
                    "subsample": 0.7751183342120771,
                    "colsample_bytree": 0.47657795214529186
                },
                {
                    "in_dim": 48,
                    "out_dim": 1,
                    "upscale_type": "identity",
                    "feature_type": "SWIM",
                    "randfeat_xt_dim": 512,
                    "randfeat_x0_dim": 0,
                    "activation": "tanh",
                    "n_layers": 1,
                    "boost_lr": 1.0,
                    "return_features": true,
                    "use_batchnorm": false,
                    "objective": "reg:squarederror",
                    "l2_reg": 9.910761039335904,
                    "l2_ghat": 0.0017359800017908594,
                    "alpha": 1.8569349533322697e-05,
                    "lambda": 0.004306792142369755,
                    "learning_rate": 0.032344509411716064,
                    "n_estimators": 722,
                    "max_depth": 4,
                    "subsample": 0.7797117129632047,
                    "colsample_bytree": 0.361657373551836
                },
                {
                    "in_dim": 48,
                    "out_dim": 1,
                    "upscale_type": "identity",
                    "feature_type": "SWIM",
                    "randfeat_xt_dim": 512,
                    "randfeat_x0_dim": 0,
                    "activation": "tanh",
                    "n_layers": 1,
                    "boost_lr": 1.0,
                    "return_features": true,
                    "use_batchnorm": false,
                    "objective": "reg:squarederror",
                    "l2_reg": 9.969230763515613,
                    "l2_ghat": 0.0008483047677664228,
                    "alpha": 1.2953355888570446e-05,
                    "lambda": 0.007204990339076712,
                    "learning_rate": 0.02739532420523355,
                    "n_estimators": 609,
                    "max_depth": 6,
                    "subsample": 0.7924901899166513,
                    "colsample_bytree": 0.3686393428387008
                },
                {
                    "in_dim": 48,
                    "out_dim": 1,
                    "upscale_type": "identity",
                    "feature_type": "SWIM",
                    "randfeat_xt_dim": 512,
                    "randfeat_x0_dim": 0,
                    "activation": "tanh",
                    "n_layers": 1,
                    "boost_lr": 1.0,
                    "return_features": true,
                    "use_batchnorm": false,
                    "objective": "reg:squarederror",
                    "l2_reg": 9.817542066863027,
                    "l2_ghat": 0.0008474190645630029,
                    "alpha": 7.845448347320187e-05,
                    "lambda": 0.018281178974838518,
                    "learning_rate": 0.05119598579662116,
                    "n_estimators": 1823,
                    "max_depth": 3,
                    "subsample": 0.837854279125831,
                    "colsample_bytree": 0.6301716145430748
                }
            ]
        }
    }
}