{
    "44962": {
        "GradientRFRBoost": {
            "score_train": [
                0.4537704586982727,
                0.45147427916526794,
                0.43329185247421265,
                0.41704750061035156,
                0.4479137659072876
            ],
            "score_test": [
                0.3771149814128876,
                0.41028711199760437,
                0.4774073660373688,
                0.5489339828491211,
                0.4433974623680115
            ],
            "t_fit": [
                0.5078146159648895,
                0.7449179384857416,
                1.0035447664558887,
                0.09554276429116726,
                0.3651925399899483
            ],
            "t_inference": [
                0.06946862861514091,
                0.050182051956653595,
                0.1050206907093525,
                0.006578948348760605,
                0.0281927902251482
            ],
            "hyperparams": [
                {
                    "in_dim": 29,
                    "out_dim": 1,
                    "feature_type": "SWIM",
                    "upscale_type": "iid",
                    "randfeat_xt_dim": 512,
                    "randfeat_x0_dim": 512,
                    "activation": "tanh",
                    "n_layers": 7,
                    "hidden_dim": 294,
                    "l2_reg": 8.932335722320495,
                    "l2_ghat": 5.35181752338023,
                    "boost_lr": 0.9,
                    "SWIM_scale": 0.6710282341838485
                },
                {
                    "in_dim": 29,
                    "out_dim": 1,
                    "feature_type": "SWIM",
                    "upscale_type": "iid",
                    "randfeat_xt_dim": 512,
                    "randfeat_x0_dim": 512,
                    "activation": "tanh",
                    "n_layers": 14,
                    "hidden_dim": 20,
                    "l2_reg": 8.49081506677127,
                    "l2_ghat": 6.620905431517254,
                    "boost_lr": 0.7,
                    "SWIM_scale": 0.42476116895782584
                },
                {
                    "in_dim": 29,
                    "out_dim": 1,
                    "feature_type": "SWIM",
                    "upscale_type": "iid",
                    "randfeat_xt_dim": 512,
                    "randfeat_x0_dim": 512,
                    "activation": "tanh",
                    "n_layers": 15,
                    "hidden_dim": 133,
                    "l2_reg": 8.365651083768304,
                    "l2_ghat": 9.890192675402798,
                    "boost_lr": 0.5,
                    "SWIM_scale": 0.5725482229210304
                },
                {
                    "in_dim": 29,
                    "out_dim": 1,
                    "feature_type": "SWIM",
                    "upscale_type": "iid",
                    "randfeat_xt_dim": 512,
                    "randfeat_x0_dim": 512,
                    "activation": "tanh",
                    "n_layers": 2,
                    "hidden_dim": 16,
                    "l2_reg": 9.433223848379573,
                    "l2_ghat": 4.928107186481004,
                    "boost_lr": 0.6,
                    "SWIM_scale": 0.9371697404250978
                },
                {
                    "in_dim": 29,
                    "out_dim": 1,
                    "feature_type": "SWIM",
                    "upscale_type": "iid",
                    "randfeat_xt_dim": 512,
                    "randfeat_x0_dim": 512,
                    "activation": "tanh",
                    "n_layers": 7,
                    "hidden_dim": 22,
                    "l2_reg": 9.868684702873617,
                    "l2_ghat": 5.92209506427624,
                    "boost_lr": 0.5,
                    "SWIM_scale": 0.2850322020722376
                }
            ]
        }
    }
}