{
    "44970": {
        "GreedyRFRBoostDiag": {
            "score_train": [
                0.5510090589523315,
                0.5773326754570007,
                0.5750913023948669,
                0.5487666130065918,
                0.5734504461288452
            ],
            "score_test": [
                0.6781558990478516,
                0.602854311466217,
                0.5844147205352783,
                0.5677431225776672,
                0.6365857124328613
            ],
            "t_fit": [
                0.016387492418289185,
                0.09844497963786125,
                0.09271708503365517,
                0.45370207354426384,
                0.3044613301753998
            ],
            "t_inference": [
                0.004857666790485382,
                0.02727760747075081,
                0.025111373513936996,
                0.1315709538757801,
                0.08565997332334518
            ],
            "hyperparams": [
                {
                    "in_dim": 6,
                    "out_dim": 1,
                    "feature_type": "SWIM",
                    "upscale_type": "iid",
                    "randfeat_xt_dim": 512,
                    "randfeat_x0_dim": 512,
                    "sandwich_solver": "diag",
                    "activation": "tanh",
                    "n_layers": 1,
                    "hidden_dim": 213,
                    "l2_reg": 0.1245460105346045,
                    "l2_ghat": 1.7198860035710438e-06,
                    "boost_lr": 0.9,
                    "SWIM_scale": 1.0012748826784388
                },
                {
                    "in_dim": 6,
                    "out_dim": 1,
                    "feature_type": "SWIM",
                    "upscale_type": "iid",
                    "randfeat_xt_dim": 512,
                    "randfeat_x0_dim": 512,
                    "sandwich_solver": "diag",
                    "activation": "tanh",
                    "n_layers": 5,
                    "hidden_dim": 304,
                    "l2_reg": 0.13892948711092307,
                    "l2_ghat": 1.0428423513592329,
                    "boost_lr": 0.9,
                    "SWIM_scale": 0.7704661239237631
                },
                {
                    "in_dim": 6,
                    "out_dim": 1,
                    "feature_type": "SWIM",
                    "upscale_type": "iid",
                    "randfeat_xt_dim": 512,
                    "randfeat_x0_dim": 512,
                    "sandwich_solver": "diag",
                    "activation": "tanh",
                    "n_layers": 5,
                    "hidden_dim": 266,
                    "l2_reg": 0.11353002742024912,
                    "l2_ghat": 0.004599035769657295,
                    "boost_lr": 0.5,
                    "SWIM_scale": 1.869221180980506
                },
                {
                    "in_dim": 6,
                    "out_dim": 1,
                    "feature_type": "SWIM",
                    "upscale_type": "iid",
                    "randfeat_xt_dim": 512,
                    "randfeat_x0_dim": 512,
                    "sandwich_solver": "diag",
                    "activation": "tanh",
                    "n_layers": 13,
                    "hidden_dim": 426,
                    "l2_reg": 0.46882015412180905,
                    "l2_ghat": 8.404312927277809e-05,
                    "boost_lr": 0.5,
                    "SWIM_scale": 1.8276116186819833
                },
                {
                    "in_dim": 6,
                    "out_dim": 1,
                    "feature_type": "SWIM",
                    "upscale_type": "iid",
                    "randfeat_xt_dim": 512,
                    "randfeat_x0_dim": 512,
                    "sandwich_solver": "diag",
                    "activation": "tanh",
                    "n_layers": 9,
                    "hidden_dim": 427,
                    "l2_reg": 1.4991423474822212,
                    "l2_ghat": 3.91929897550254e-06,
                    "boost_lr": 0.8,
                    "SWIM_scale": 1.1049787632647168
                }
            ]
        }
    }
}