{
    "44969": {
        "GradientRFRBoost": {
            "score_train": [
                0.01269435789436102,
                0.01040265429764986,
                0.007749716751277447,
                0.010662063956260681,
                0.007645632605999708
            ],
            "score_test": [
                0.03447644039988518,
                0.03254837542772293,
                0.02133515290915966,
                0.039070505648851395,
                0.046519309282302856
            ],
            "t_fit": [
                3.949637744575739,
                0.9955126252025366,
                4.994977483525872,
                1.0535841882228851,
                1.3882781751453876
            ],
            "t_inference": [
                1.0092749241739511,
                0.23499754443764687,
                1.269817491993308,
                0.2948210220783949,
                0.344335800036788
            ],
            "hyperparams": [
                {
                    "in_dim": 14,
                    "out_dim": 1,
                    "feature_type": "SWIM",
                    "upscale_type": "iid",
                    "randfeat_xt_dim": 512,
                    "randfeat_x0_dim": 512,
                    "activation": "tanh",
                    "n_layers": 13,
                    "hidden_dim": 175,
                    "l2_reg": 0.29858107630882513,
                    "l2_ghat": 0.00014108335270443835,
                    "boost_lr": 1.0,
                    "SWIM_scale": 0.3098751429780402
                },
                {
                    "in_dim": 14,
                    "out_dim": 1,
                    "feature_type": "SWIM",
                    "upscale_type": "iid",
                    "randfeat_xt_dim": 512,
                    "randfeat_x0_dim": 512,
                    "activation": "tanh",
                    "n_layers": 4,
                    "hidden_dim": 119,
                    "l2_reg": 0.021304640783976588,
                    "l2_ghat": 5.1933232000319376e-06,
                    "boost_lr": 1.0,
                    "SWIM_scale": 0.25186180622832144
                },
                {
                    "in_dim": 14,
                    "out_dim": 1,
                    "feature_type": "SWIM",
                    "upscale_type": "iid",
                    "randfeat_xt_dim": 512,
                    "randfeat_x0_dim": 512,
                    "activation": "tanh",
                    "n_layers": 15,
                    "hidden_dim": 182,
                    "l2_reg": 0.14008326449732164,
                    "l2_ghat": 2.0619522408108353e-05,
                    "boost_lr": 0.8,
                    "SWIM_scale": 0.28245954651424054
                },
                {
                    "in_dim": 14,
                    "out_dim": 1,
                    "feature_type": "SWIM",
                    "upscale_type": "iid",
                    "randfeat_xt_dim": 512,
                    "randfeat_x0_dim": 512,
                    "activation": "tanh",
                    "n_layers": 3,
                    "hidden_dim": 244,
                    "l2_reg": 0.5719952005943756,
                    "l2_ghat": 9.32492539427775e-06,
                    "boost_lr": 1.0,
                    "SWIM_scale": 0.3245351573279951
                },
                {
                    "in_dim": 14,
                    "out_dim": 1,
                    "feature_type": "SWIM",
                    "upscale_type": "iid",
                    "randfeat_xt_dim": 512,
                    "randfeat_x0_dim": 512,
                    "activation": "tanh",
                    "n_layers": 5,
                    "hidden_dim": 149,
                    "l2_reg": 0.04328821906213864,
                    "l2_ghat": 1.4616642643002297e-05,
                    "boost_lr": 1.0,
                    "SWIM_scale": 0.39349831780013034
                }
            ]
        }
    }
}