{
    "45402": {
        "GreedyRFRBoostDiag": {
            "score_train": [
                0.4372493326663971,
                0.42198991775512695,
                0.4549218416213989,
                0.4530150592327118,
                0.42971116304397583
            ],
            "score_test": [
                0.5270125269889832,
                0.5308670997619629,
                0.46406686305999756,
                0.48972851037979126,
                0.4753358066082001
            ],
            "t_fit": [
                1.4736960977315903,
                1.277158260345459,
                1.3642527386546135,
                0.6871477216482162,
                1.1755861565470695
            ],
            "t_inference": [
                0.4986632540822029,
                0.4619443714618683,
                0.4609766900539398,
                0.23392843455076218,
                0.4230363890528679
            ],
            "hyperparams": [
                {
                    "in_dim": 6,
                    "out_dim": 1,
                    "feature_type": "SWIM",
                    "upscale_type": "iid",
                    "randfeat_xt_dim": 512,
                    "randfeat_x0_dim": 512,
                    "sandwich_solver": "diag",
                    "activation": "tanh",
                    "n_layers": 14,
                    "hidden_dim": 507,
                    "l2_reg": 0.0031592348582021065,
                    "l2_ghat": 0.0009254986717400871,
                    "boost_lr": 0.5,
                    "SWIM_scale": 1.8893584827185403
                },
                {
                    "in_dim": 6,
                    "out_dim": 1,
                    "feature_type": "SWIM",
                    "upscale_type": "iid",
                    "randfeat_xt_dim": 512,
                    "randfeat_x0_dim": 512,
                    "sandwich_solver": "diag",
                    "activation": "tanh",
                    "n_layers": 14,
                    "hidden_dim": 409,
                    "l2_reg": 0.00338035552628977,
                    "l2_ghat": 1.0179004947384935e-05,
                    "boost_lr": 0.8,
                    "SWIM_scale": 1.0800497542135197
                },
                {
                    "in_dim": 6,
                    "out_dim": 1,
                    "feature_type": "SWIM",
                    "upscale_type": "iid",
                    "randfeat_xt_dim": 512,
                    "randfeat_x0_dim": 512,
                    "sandwich_solver": "diag",
                    "activation": "tanh",
                    "n_layers": 13,
                    "hidden_dim": 464,
                    "l2_reg": 0.022750775031128073,
                    "l2_ghat": 0.00015933187041063517,
                    "boost_lr": 0.7,
                    "SWIM_scale": 1.8322492088590479
                },
                {
                    "in_dim": 6,
                    "out_dim": 1,
                    "feature_type": "SWIM",
                    "upscale_type": "iid",
                    "randfeat_xt_dim": 512,
                    "randfeat_x0_dim": 512,
                    "sandwich_solver": "diag",
                    "activation": "tanh",
                    "n_layers": 10,
                    "hidden_dim": 362,
                    "l2_reg": 0.009359042671610628,
                    "l2_ghat": 0.00014764674907555316,
                    "boost_lr": 0.5,
                    "SWIM_scale": 1.9985102077126382
                },
                {
                    "in_dim": 6,
                    "out_dim": 1,
                    "feature_type": "SWIM",
                    "upscale_type": "iid",
                    "randfeat_xt_dim": 512,
                    "randfeat_x0_dim": 512,
                    "sandwich_solver": "diag",
                    "activation": "tanh",
                    "n_layers": 14,
                    "hidden_dim": 459,
                    "l2_reg": 0.0016329505055269256,
                    "l2_ghat": 0.00027742019904539216,
                    "boost_lr": 0.5,
                    "SWIM_scale": 1.362678114000841
                }
            ]
        }
    }
}