{
    "44974": {
        "GreedyRFRBoostScalar": {
            "score_train": [
                0.20763152837753296,
                0.19010955095291138,
                0.19113416969776154,
                0.1978445053100586,
                0.19923095405101776
            ],
            "score_test": [
                0.23329845070838928,
                0.2437102198600769,
                0.23499271273612976,
                0.22903266549110413,
                0.22245648503303528
            ],
            "t_fit": [
                1.0022642835974693,
                1.067671187222004,
                0.8037207648158073,
                0.6674042977392673,
                0.778673879802227
            ],
            "t_inference": [
                0.42675964161753654,
                0.48504572734236717,
                0.3245020806789398,
                0.28558649867773056,
                0.3398725613951683
            ],
            "hyperparams": [
                {
                    "in_dim": 24,
                    "out_dim": 1,
                    "feature_type": "SWIM",
                    "upscale_type": "iid",
                    "randfeat_xt_dim": 512,
                    "randfeat_x0_dim": 512,
                    "sandwich_solver": "scalar",
                    "activation": "tanh",
                    "n_layers": 8,
                    "hidden_dim": 508,
                    "l2_reg": 0.001185475024623966,
                    "l2_ghat": 2.8394261032706744e-08,
                    "boost_lr": 0.9,
                    "SWIM_scale": 1.901476327944092
                },
                {
                    "in_dim": 24,
                    "out_dim": 1,
                    "feature_type": "SWIM",
                    "upscale_type": "iid",
                    "randfeat_xt_dim": 512,
                    "randfeat_x0_dim": 512,
                    "sandwich_solver": "scalar",
                    "activation": "tanh",
                    "n_layers": 8,
                    "hidden_dim": 511,
                    "l2_reg": 0.0002744862227231795,
                    "l2_ghat": 1.9208488613772767e-05,
                    "boost_lr": 0.8,
                    "SWIM_scale": 1.7501205038972274
                },
                {
                    "in_dim": 24,
                    "out_dim": 1,
                    "feature_type": "SWIM",
                    "upscale_type": "iid",
                    "randfeat_xt_dim": 512,
                    "randfeat_x0_dim": 512,
                    "sandwich_solver": "scalar",
                    "activation": "tanh",
                    "n_layers": 6,
                    "hidden_dim": 502,
                    "l2_reg": 0.00038152916759280256,
                    "l2_ghat": 3.0388160955353447e-05,
                    "boost_lr": 0.5,
                    "SWIM_scale": 0.6186375012741048
                },
                {
                    "in_dim": 24,
                    "out_dim": 1,
                    "feature_type": "SWIM",
                    "upscale_type": "iid",
                    "randfeat_xt_dim": 512,
                    "randfeat_x0_dim": 512,
                    "sandwich_solver": "scalar",
                    "activation": "tanh",
                    "n_layers": 5,
                    "hidden_dim": 511,
                    "l2_reg": 0.0004921502638880746,
                    "l2_ghat": 7.207489396470369e-08,
                    "boost_lr": 0.6,
                    "SWIM_scale": 0.6227490371271188
                },
                {
                    "in_dim": 24,
                    "out_dim": 1,
                    "feature_type": "SWIM",
                    "upscale_type": "iid",
                    "randfeat_xt_dim": 512,
                    "randfeat_x0_dim": 512,
                    "sandwich_solver": "scalar",
                    "activation": "tanh",
                    "n_layers": 6,
                    "hidden_dim": 508,
                    "l2_reg": 0.0006332338204610668,
                    "l2_ghat": 2.185896354535688e-09,
                    "boost_lr": 0.6,
                    "SWIM_scale": 0.6373664923042056
                }
            ]
        }
    }
}