{
    "44964": {
        "End2End_cpu": {
            "score_train": [
                0.22211121022701263,
                0.23769386112689972,
                0.21260833740234375,
                0.2297116219997406,
                0.23087312281131744
            ],
            "score_test": [
                0.3455874025821686,
                0.37832534313201904,
                0.36968451738357544,
                0.3825100362300873,
                0.37051641941070557
            ],
            "t_fit": [
                48.179728373885155,
                37.44283849000931,
                94.39373607933521,
                112.90131409466267,
                84.59612339735031
            ],
            "t_inference": [
                0.2569813132286072,
                0.26884323358535767,
                0.5946162641048431,
                0.6846131384372711,
                0.594462051987648
            ],
            "hyperparams": [
                {
                    "in_dim": 81,
                    "out_dim": 1,
                    "loss": "mse",
                    "bottleneck_dim": 512,
                    "n_blocks": 5,
                    "hidden_dim": 152,
                    "lr": 0.0005736920229362013,
                    "end_lr_factor": 0.03522701834553562,
                    "n_epochs": 48,
                    "weight_decay": 0.0006723578927942578,
                    "batch_size": 128
                },
                {
                    "in_dim": 81,
                    "out_dim": 1,
                    "loss": "mse",
                    "bottleneck_dim": 512,
                    "n_blocks": 5,
                    "hidden_dim": 131,
                    "lr": 0.0008311686425753362,
                    "end_lr_factor": 0.010164580514924021,
                    "n_epochs": 38,
                    "weight_decay": 0.00021015439177679449,
                    "batch_size": 128
                },
                {
                    "in_dim": 81,
                    "out_dim": 1,
                    "loss": "mse",
                    "bottleneck_dim": 512,
                    "n_blocks": 9,
                    "hidden_dim": 189,
                    "lr": 0.0005354911372993898,
                    "end_lr_factor": 0.02856198007855836,
                    "n_epochs": 48,
                    "weight_decay": 2.3775099929807938e-06,
                    "batch_size": 128
                },
                {
                    "in_dim": 81,
                    "out_dim": 1,
                    "loss": "mse",
                    "bottleneck_dim": 512,
                    "n_blocks": 15,
                    "hidden_dim": 92,
                    "lr": 0.0010595486195500402,
                    "end_lr_factor": 0.020334812528811676,
                    "n_epochs": 49,
                    "weight_decay": 1.4415031571670288e-05,
                    "batch_size": 128
                },
                {
                    "in_dim": 81,
                    "out_dim": 1,
                    "loss": "mse",
                    "bottleneck_dim": 512,
                    "n_blocks": 7,
                    "hidden_dim": 219,
                    "lr": 0.0008536763686450496,
                    "end_lr_factor": 0.028334515807405238,
                    "n_epochs": 45,
                    "weight_decay": 0.0002523451592059735,
                    "batch_size": 128
                }
            ]
        }
    }
}