{
    "44984": {
        "End2End": {
            "score_train": [
                0.6473891735076904,
                0.6327897906303406,
                0.6384357213973999,
                0.6393545269966125,
                0.6376658082008362
            ],
            "score_test": [
                0.6200108528137207,
                0.6831746697425842,
                0.6531107425689697,
                0.648327112197876,
                0.6795973181724548
            ],
            "t_fit": [
                3.2836145519977435,
                12.854809989978094,
                1.7586229019798338,
                3.3842080699978396,
                1.1195642579696141
            ],
            "t_inference": [
                0.03255137300584465,
                0.10595554701285437,
                0.02908962097717449,
                0.029576550994534045,
                0.010175105999223888
            ],
            "hyperparams": [
                {
                    "in_dim": 12,
                    "out_dim": 1,
                    "loss": "mse",
                    "bottleneck_dim": 512,
                    "n_blocks": 2,
                    "hidden_dim": 74,
                    "lr": 0.007033619044287833,
                    "end_lr_factor": 0.014855659758685373,
                    "n_epochs": 25,
                    "weight_decay": 3.8044770575540174e-06,
                    "batch_size": 256
                },
                {
                    "in_dim": 12,
                    "out_dim": 1,
                    "loss": "mse",
                    "bottleneck_dim": 512,
                    "n_blocks": 2,
                    "hidden_dim": 311,
                    "lr": 0.004445686612522589,
                    "end_lr_factor": 0.3246528953578092,
                    "n_epochs": 48,
                    "weight_decay": 9.856536856328012e-06,
                    "batch_size": 512
                },
                {
                    "in_dim": 12,
                    "out_dim": 1,
                    "loss": "mse",
                    "bottleneck_dim": 512,
                    "n_blocks": 1,
                    "hidden_dim": 154,
                    "lr": 0.0009599486157175059,
                    "end_lr_factor": 0.08281659361698061,
                    "n_epochs": 18,
                    "weight_decay": 0.0009966499517814328,
                    "batch_size": 512
                },
                {
                    "in_dim": 12,
                    "out_dim": 1,
                    "loss": "mse",
                    "bottleneck_dim": 512,
                    "n_blocks": 1,
                    "hidden_dim": 129,
                    "lr": 0.0050686422231665884,
                    "end_lr_factor": 0.014257929493415325,
                    "n_epochs": 37,
                    "weight_decay": 7.794660240374602e-05,
                    "batch_size": 384
                },
                {
                    "in_dim": 12,
                    "out_dim": 1,
                    "loss": "mse",
                    "bottleneck_dim": 512,
                    "n_blocks": 1,
                    "hidden_dim": 26,
                    "lr": 0.00932999564811291,
                    "end_lr_factor": 0.01580452564945412,
                    "n_epochs": 21,
                    "weight_decay": 0.0003988865395741479,
                    "batch_size": 512
                }
            ]
        }
    }
}