{
    "44966": {
        "GradientRFRBoost": {
            "score_train": [
                0.6695941090583801,
                0.7033092975616455,
                0.725117564201355,
                0.7069560885429382,
                0.7161048650741577
            ],
            "score_test": [
                0.8632286787033081,
                0.7486518025398254,
                0.6197622418403625,
                0.6989147067070007,
                0.6808594465255737
            ],
            "t_fit": [
                0.539354495704174,
                0.29561921395361423,
                0.6709514912217855,
                1.215215552598238,
                0.5658399201929569
            ],
            "t_inference": [
                0.059370655566453934,
                0.05114978924393654,
                0.10349193029105663,
                0.19830508343875408,
                0.058233827352523804
            ],
            "hyperparams": [
                {
                    "in_dim": 29,
                    "out_dim": 1,
                    "feature_type": "SWIM",
                    "upscale_type": "iid",
                    "randfeat_xt_dim": 512,
                    "randfeat_x0_dim": 512,
                    "activation": "tanh",
                    "n_layers": 8,
                    "hidden_dim": 28,
                    "l2_reg": 1.9120979373621512,
                    "l2_ghat": 2.9486076215122656,
                    "boost_lr": 0.9,
                    "SWIM_scale": 0.8028769741856779
                },
                {
                    "in_dim": 29,
                    "out_dim": 1,
                    "feature_type": "SWIM",
                    "upscale_type": "iid",
                    "randfeat_xt_dim": 512,
                    "randfeat_x0_dim": 512,
                    "activation": "tanh",
                    "n_layers": 3,
                    "hidden_dim": 185,
                    "l2_reg": 4.860455142320955,
                    "l2_ghat": 2.7996396703395856,
                    "boost_lr": 0.7,
                    "SWIM_scale": 0.8028769741856779
                },
                {
                    "in_dim": 29,
                    "out_dim": 1,
                    "feature_type": "SWIM",
                    "upscale_type": "iid",
                    "randfeat_xt_dim": 512,
                    "randfeat_x0_dim": 512,
                    "activation": "tanh",
                    "n_layers": 7,
                    "hidden_dim": 122,
                    "l2_reg": 1.1577548120064327,
                    "l2_ghat": 9.292493243152649,
                    "boost_lr": 0.9,
                    "SWIM_scale": 1.4387474602126675
                },
                {
                    "in_dim": 29,
                    "out_dim": 1,
                    "feature_type": "SWIM",
                    "upscale_type": "iid",
                    "randfeat_xt_dim": 512,
                    "randfeat_x0_dim": 512,
                    "activation": "tanh",
                    "n_layers": 15,
                    "hidden_dim": 162,
                    "l2_reg": 2.0956092133788924,
                    "l2_ghat": 5.542796416413929,
                    "boost_lr": 1.0,
                    "SWIM_scale": 0.9950611665846767
                },
                {
                    "in_dim": 29,
                    "out_dim": 1,
                    "feature_type": "SWIM",
                    "upscale_type": "iid",
                    "randfeat_xt_dim": 512,
                    "randfeat_x0_dim": 512,
                    "activation": "tanh",
                    "n_layers": 9,
                    "hidden_dim": 24,
                    "l2_reg": 1.2459101761013156,
                    "l2_ghat": 6.821583554004482,
                    "boost_lr": 0.8,
                    "SWIM_scale": 1.774913286870552
                }
            ]
        }
    }
}