{
    "44979": {
        "GreedyRFRBoostScalar": {
            "score_train": [
                0.15431775152683258,
                0.14935767650604248,
                0.16336554288864136,
                0.150187149643898,
                0.15211378037929535
            ],
            "score_test": [
                0.20859311521053314,
                0.20342735946178436,
                0.18154418468475342,
                0.17846690118312836,
                0.1842769831418991
            ],
            "t_fit": [
                2.053160637617111,
                1.6136323474347591,
                1.232167437672615,
                0.8832908011972904,
                1.3922355026006699
            ],
            "t_inference": [
                0.8456450290977955,
                0.6849481947720051,
                0.5753479562699795,
                0.4323633350431919,
                0.6840491928160191
            ],
            "hyperparams": [
                {
                    "in_dim": 26,
                    "out_dim": 1,
                    "feature_type": "SWIM",
                    "upscale_type": "iid",
                    "randfeat_xt_dim": 512,
                    "randfeat_x0_dim": 512,
                    "sandwich_solver": "scalar",
                    "activation": "tanh",
                    "n_layers": 9,
                    "hidden_dim": 483,
                    "l2_reg": 0.0019815804608654857,
                    "l2_ghat": 1.0289400156295317e-09,
                    "boost_lr": 0.6,
                    "SWIM_scale": 1.2836264763266618
                },
                {
                    "in_dim": 26,
                    "out_dim": 1,
                    "feature_type": "SWIM",
                    "upscale_type": "iid",
                    "randfeat_xt_dim": 512,
                    "randfeat_x0_dim": 512,
                    "sandwich_solver": "scalar",
                    "activation": "tanh",
                    "n_layers": 12,
                    "hidden_dim": 510,
                    "l2_reg": 0.0009801747158605747,
                    "l2_ghat": 2.311348096544081e-08,
                    "boost_lr": 0.7,
                    "SWIM_scale": 1.888643287199273
                },
                {
                    "in_dim": 26,
                    "out_dim": 1,
                    "feature_type": "SWIM",
                    "upscale_type": "iid",
                    "randfeat_xt_dim": 512,
                    "randfeat_x0_dim": 512,
                    "sandwich_solver": "scalar",
                    "activation": "tanh",
                    "n_layers": 10,
                    "hidden_dim": 507,
                    "l2_reg": 0.003078843727640177,
                    "l2_ghat": 5.2906882186695e-07,
                    "boost_lr": 0.6,
                    "SWIM_scale": 0.9925871808384223
                },
                {
                    "in_dim": 26,
                    "out_dim": 1,
                    "feature_type": "SWIM",
                    "upscale_type": "iid",
                    "randfeat_xt_dim": 512,
                    "randfeat_x0_dim": 512,
                    "sandwich_solver": "scalar",
                    "activation": "tanh",
                    "n_layers": 6,
                    "hidden_dim": 497,
                    "l2_reg": 0.000789394232964214,
                    "l2_ghat": 2.4708205965041804e-07,
                    "boost_lr": 0.9,
                    "SWIM_scale": 1.9420479287806047
                },
                {
                    "in_dim": 26,
                    "out_dim": 1,
                    "feature_type": "SWIM",
                    "upscale_type": "iid",
                    "randfeat_xt_dim": 512,
                    "randfeat_x0_dim": 512,
                    "sandwich_solver": "scalar",
                    "activation": "tanh",
                    "n_layers": 10,
                    "hidden_dim": 510,
                    "l2_reg": 0.0015727436334604565,
                    "l2_ghat": 2.880491536765054e-07,
                    "boost_lr": 0.6,
                    "SWIM_scale": 1.1861868799563675
                }
            ]
        }
    }
}