{
    "458": {
        "RFRBoost_linesearchFalse_batchnormFalse": {
            "score_train": [
                -1.0,
                -1.0,
                -1.0,
                -1.0,
                -1.0
            ],
            "score_test": [
                -1.0,
                -1.0,
                -0.9940476417541504,
                -0.9940476417541504,
                -0.9940476417541504
            ],
            "t_fit": [
                2.5083212852478027,
                1.8821737319231033,
                1.2625194638967514,
                1.0578749924898148,
                0.9662927091121674
            ],
            "t_inference": [
                0.2618599236011505,
                0.2406395524740219,
                0.14302043616771698,
                0.09344379603862762,
                0.13167539238929749
            ],
            "hyperparams": [
                {
                    "in_dim": 70,
                    "n_classes": 4,
                    "feature_type": "SWIM",
                    "upscale_type": "SWIM",
                    "randfeat_xt_dim": 512,
                    "randfeat_x0_dim": 512,
                    "activation": "tanh",
                    "use_batchnorm": false,
                    "do_linesearch": false,
                    "n_layers": 5,
                    "hidden_dim": 294,
                    "l2_cls": 6.464098856963971e-07,
                    "l2_ghat": 0.0009396608305561783,
                    "boost_lr": 0.15329252297433807,
                    "SWIM_scale": 1.255124872766346
                },
                {
                    "in_dim": 70,
                    "n_classes": 4,
                    "feature_type": "SWIM",
                    "upscale_type": "SWIM",
                    "randfeat_xt_dim": 512,
                    "randfeat_x0_dim": 512,
                    "activation": "tanh",
                    "use_batchnorm": false,
                    "do_linesearch": false,
                    "n_layers": 5,
                    "hidden_dim": 459,
                    "l2_cls": 7.323842611323594e-06,
                    "l2_ghat": 0.0001289887666632828,
                    "boost_lr": 0.2725358826621726,
                    "SWIM_scale": 0.850998643053865
                },
                {
                    "in_dim": 70,
                    "n_classes": 4,
                    "feature_type": "SWIM",
                    "upscale_type": "SWIM",
                    "randfeat_xt_dim": 512,
                    "randfeat_x0_dim": 512,
                    "activation": "tanh",
                    "use_batchnorm": false,
                    "do_linesearch": false,
                    "n_layers": 5,
                    "hidden_dim": 280,
                    "l2_cls": 4.9964554507325586e-05,
                    "l2_ghat": 0.00010464947440327978,
                    "boost_lr": 0.48205360512857925,
                    "SWIM_scale": 0.5051141271267053
                },
                {
                    "in_dim": 70,
                    "n_classes": 4,
                    "feature_type": "SWIM",
                    "upscale_type": "SWIM",
                    "randfeat_xt_dim": 512,
                    "randfeat_x0_dim": 512,
                    "activation": "tanh",
                    "use_batchnorm": false,
                    "do_linesearch": false,
                    "n_layers": 5,
                    "hidden_dim": 84,
                    "l2_cls": 1.3556718054996396e-06,
                    "l2_ghat": 0.010290518307598315,
                    "boost_lr": 0.8096335240231401,
                    "SWIM_scale": 1.1304285549597932
                },
                {
                    "in_dim": 70,
                    "n_classes": 4,
                    "feature_type": "SWIM",
                    "upscale_type": "SWIM",
                    "randfeat_xt_dim": 512,
                    "randfeat_x0_dim": 512,
                    "activation": "tanh",
                    "use_batchnorm": false,
                    "do_linesearch": false,
                    "n_layers": 4,
                    "hidden_dim": 247,
                    "l2_cls": 1.7829316833731803e-07,
                    "l2_ghat": 0.0003808197889094088,
                    "boost_lr": 0.30714005376908987,
                    "SWIM_scale": 1.2639110711693666
                }
            ]
        }
    }
}