{
    "44": {
        "RFRBoost_ID_linesearchFalse": {
            "score_train": [
                -0.966304361820221,
                -0.967671811580658,
                -0.967671811580658,
                -0.9652268290519714,
                -0.967671811580658
            ],
            "score_test": [
                -0.9598262906074524,
                -0.9402173757553101,
                -0.9413043260574341,
                -0.9347826242446899,
                -0.9315217137336731
            ],
            "t_fit": [
                1.332504140213132,
                1.9230017513036728,
                1.6152533665299416,
                1.2431057561188936,
                1.6497421525418758
            ],
            "t_inference": [
                0.2017562836408615,
                0.3267995286732912,
                0.288414528593421,
                0.24410010501742363,
                0.32195295207202435
            ],
            "hyperparams": [
                {
                    "in_dim": 57,
                    "n_classes": 2,
                    "feature_type": "SWIM",
                    "upscale_type": "identity",
                    "randfeat_xt_dim": 512,
                    "randfeat_x0_dim": 512,
                    "activation": "tanh",
                    "use_batchnorm": true,
                    "do_linesearch": false,
                    "n_layers": 3,
                    "hidden_dim": 23,
                    "l2_cls": 0.009167834029478126,
                    "l2_ghat": 0.003362920633308716,
                    "boost_lr": 0.4728968395823395,
                    "SWIM_scale": 1.8798948847631958
                },
                {
                    "in_dim": 57,
                    "n_classes": 2,
                    "feature_type": "SWIM",
                    "upscale_type": "identity",
                    "randfeat_xt_dim": 512,
                    "randfeat_x0_dim": 512,
                    "activation": "tanh",
                    "use_batchnorm": true,
                    "do_linesearch": false,
                    "n_layers": 4,
                    "hidden_dim": 115,
                    "l2_cls": 0.008188357583001314,
                    "l2_ghat": 0.0018725122828147822,
                    "boost_lr": 0.3825900222745595,
                    "SWIM_scale": 1.4241912509535724
                },
                {
                    "in_dim": 57,
                    "n_classes": 2,
                    "feature_type": "SWIM",
                    "upscale_type": "identity",
                    "randfeat_xt_dim": 512,
                    "randfeat_x0_dim": 512,
                    "activation": "tanh",
                    "use_batchnorm": true,
                    "do_linesearch": false,
                    "n_layers": 3,
                    "hidden_dim": 500,
                    "l2_cls": 0.0044302392770894875,
                    "l2_ghat": 0.0010174000138548328,
                    "boost_lr": 0.23884785577586887,
                    "SWIM_scale": 1.9832190578073434
                },
                {
                    "in_dim": 57,
                    "n_classes": 2,
                    "feature_type": "SWIM",
                    "upscale_type": "identity",
                    "randfeat_xt_dim": 512,
                    "randfeat_x0_dim": 512,
                    "activation": "tanh",
                    "use_batchnorm": true,
                    "do_linesearch": false,
                    "n_layers": 4,
                    "hidden_dim": 122,
                    "l2_cls": 0.004783628113704522,
                    "l2_ghat": 0.0004979243392775702,
                    "boost_lr": 0.28602049924519324,
                    "SWIM_scale": 1.1317889172824316
                },
                {
                    "in_dim": 57,
                    "n_classes": 2,
                    "feature_type": "SWIM",
                    "upscale_type": "identity",
                    "randfeat_xt_dim": 512,
                    "randfeat_x0_dim": 512,
                    "activation": "tanh",
                    "use_batchnorm": true,
                    "do_linesearch": false,
                    "n_layers": 4,
                    "hidden_dim": 60,
                    "l2_cls": 0.011538053443020758,
                    "l2_ghat": 0.011308437242016215,
                    "boost_lr": 0.6984235058190457,
                    "SWIM_scale": 1.799560028836104
                }
            ]
        }
    }
}