{
    "40994": {
        "RFRBoost_ID": {
            "score_train": [
                -0.9699074029922485,
                -0.9722222089767456,
                -0.9629629850387573,
                -0.9745370149612427,
                -0.9768518805503845
            ],
            "score_test": [
                -0.9444444179534912,
                -0.9259259104728699,
                -0.9814814925193787,
                -0.9907407164573669,
                -0.9351851940155029
            ],
            "t_fit": [
                0.12534384988248348,
                0.12822939455509186,
                0.19502433203160763,
                0.3356660157442093,
                0.18669801577925682
            ],
            "t_inference": [
                0.006063107401132584,
                0.006027745082974434,
                0.009932568296790123,
                0.01790301315486431,
                0.009161481633782387
            ],
            "hyperparams": [
                {
                    "in_dim": 18,
                    "n_classes": 2,
                    "feature_type": "SWIM",
                    "upscale_type": "identity",
                    "randfeat_xt_dim": 512,
                    "randfeat_x0_dim": 512,
                    "activation": "tanh",
                    "use_batchnorm": true,
                    "do_linesearch": true,
                    "n_layers": 1,
                    "hidden_dim": 400,
                    "l2_cls": 0.0021383379114728314,
                    "l2_ghat": 0.007199000639773927,
                    "boost_lr": 0.22526066319755186,
                    "SWIM_scale": 0.25145832126970386
                },
                {
                    "in_dim": 18,
                    "n_classes": 2,
                    "feature_type": "SWIM",
                    "upscale_type": "identity",
                    "randfeat_xt_dim": 512,
                    "randfeat_x0_dim": 512,
                    "activation": "tanh",
                    "use_batchnorm": true,
                    "do_linesearch": true,
                    "n_layers": 1,
                    "hidden_dim": 431,
                    "l2_cls": 0.002465832945854913,
                    "l2_ghat": 0.006155564318973018,
                    "boost_lr": 0.1432249371823025,
                    "SWIM_scale": 0.5229904105883546
                },
                {
                    "in_dim": 18,
                    "n_classes": 2,
                    "feature_type": "SWIM",
                    "upscale_type": "identity",
                    "randfeat_xt_dim": 512,
                    "randfeat_x0_dim": 512,
                    "activation": "tanh",
                    "use_batchnorm": true,
                    "do_linesearch": true,
                    "n_layers": 1,
                    "hidden_dim": 431,
                    "l2_cls": 0.002465832945854913,
                    "l2_ghat": 0.006155564318973018,
                    "boost_lr": 0.1432249371823025,
                    "SWIM_scale": 0.5229904105883546
                },
                {
                    "in_dim": 18,
                    "n_classes": 2,
                    "feature_type": "SWIM",
                    "upscale_type": "identity",
                    "randfeat_xt_dim": 512,
                    "randfeat_x0_dim": 512,
                    "activation": "tanh",
                    "use_batchnorm": true,
                    "do_linesearch": true,
                    "n_layers": 2,
                    "hidden_dim": 130,
                    "l2_cls": 0.009386913287314159,
                    "l2_ghat": 0.4739467737790623,
                    "boost_lr": 0.737012954279196,
                    "SWIM_scale": 1.6170788768012594
                },
                {
                    "in_dim": 18,
                    "n_classes": 2,
                    "feature_type": "SWIM",
                    "upscale_type": "identity",
                    "randfeat_xt_dim": 512,
                    "randfeat_x0_dim": 512,
                    "activation": "tanh",
                    "use_batchnorm": true,
                    "do_linesearch": true,
                    "n_layers": 1,
                    "hidden_dim": 481,
                    "l2_cls": 0.0013526795559372425,
                    "l2_ghat": 0.0007034716808081426,
                    "boost_lr": 0.12293234035528654,
                    "SWIM_scale": 0.4412092189697188
                }
            ]
        }
    }
}