{
    "40966": {
        "RFRBoost_ID_linesearchFalse_batchnormFalse": {
            "score_train": [
                -1.0,
                -1.0,
                -1.0,
                -1.0,
                -1.0
            ],
            "score_test": [
                -1.0,
                -1.0,
                -1.0,
                -0.9953703880310059,
                -1.0
            ],
            "t_fit": [
                2.024259179830551,
                1.2339159697294235,
                1.8285734951496124,
                1.942619502544403,
                1.4273946434259415
            ],
            "t_inference": [
                0.12808626890182495,
                0.06417232751846313,
                0.10938502848148346,
                0.098745197057724,
                0.07445713877677917
            ],
            "hyperparams": [
                {
                    "in_dim": 77,
                    "n_classes": 8,
                    "feature_type": "SWIM",
                    "upscale_type": "identity",
                    "randfeat_xt_dim": 512,
                    "randfeat_x0_dim": 512,
                    "activation": "tanh",
                    "use_batchnorm": false,
                    "do_linesearch": false,
                    "n_layers": 5,
                    "hidden_dim": 33,
                    "l2_cls": 1.010455273482549e-07,
                    "l2_ghat": 0.002083867618047061,
                    "boost_lr": 0.9490612962320613,
                    "SWIM_scale": 0.916882058008603
                },
                {
                    "in_dim": 77,
                    "n_classes": 8,
                    "feature_type": "SWIM",
                    "upscale_type": "identity",
                    "randfeat_xt_dim": 512,
                    "randfeat_x0_dim": 512,
                    "activation": "tanh",
                    "use_batchnorm": false,
                    "do_linesearch": false,
                    "n_layers": 3,
                    "hidden_dim": 133,
                    "l2_cls": 1.2888115610825757e-07,
                    "l2_ghat": 0.0019147210111649209,
                    "boost_lr": 0.4293954455244595,
                    "SWIM_scale": 1.3312183905760766
                },
                {
                    "in_dim": 77,
                    "n_classes": 8,
                    "feature_type": "SWIM",
                    "upscale_type": "identity",
                    "randfeat_xt_dim": 512,
                    "randfeat_x0_dim": 512,
                    "activation": "tanh",
                    "use_batchnorm": false,
                    "do_linesearch": false,
                    "n_layers": 5,
                    "hidden_dim": 40,
                    "l2_cls": 1.9256544540809124e-07,
                    "l2_ghat": 0.00030399944871016375,
                    "boost_lr": 0.157579230561229,
                    "SWIM_scale": 1.5781863971397607
                },
                {
                    "in_dim": 77,
                    "n_classes": 8,
                    "feature_type": "SWIM",
                    "upscale_type": "identity",
                    "randfeat_xt_dim": 512,
                    "randfeat_x0_dim": 512,
                    "activation": "tanh",
                    "use_batchnorm": false,
                    "do_linesearch": false,
                    "n_layers": 4,
                    "hidden_dim": 431,
                    "l2_cls": 1.6875898331192055e-06,
                    "l2_ghat": 8.571408678259118e-05,
                    "boost_lr": 0.15619788075970026,
                    "SWIM_scale": 1.7282547154128112
                },
                {
                    "in_dim": 77,
                    "n_classes": 8,
                    "feature_type": "SWIM",
                    "upscale_type": "identity",
                    "randfeat_xt_dim": 512,
                    "randfeat_x0_dim": 512,
                    "activation": "tanh",
                    "use_batchnorm": false,
                    "do_linesearch": false,
                    "n_layers": 4,
                    "hidden_dim": 97,
                    "l2_cls": 1.5884273569862614e-07,
                    "l2_ghat": 0.00015283662703267112,
                    "boost_lr": 0.22646541896784528,
                    "SWIM_scale": 1.4569865685907488
                }
            ]
        }
    }
}