{
    "40982": {
        "RFRBoost_batchnormFalse": {
            "score_train": [
                -0.8028350472450256,
                -0.8242111802101135,
                -0.8351577520370483,
                -0.8396651744842529,
                -0.8087572455406189
            ],
            "score_test": [
                -0.7840616703033447,
                -0.7345361113548279,
                -0.7731958627700806,
                -0.7603092789649963,
                -0.7577319741249084
            ],
            "t_fit": [
                4.6730808317661285,
                5.0262860879302025,
                9.176120676100254,
                2.6246637664735317,
                12.849580895155668
            ],
            "t_inference": [
                0.11295025795698166,
                0.09299255907535553,
                0.2696942798793316,
                0.04789244383573532,
                0.44613246619701385
            ],
            "hyperparams": [
                {
                    "in_dim": 27,
                    "n_classes": 7,
                    "feature_type": "SWIM",
                    "upscale_type": "SWIM",
                    "randfeat_xt_dim": 512,
                    "randfeat_x0_dim": 512,
                    "activation": "tanh",
                    "use_batchnorm": false,
                    "do_linesearch": true,
                    "n_layers": 1,
                    "hidden_dim": 472,
                    "l2_cls": 0.0015975768602393414,
                    "l2_ghat": 0.06135405920222427,
                    "boost_lr": 0.1597015199969468,
                    "SWIM_scale": 1.5202679131642363
                },
                {
                    "in_dim": 27,
                    "n_classes": 7,
                    "feature_type": "SWIM",
                    "upscale_type": "SWIM",
                    "randfeat_xt_dim": 512,
                    "randfeat_x0_dim": 512,
                    "activation": "tanh",
                    "use_batchnorm": false,
                    "do_linesearch": true,
                    "n_layers": 1,
                    "hidden_dim": 432,
                    "l2_cls": 0.00023577302915899685,
                    "l2_ghat": 2.4770698098065353,
                    "boost_lr": 0.8023217387592918,
                    "SWIM_scale": 1.049757755782934
                },
                {
                    "in_dim": 27,
                    "n_classes": 7,
                    "feature_type": "SWIM",
                    "upscale_type": "SWIM",
                    "randfeat_xt_dim": 512,
                    "randfeat_x0_dim": 512,
                    "activation": "tanh",
                    "use_batchnorm": false,
                    "do_linesearch": true,
                    "n_layers": 3,
                    "hidden_dim": 421,
                    "l2_cls": 0.0009737176736526231,
                    "l2_ghat": 0.7998990285509435,
                    "boost_lr": 0.21734713816600276,
                    "SWIM_scale": 1.6197923001201808
                },
                {
                    "in_dim": 27,
                    "n_classes": 7,
                    "feature_type": "SWIM",
                    "upscale_type": "SWIM",
                    "randfeat_xt_dim": 512,
                    "randfeat_x0_dim": 512,
                    "activation": "tanh",
                    "use_batchnorm": false,
                    "do_linesearch": true,
                    "n_layers": 1,
                    "hidden_dim": 282,
                    "l2_cls": 0.0007994785885401716,
                    "l2_ghat": 0.1682121984094503,
                    "boost_lr": 0.304405611309281,
                    "SWIM_scale": 1.9978495451089315
                },
                {
                    "in_dim": 27,
                    "n_classes": 7,
                    "feature_type": "SWIM",
                    "upscale_type": "SWIM",
                    "randfeat_xt_dim": 512,
                    "randfeat_x0_dim": 512,
                    "activation": "tanh",
                    "use_batchnorm": false,
                    "do_linesearch": true,
                    "n_layers": 5,
                    "hidden_dim": 474,
                    "l2_cls": 0.0004928008858443661,
                    "l2_ghat": 1.4305757617769597,
                    "boost_lr": 0.13313835971430377,
                    "SWIM_scale": 1.0341253826176207
                }
            ]
        }
    }
}