{
    "18": {
        "RFRBoost_batchnormFalse": {
            "score_train": [
                -0.78125,
                -0.7793750166893005,
                -0.7787500023841858,
                -0.7787500023841858,
                -0.7987499833106995
            ],
            "score_test": [
                -0.7674999833106995,
                -0.7475000023841858,
                -0.7400000095367432,
                -0.7325000166893005,
                -0.7174999713897705
            ],
            "t_fit": [
                9.371038809418678,
                9.95408133417368,
                4.100647572427988,
                5.7063679955899715,
                1.3290027976036072
            ],
            "t_inference": [
                0.10265695303678513,
                0.4955241419374943,
                0.10894506052136421,
                0.23852093145251274,
                0.04633766785264015
            ],
            "hyperparams": [
                {
                    "in_dim": 6,
                    "n_classes": 10,
                    "feature_type": "SWIM",
                    "upscale_type": "SWIM",
                    "randfeat_xt_dim": 512,
                    "randfeat_x0_dim": 512,
                    "activation": "tanh",
                    "use_batchnorm": false,
                    "do_linesearch": true,
                    "n_layers": 5,
                    "hidden_dim": 33,
                    "l2_cls": 3.0161069975604958e-06,
                    "l2_ghat": 0.0041014726481475245,
                    "boost_lr": 0.11968330847182243,
                    "SWIM_scale": 0.3441354002495994
                },
                {
                    "in_dim": 6,
                    "n_classes": 10,
                    "feature_type": "SWIM",
                    "upscale_type": "SWIM",
                    "randfeat_xt_dim": 512,
                    "randfeat_x0_dim": 512,
                    "activation": "tanh",
                    "use_batchnorm": false,
                    "do_linesearch": true,
                    "n_layers": 4,
                    "hidden_dim": 507,
                    "l2_cls": 0.00191283350653879,
                    "l2_ghat": 0.012046632191003145,
                    "boost_lr": 0.12519461879676458,
                    "SWIM_scale": 0.41560681009483813
                },
                {
                    "in_dim": 6,
                    "n_classes": 10,
                    "feature_type": "SWIM",
                    "upscale_type": "SWIM",
                    "randfeat_xt_dim": 512,
                    "randfeat_x0_dim": 512,
                    "activation": "tanh",
                    "use_batchnorm": false,
                    "do_linesearch": true,
                    "n_layers": 3,
                    "hidden_dim": 147,
                    "l2_cls": 7.885797407633434e-05,
                    "l2_ghat": 0.2281513667363576,
                    "boost_lr": 0.3478243260092258,
                    "SWIM_scale": 0.26809287401027687
                },
                {
                    "in_dim": 6,
                    "n_classes": 10,
                    "feature_type": "SWIM",
                    "upscale_type": "SWIM",
                    "randfeat_xt_dim": 512,
                    "randfeat_x0_dim": 512,
                    "activation": "tanh",
                    "use_batchnorm": false,
                    "do_linesearch": true,
                    "n_layers": 4,
                    "hidden_dim": 468,
                    "l2_cls": 0.00046944326452009127,
                    "l2_ghat": 0.06562955729263759,
                    "boost_lr": 0.17876451412051766,
                    "SWIM_scale": 0.2912883237495781
                },
                {
                    "in_dim": 6,
                    "n_classes": 10,
                    "feature_type": "SWIM",
                    "upscale_type": "SWIM",
                    "randfeat_xt_dim": 512,
                    "randfeat_x0_dim": 512,
                    "activation": "tanh",
                    "use_batchnorm": false,
                    "do_linesearch": true,
                    "n_layers": 1,
                    "hidden_dim": 275,
                    "l2_cls": 0.0009981914275807588,
                    "l2_ghat": 7.74713840308132e-05,
                    "boost_lr": 0.2546456175762851,
                    "SWIM_scale": 0.5118962368135562
                }
            ]
        }
    }
}