{
    "1489": {
        "RFRBoost_linesearchFalse": {
            "score_train": [
                -0.9207500219345093,
                -0.9070000052452087,
                -0.9072499871253967,
                -0.9265000224113464,
                -0.9164999723434448
            ],
            "score_test": [
                -0.8629999756813049,
                -0.8690000176429749,
                -0.8870000243186951,
                -0.8690000176429749,
                -0.8820000290870667
            ],
            "t_fit": [
                3.660798851400614,
                2.233880043029785,
                4.9229557197541,
                4.1011378932744265,
                2.322223838418722
            ],
            "t_inference": [
                0.5125299878418446,
                0.532077930867672,
                1.295739721506834,
                0.8987716063857079,
                0.5116450861096382
            ],
            "hyperparams": [
                {
                    "in_dim": 5,
                    "n_classes": 2,
                    "feature_type": "SWIM",
                    "upscale_type": "SWIM",
                    "randfeat_xt_dim": 512,
                    "randfeat_x0_dim": 512,
                    "activation": "tanh",
                    "use_batchnorm": true,
                    "do_linesearch": false,
                    "n_layers": 5,
                    "hidden_dim": 161,
                    "l2_cls": 0.0006974555014973273,
                    "l2_ghat": 0.0005684490509055588,
                    "boost_lr": 0.11539118357925171,
                    "SWIM_scale": 1.7354195128676886
                },
                {
                    "in_dim": 5,
                    "n_classes": 2,
                    "feature_type": "SWIM",
                    "upscale_type": "SWIM",
                    "randfeat_xt_dim": 512,
                    "randfeat_x0_dim": 512,
                    "activation": "tanh",
                    "use_batchnorm": true,
                    "do_linesearch": false,
                    "n_layers": 3,
                    "hidden_dim": 378,
                    "l2_cls": 0.0037824843960665797,
                    "l2_ghat": 0.00018212275924392663,
                    "boost_lr": 0.21898181806454753,
                    "SWIM_scale": 1.4234870382156914
                },
                {
                    "in_dim": 5,
                    "n_classes": 2,
                    "feature_type": "SWIM",
                    "upscale_type": "SWIM",
                    "randfeat_xt_dim": 512,
                    "randfeat_x0_dim": 512,
                    "activation": "tanh",
                    "use_batchnorm": true,
                    "do_linesearch": false,
                    "n_layers": 5,
                    "hidden_dim": 465,
                    "l2_cls": 0.00556991114957452,
                    "l2_ghat": 0.00073158285013146,
                    "boost_lr": 0.22704233627085355,
                    "SWIM_scale": 1.4932993290604974
                },
                {
                    "in_dim": 5,
                    "n_classes": 2,
                    "feature_type": "SWIM",
                    "upscale_type": "SWIM",
                    "randfeat_xt_dim": 512,
                    "randfeat_x0_dim": 512,
                    "activation": "tanh",
                    "use_batchnorm": true,
                    "do_linesearch": false,
                    "n_layers": 4,
                    "hidden_dim": 464,
                    "l2_cls": 0.002783046211343299,
                    "l2_ghat": 0.00031799230441874896,
                    "boost_lr": 0.18701976057823938,
                    "SWIM_scale": 1.8506867702975809
                },
                {
                    "in_dim": 5,
                    "n_classes": 2,
                    "feature_type": "SWIM",
                    "upscale_type": "SWIM",
                    "randfeat_xt_dim": 512,
                    "randfeat_x0_dim": 512,
                    "activation": "tanh",
                    "use_batchnorm": true,
                    "do_linesearch": false,
                    "n_layers": 4,
                    "hidden_dim": 275,
                    "l2_cls": 0.0034423765005126886,
                    "l2_ghat": 0.00018943907028691717,
                    "boost_lr": 0.14766132790375364,
                    "SWIM_scale": 1.8757638116836999
                }
            ]
        }
    }
}