{
    "307": {
        "RFRBoost_ID": {
            "score_train": [
                -1.0,
                -1.0,
                -1.0,
                -1.0,
                -1.0
            ],
            "score_test": [
                -1.0,
                -0.9949495196342468,
                -0.9747474789619446,
                -0.9545454382896423,
                -0.9747474789619446
            ],
            "t_fit": [
                1.3228426333516836,
                1.068309323862195,
                1.0777839589864016,
                0.9617261476814747,
                1.0519104097038507
            ],
            "t_inference": [
                0.07266046479344368,
                0.05726452358067036,
                0.06434721872210503,
                0.06316632032394409,
                0.04689226299524307
            ],
            "hyperparams": [
                {
                    "in_dim": 27,
                    "n_classes": 11,
                    "feature_type": "SWIM",
                    "upscale_type": "identity",
                    "randfeat_xt_dim": 512,
                    "randfeat_x0_dim": 512,
                    "activation": "tanh",
                    "use_batchnorm": true,
                    "do_linesearch": true,
                    "n_layers": 5,
                    "hidden_dim": 439,
                    "l2_cls": 0.005311583269170685,
                    "l2_ghat": 0.04342514466827946,
                    "boost_lr": 0.9169592984169359,
                    "SWIM_scale": 1.951995980792919
                },
                {
                    "in_dim": 27,
                    "n_classes": 11,
                    "feature_type": "SWIM",
                    "upscale_type": "identity",
                    "randfeat_xt_dim": 512,
                    "randfeat_x0_dim": 512,
                    "activation": "tanh",
                    "use_batchnorm": true,
                    "do_linesearch": true,
                    "n_layers": 5,
                    "hidden_dim": 361,
                    "l2_cls": 0.0007627374731770419,
                    "l2_ghat": 0.03505936518865341,
                    "boost_lr": 0.9466301142711276,
                    "SWIM_scale": 1.9410523125175432
                },
                {
                    "in_dim": 27,
                    "n_classes": 11,
                    "feature_type": "SWIM",
                    "upscale_type": "identity",
                    "randfeat_xt_dim": 512,
                    "randfeat_x0_dim": 512,
                    "activation": "tanh",
                    "use_batchnorm": true,
                    "do_linesearch": true,
                    "n_layers": 5,
                    "hidden_dim": 49,
                    "l2_cls": 0.0014258182061701477,
                    "l2_ghat": 0.0077166458110707594,
                    "boost_lr": 0.8892326470966939,
                    "SWIM_scale": 1.969163151304595
                },
                {
                    "in_dim": 27,
                    "n_classes": 11,
                    "feature_type": "SWIM",
                    "upscale_type": "identity",
                    "randfeat_xt_dim": 512,
                    "randfeat_x0_dim": 512,
                    "activation": "tanh",
                    "use_batchnorm": true,
                    "do_linesearch": true,
                    "n_layers": 5,
                    "hidden_dim": 186,
                    "l2_cls": 0.009075795969524673,
                    "l2_ghat": 0.022444043354446663,
                    "boost_lr": 0.8748148926671215,
                    "SWIM_scale": 1.6926433805649994
                },
                {
                    "in_dim": 27,
                    "n_classes": 11,
                    "feature_type": "SWIM",
                    "upscale_type": "identity",
                    "randfeat_xt_dim": 512,
                    "randfeat_x0_dim": 512,
                    "activation": "tanh",
                    "use_batchnorm": true,
                    "do_linesearch": true,
                    "n_layers": 5,
                    "hidden_dim": 268,
                    "l2_cls": 0.0009612886053452687,
                    "l2_ghat": 0.0023614610253218098,
                    "boost_lr": 0.7477155898563722,
                    "SWIM_scale": 1.629019178083927
                }
            ]
        }
    }
}