{
    "40982": {
        "RFRBoost_ID": {
            "score_train": [
                -0.7899484634399414,
                -0.8319382071495056,
                -0.8158403038978577,
                -0.810045063495636,
                -0.8055376410484314
            ],
            "score_test": [
                -0.7866324186325073,
                -0.7087628841400146,
                -0.7757731676101685,
                -0.7448453903198242,
                -0.780927836894989
            ],
            "t_fit": [
                1.2285176925361156,
                0.9503045715391636,
                1.3172039091587067,
                0.6165510192513466,
                1.164697628468275
            ],
            "t_inference": [
                0.05819877237081528,
                0.05573636665940285,
                0.06252480298280716,
                0.034159764647483826,
                0.0772317610681057
            ],
            "hyperparams": [
                {
                    "in_dim": 27,
                    "n_classes": 7,
                    "feature_type": "SWIM",
                    "upscale_type": "identity",
                    "randfeat_xt_dim": 512,
                    "randfeat_x0_dim": 512,
                    "activation": "tanh",
                    "use_batchnorm": true,
                    "do_linesearch": true,
                    "n_layers": 2,
                    "hidden_dim": 37,
                    "l2_cls": 0.003756151505972591,
                    "l2_ghat": 0.3478011241763781,
                    "boost_lr": 0.43254112189687133,
                    "SWIM_scale": 1.7390175207225986
                },
                {
                    "in_dim": 27,
                    "n_classes": 7,
                    "feature_type": "SWIM",
                    "upscale_type": "identity",
                    "randfeat_xt_dim": 512,
                    "randfeat_x0_dim": 512,
                    "activation": "tanh",
                    "use_batchnorm": true,
                    "do_linesearch": true,
                    "n_layers": 2,
                    "hidden_dim": 122,
                    "l2_cls": 0.005858724039415233,
                    "l2_ghat": 0.2068717074598454,
                    "boost_lr": 0.5770810932095211,
                    "SWIM_scale": 1.976994814997552
                },
                {
                    "in_dim": 27,
                    "n_classes": 7,
                    "feature_type": "SWIM",
                    "upscale_type": "identity",
                    "randfeat_xt_dim": 512,
                    "randfeat_x0_dim": 512,
                    "activation": "tanh",
                    "use_batchnorm": true,
                    "do_linesearch": true,
                    "n_layers": 2,
                    "hidden_dim": 53,
                    "l2_cls": 0.0021449886018892676,
                    "l2_ghat": 0.19937203615353752,
                    "boost_lr": 0.7098913215602682,
                    "SWIM_scale": 1.5615592908339015
                },
                {
                    "in_dim": 27,
                    "n_classes": 7,
                    "feature_type": "SWIM",
                    "upscale_type": "identity",
                    "randfeat_xt_dim": 512,
                    "randfeat_x0_dim": 512,
                    "activation": "tanh",
                    "use_batchnorm": true,
                    "do_linesearch": true,
                    "n_layers": 1,
                    "hidden_dim": 193,
                    "l2_cls": 0.0022593514381791637,
                    "l2_ghat": 0.047184620494403424,
                    "boost_lr": 0.5944369079166724,
                    "SWIM_scale": 1.6203032565944584
                },
                {
                    "in_dim": 27,
                    "n_classes": 7,
                    "feature_type": "SWIM",
                    "upscale_type": "identity",
                    "randfeat_xt_dim": 512,
                    "randfeat_x0_dim": 512,
                    "activation": "tanh",
                    "use_batchnorm": true,
                    "do_linesearch": true,
                    "n_layers": 4,
                    "hidden_dim": 180,
                    "l2_cls": 0.004094893783270502,
                    "l2_ghat": 1.6741489812198278,
                    "boost_lr": 0.572376506694988,
                    "SWIM_scale": 1.743398862288962
                }
            ]
        }
    }
}