{
    "188": {
        "RFRBoost_upscaleiid_linesearchFalse": {
            "score_train": [
                -0.7908163070678711,
                -0.7657045722007751,
                -0.7572156190872192,
                -0.7928692698478699,
                -0.7572156190872192
            ],
            "score_test": [
                -0.6486486196517944,
                -0.646258533000946,
                -0.6734693646430969,
                -0.5986394286155701,
                -0.6870748400688171
            ],
            "t_fit": [
                0.9074582159519196,
                0.5036003589630127,
                0.7554341331124306,
                0.4822010323405266,
                0.509749636054039
            ],
            "t_inference": [
                0.06357064843177795,
                0.040431007742881775,
                0.058841973543167114,
                0.03480682522058487,
                0.03516865521669388
            ],
            "hyperparams": [
                {
                    "in_dim": 91,
                    "n_classes": 5,
                    "feature_type": "SWIM",
                    "upscale_type": "iid",
                    "randfeat_xt_dim": 512,
                    "randfeat_x0_dim": 512,
                    "activation": "tanh",
                    "use_batchnorm": true,
                    "do_linesearch": false,
                    "n_layers": 5,
                    "hidden_dim": 145,
                    "l2_cls": 0.018772866987726927,
                    "l2_ghat": 0.12331327140388575,
                    "boost_lr": 0.8780351613690599,
                    "SWIM_scale": 1.330433566178787
                },
                {
                    "in_dim": 91,
                    "n_classes": 5,
                    "feature_type": "SWIM",
                    "upscale_type": "iid",
                    "randfeat_xt_dim": 512,
                    "randfeat_x0_dim": 512,
                    "activation": "tanh",
                    "use_batchnorm": true,
                    "do_linesearch": false,
                    "n_layers": 3,
                    "hidden_dim": 86,
                    "l2_cls": 0.028065735642338635,
                    "l2_ghat": 0.7732135874310146,
                    "boost_lr": 0.9493302823224333,
                    "SWIM_scale": 1.9452623848067918
                },
                {
                    "in_dim": 91,
                    "n_classes": 5,
                    "feature_type": "SWIM",
                    "upscale_type": "iid",
                    "randfeat_xt_dim": 512,
                    "randfeat_x0_dim": 512,
                    "activation": "tanh",
                    "use_batchnorm": true,
                    "do_linesearch": false,
                    "n_layers": 5,
                    "hidden_dim": 117,
                    "l2_cls": 0.02531487221730134,
                    "l2_ghat": 0.20899609220707127,
                    "boost_lr": 0.791173966415874,
                    "SWIM_scale": 1.509539296267111
                },
                {
                    "in_dim": 91,
                    "n_classes": 5,
                    "feature_type": "SWIM",
                    "upscale_type": "iid",
                    "randfeat_xt_dim": 512,
                    "randfeat_x0_dim": 512,
                    "activation": "tanh",
                    "use_batchnorm": true,
                    "do_linesearch": false,
                    "n_layers": 3,
                    "hidden_dim": 107,
                    "l2_cls": 0.010869133895051694,
                    "l2_ghat": 0.4613438883208253,
                    "boost_lr": 0.5456419657003388,
                    "SWIM_scale": 1.437996109578815
                },
                {
                    "in_dim": 91,
                    "n_classes": 5,
                    "feature_type": "SWIM",
                    "upscale_type": "iid",
                    "randfeat_xt_dim": 512,
                    "randfeat_x0_dim": 512,
                    "activation": "tanh",
                    "use_batchnorm": true,
                    "do_linesearch": false,
                    "n_layers": 4,
                    "hidden_dim": 51,
                    "l2_cls": 0.01598122747117704,
                    "l2_ghat": 0.28838199279671944,
                    "boost_lr": 0.8962648095971874,
                    "SWIM_scale": 1.4789146819710872
                }
            ]
        }
    }
}