{
    "31": {
        "RFNN": {
            "score_train": [
                -0.7787500023841858,
                -0.7887499928474426,
                -0.78125,
                -0.7599999904632568,
                -0.7649999856948853
            ],
            "score_test": [
                -0.7300000190734863,
                -0.7450000047683716,
                -0.7699999809265137,
                -0.7950000166893005,
                -0.7850000262260437
            ],
            "t_fit": [
                0.05661904066801071,
                0.06474421173334122,
                0.0548800565302372,
                0.04645852372050285,
                0.031208332628011703
            ],
            "t_inference": [
                0.0012744255363941193,
                0.0037319883704185486,
                0.003672376275062561,
                0.0034262537956237793,
                0.0007656440138816833
            ],
            "hyperparams": [
                {
                    "n_layers": 0,
                    "in_dim": 63,
                    "n_classes": 2,
                    "upscale_type": "SWIM",
                    "activation": "tanh",
                    "use_batchnorm": false,
                    "hidden_dim": 98,
                    "SWIM_scale": 1.49451476856016,
                    "l2_cls": 0.0027491490243631914
                },
                {
                    "n_layers": 0,
                    "in_dim": 63,
                    "n_classes": 2,
                    "upscale_type": "SWIM",
                    "activation": "tanh",
                    "use_batchnorm": false,
                    "hidden_dim": 342,
                    "SWIM_scale": 1.1480393519190917,
                    "l2_cls": 0.006207702966825818
                },
                {
                    "n_layers": 0,
                    "in_dim": 63,
                    "n_classes": 2,
                    "upscale_type": "SWIM",
                    "activation": "tanh",
                    "use_batchnorm": false,
                    "hidden_dim": 348,
                    "SWIM_scale": 1.9844121682427738,
                    "l2_cls": 0.02655783589991487
                },
                {
                    "n_layers": 0,
                    "in_dim": 63,
                    "n_classes": 2,
                    "upscale_type": "SWIM",
                    "activation": "tanh",
                    "use_batchnorm": false,
                    "hidden_dim": 305,
                    "SWIM_scale": 1.5918239049207823,
                    "l2_cls": 0.02188599167191985
                },
                {
                    "n_layers": 0,
                    "in_dim": 63,
                    "n_classes": 2,
                    "upscale_type": "SWIM",
                    "activation": "tanh",
                    "use_batchnorm": false,
                    "hidden_dim": 44,
                    "SWIM_scale": 0.5555409386128032,
                    "l2_cls": 0.001026955429569965
                }
            ]
        }
    }
}