{
    "1510": {
        "RFRBoost_batchnormFalse": {
            "score_train": [
                -0.995604395866394,
                -0.9890109896659851,
                -0.9934065937995911,
                -0.9912087917327881,
                -0.9912280440330505
            ],
            "score_test": [
                -0.9736841917037964,
                -0.9912280440330505,
                -0.9824561476707458,
                -0.9649122953414917,
                -0.9734513163566589
            ],
            "t_fit": [
                0.4631950128823519,
                0.4807563330978155,
                0.5283207464963198,
                0.3509058728814125,
                0.3688027895987034
            ],
            "t_inference": [
                0.03097960725426674,
                0.03361831419169903,
                0.04618454538285732,
                0.03338913805782795,
                0.0302724651992321
            ],
            "hyperparams": [
                {
                    "in_dim": 30,
                    "n_classes": 2,
                    "feature_type": "SWIM",
                    "upscale_type": "SWIM",
                    "randfeat_xt_dim": 512,
                    "randfeat_x0_dim": 512,
                    "activation": "tanh",
                    "use_batchnorm": false,
                    "do_linesearch": true,
                    "n_layers": 4,
                    "hidden_dim": 113,
                    "l2_cls": 0.0012157146390428478,
                    "l2_ghat": 6.039042258051433e-05,
                    "boost_lr": 0.24943222252608663,
                    "SWIM_scale": 0.34813541972859174
                },
                {
                    "in_dim": 30,
                    "n_classes": 2,
                    "feature_type": "SWIM",
                    "upscale_type": "SWIM",
                    "randfeat_xt_dim": 512,
                    "randfeat_x0_dim": 512,
                    "activation": "tanh",
                    "use_batchnorm": false,
                    "do_linesearch": true,
                    "n_layers": 4,
                    "hidden_dim": 111,
                    "l2_cls": 0.0004211385558326234,
                    "l2_ghat": 2.2299363159254707e-05,
                    "boost_lr": 0.1275172836984542,
                    "SWIM_scale": 0.2838061620896853
                },
                {
                    "in_dim": 30,
                    "n_classes": 2,
                    "feature_type": "SWIM",
                    "upscale_type": "SWIM",
                    "randfeat_xt_dim": 512,
                    "randfeat_x0_dim": 512,
                    "activation": "tanh",
                    "use_batchnorm": false,
                    "do_linesearch": true,
                    "n_layers": 3,
                    "hidden_dim": 322,
                    "l2_cls": 0.0012978591216219974,
                    "l2_ghat": 0.0007467619264675819,
                    "boost_lr": 0.15196819031875355,
                    "SWIM_scale": 0.6593070816930744
                },
                {
                    "in_dim": 30,
                    "n_classes": 2,
                    "feature_type": "SWIM",
                    "upscale_type": "SWIM",
                    "randfeat_xt_dim": 512,
                    "randfeat_x0_dim": 512,
                    "activation": "tanh",
                    "use_batchnorm": false,
                    "do_linesearch": true,
                    "n_layers": 2,
                    "hidden_dim": 329,
                    "l2_cls": 0.008705564219402056,
                    "l2_ghat": 0.0001596235783997307,
                    "boost_lr": 0.12389440933081818,
                    "SWIM_scale": 0.7867866233934148
                },
                {
                    "in_dim": 30,
                    "n_classes": 2,
                    "feature_type": "SWIM",
                    "upscale_type": "SWIM",
                    "randfeat_xt_dim": 512,
                    "randfeat_x0_dim": 512,
                    "activation": "tanh",
                    "use_batchnorm": false,
                    "do_linesearch": true,
                    "n_layers": 2,
                    "hidden_dim": 256,
                    "l2_cls": 0.0009209305732521501,
                    "l2_ghat": 0.0011814847482490788,
                    "boost_lr": 0.18059550599546315,
                    "SWIM_scale": 0.5106854651830237
                }
            ]
        }
    }
}