{
    "15": {
        "RFNN_iid": {
            "score_train": [
                -0.980322003364563,
                -0.9838998317718506,
                -0.9785330891609192,
                -0.9838998317718506,
                -0.9696428775787354
            ],
            "score_test": [
                -0.9571428298950195,
                -0.9642857313156128,
                -0.9642857313156128,
                -0.9571428298950195,
                -0.9928057789802551
            ],
            "t_fit": [
                0.04596821963787079,
                0.042951904237270355,
                0.030897609889507294,
                0.05179055780172348,
                0.03364521265029907
            ],
            "t_inference": [
                0.002445906400680542,
                0.0014400482177734375,
                0.000407390296459198,
                0.002577260136604309,
                0.000380493700504303
            ],
            "hyperparams": [
                {
                    "n_layers": 0,
                    "in_dim": 9,
                    "n_classes": 2,
                    "upscale_type": "iid",
                    "activation": "tanh",
                    "use_batchnorm": false,
                    "hidden_dim": 509,
                    "iid_scale": 8.55340675320448,
                    "l2_cls": 0.03988122091299047
                },
                {
                    "n_layers": 0,
                    "in_dim": 9,
                    "n_classes": 2,
                    "upscale_type": "iid",
                    "activation": "tanh",
                    "use_batchnorm": false,
                    "hidden_dim": 278,
                    "iid_scale": 4.585043643425156,
                    "l2_cls": 0.01761257438858861
                },
                {
                    "n_layers": 0,
                    "in_dim": 9,
                    "n_classes": 2,
                    "upscale_type": "iid",
                    "activation": "tanh",
                    "use_batchnorm": false,
                    "hidden_dim": 25,
                    "iid_scale": 4.972414424900533,
                    "l2_cls": 0.0016626178482515369
                },
                {
                    "n_layers": 0,
                    "in_dim": 9,
                    "n_classes": 2,
                    "upscale_type": "iid",
                    "activation": "tanh",
                    "use_batchnorm": false,
                    "hidden_dim": 470,
                    "iid_scale": 9.803283043517972,
                    "l2_cls": 0.05090548543853704
                },
                {
                    "n_layers": 0,
                    "in_dim": 9,
                    "n_classes": 2,
                    "upscale_type": "iid",
                    "activation": "tanh",
                    "use_batchnorm": false,
                    "hidden_dim": 25,
                    "iid_scale": 2.004617910720446,
                    "l2_cls": 0.000922856874629993
                }
            ]
        }
    }
}