{
    "1497": {
        "RFRBoost_batchnormFalse": {
            "score_train": [
                -0.9867500066757202,
                -0.9714999794960022,
                -0.9762499928474426,
                -0.9804999828338623,
                -0.9869999885559082
            ],
            "score_test": [
                -0.9179999828338623,
                -0.9229999780654907,
                -0.9240000247955322,
                -0.9169999957084656,
                -0.9290000200271606
            ],
            "t_fit": [
                8.685244277119637,
                5.2948979139328,
                2.9829320646822453,
                10.75654948502779,
                13.995513897389174
            ],
            "t_inference": [
                0.5177831128239632,
                0.6237143538892269,
                0.1590803861618042,
                0.8480104766786098,
                0.7579625397920609
            ],
            "hyperparams": [
                {
                    "in_dim": 24,
                    "n_classes": 4,
                    "feature_type": "SWIM",
                    "upscale_type": "SWIM",
                    "randfeat_xt_dim": 512,
                    "randfeat_x0_dim": 512,
                    "activation": "tanh",
                    "use_batchnorm": false,
                    "do_linesearch": true,
                    "n_layers": 4,
                    "hidden_dim": 349,
                    "l2_cls": 7.492801195348871e-05,
                    "l2_ghat": 0.0004978766750396422,
                    "boost_lr": 0.41974369069906275,
                    "SWIM_scale": 1.6680050159319422
                },
                {
                    "in_dim": 24,
                    "n_classes": 4,
                    "feature_type": "SWIM",
                    "upscale_type": "SWIM",
                    "randfeat_xt_dim": 512,
                    "randfeat_x0_dim": 512,
                    "activation": "tanh",
                    "use_batchnorm": false,
                    "do_linesearch": true,
                    "n_layers": 4,
                    "hidden_dim": 434,
                    "l2_cls": 0.001229316093519463,
                    "l2_ghat": 0.001116470331949712,
                    "boost_lr": 0.6293262144749586,
                    "SWIM_scale": 1.119697531367995
                },
                {
                    "in_dim": 24,
                    "n_classes": 4,
                    "feature_type": "SWIM",
                    "upscale_type": "SWIM",
                    "randfeat_xt_dim": 512,
                    "randfeat_x0_dim": 512,
                    "activation": "tanh",
                    "use_batchnorm": false,
                    "do_linesearch": true,
                    "n_layers": 3,
                    "hidden_dim": 80,
                    "l2_cls": 9.837766072291966e-05,
                    "l2_ghat": 0.0010698453909692496,
                    "boost_lr": 0.5907329101300495,
                    "SWIM_scale": 1.7387287198859351
                },
                {
                    "in_dim": 24,
                    "n_classes": 4,
                    "feature_type": "SWIM",
                    "upscale_type": "SWIM",
                    "randfeat_xt_dim": 512,
                    "randfeat_x0_dim": 512,
                    "activation": "tanh",
                    "use_batchnorm": false,
                    "do_linesearch": true,
                    "n_layers": 5,
                    "hidden_dim": 481,
                    "l2_cls": 0.00026142084954244393,
                    "l2_ghat": 0.0002260318643690476,
                    "boost_lr": 0.46024338008698995,
                    "SWIM_scale": 1.0001215412303406
                },
                {
                    "in_dim": 24,
                    "n_classes": 4,
                    "feature_type": "SWIM",
                    "upscale_type": "SWIM",
                    "randfeat_xt_dim": 512,
                    "randfeat_x0_dim": 512,
                    "activation": "tanh",
                    "use_batchnorm": false,
                    "do_linesearch": true,
                    "n_layers": 5,
                    "hidden_dim": 436,
                    "l2_cls": 2.3433988580546235e-05,
                    "l2_ghat": 9.124776411969679e-05,
                    "boost_lr": 0.30248499516229255,
                    "SWIM_scale": 1.3420593707035715
                }
            ]
        }
    }
}