{
    "40984": {
        "RFNN": {
            "score_train": [
                -0.9751082062721252,
                -0.9626623392105103,
                -0.9669913649559021,
                -0.9621211886405945,
                -0.9523809552192688
            ],
            "score_test": [
                -0.9264069199562073,
                -0.9350649118423462,
                -0.9069263935089111,
                -0.9264069199562073,
                -0.9285714030265808
            ],
            "t_fit": [
                7.110800217837095,
                4.500239260494709,
                4.102360840886831,
                4.746407013386488,
                5.188929408788681
            ],
            "t_inference": [
                0.02305787429213524,
                0.015233982354402542,
                0.012106526643037796,
                0.016316145658493042,
                0.01724693924188614
            ],
            "hyperparams": [
                {
                    "n_layers": 0,
                    "in_dim": 16,
                    "n_classes": 7,
                    "upscale_type": "SWIM",
                    "activation": "tanh",
                    "use_batchnorm": false,
                    "hidden_dim": 467,
                    "SWIM_scale": 1.3159336148482335,
                    "l2_cls": 1.0022832038180052e-05
                },
                {
                    "n_layers": 0,
                    "in_dim": 16,
                    "n_classes": 7,
                    "upscale_type": "SWIM",
                    "activation": "tanh",
                    "use_batchnorm": false,
                    "hidden_dim": 452,
                    "SWIM_scale": 1.464310618988992,
                    "l2_cls": 2.5831698720344906e-05
                },
                {
                    "n_layers": 0,
                    "in_dim": 16,
                    "n_classes": 7,
                    "upscale_type": "SWIM",
                    "activation": "tanh",
                    "use_batchnorm": false,
                    "hidden_dim": 353,
                    "SWIM_scale": 1.370583780253755,
                    "l2_cls": 1.419284420992437e-05
                },
                {
                    "n_layers": 0,
                    "in_dim": 16,
                    "n_classes": 7,
                    "upscale_type": "SWIM",
                    "activation": "tanh",
                    "use_batchnorm": false,
                    "hidden_dim": 435,
                    "SWIM_scale": 1.1290221657631483,
                    "l2_cls": 1.0053991488492557e-05
                },
                {
                    "n_layers": 0,
                    "in_dim": 16,
                    "n_classes": 7,
                    "upscale_type": "SWIM",
                    "activation": "tanh",
                    "use_batchnorm": false,
                    "hidden_dim": 475,
                    "SWIM_scale": 0.85581621501073,
                    "l2_cls": 1.5330333517519636e-05
                }
            ]
        }
    }
}