{
    "41027": {
        "RFRBoost": {
            "score_train": [
                -0.8865000009536743,
                -0.8572499752044678,
                -0.8732500076293945,
                -0.8700000047683716,
                -0.8912500143051147
            ],
            "score_test": [
                -0.8029999732971191,
                -0.7900000214576721,
                -0.7910000085830688,
                -0.7990000247955322,
                -0.8029999732971191
            ],
            "t_fit": [
                0.711044404655695,
                1.3236367516219616,
                0.7256757654249668,
                1.1557738333940506,
                1.8713963627815247
            ],
            "t_inference": [
                0.0733635313808918,
                0.13203374296426773,
                0.0699116550385952,
                0.10298080742359161,
                0.17338388040661812
            ],
            "hyperparams": [
                {
                    "in_dim": 6,
                    "n_classes": 3,
                    "feature_type": "SWIM",
                    "upscale_type": "SWIM",
                    "randfeat_xt_dim": 512,
                    "randfeat_x0_dim": 512,
                    "activation": "tanh",
                    "use_batchnorm": true,
                    "do_linesearch": true,
                    "n_layers": 2,
                    "hidden_dim": 6,
                    "l2_cls": 0.013827833313540037,
                    "l2_ghat": 1.867185981168775e-05,
                    "boost_lr": 0.38273276611647516,
                    "SWIM_scale": 1.396140753756677
                },
                {
                    "in_dim": 6,
                    "n_classes": 3,
                    "feature_type": "SWIM",
                    "upscale_type": "SWIM",
                    "randfeat_xt_dim": 512,
                    "randfeat_x0_dim": 512,
                    "activation": "tanh",
                    "use_batchnorm": true,
                    "do_linesearch": true,
                    "n_layers": 4,
                    "hidden_dim": 6,
                    "l2_cls": 0.016643704251118916,
                    "l2_ghat": 0.028586327795490137,
                    "boost_lr": 0.3839454107819963,
                    "SWIM_scale": 1.7182119955188577
                },
                {
                    "in_dim": 6,
                    "n_classes": 3,
                    "feature_type": "SWIM",
                    "upscale_type": "SWIM",
                    "randfeat_xt_dim": 512,
                    "randfeat_x0_dim": 512,
                    "activation": "tanh",
                    "use_batchnorm": true,
                    "do_linesearch": true,
                    "n_layers": 2,
                    "hidden_dim": 6,
                    "l2_cls": 0.005140121623139359,
                    "l2_ghat": 1.5078844095351758e-06,
                    "boost_lr": 0.5188503077574738,
                    "SWIM_scale": 0.5042275367148341
                },
                {
                    "in_dim": 6,
                    "n_classes": 3,
                    "feature_type": "SWIM",
                    "upscale_type": "SWIM",
                    "randfeat_xt_dim": 512,
                    "randfeat_x0_dim": 512,
                    "activation": "tanh",
                    "use_batchnorm": true,
                    "do_linesearch": true,
                    "n_layers": 3,
                    "hidden_dim": 6,
                    "l2_cls": 0.0003350955586351758,
                    "l2_ghat": 2.7419859168811135e-05,
                    "boost_lr": 0.9278535981695906,
                    "SWIM_scale": 0.6008385217962974
                },
                {
                    "in_dim": 6,
                    "n_classes": 3,
                    "feature_type": "SWIM",
                    "upscale_type": "SWIM",
                    "randfeat_xt_dim": 512,
                    "randfeat_x0_dim": 512,
                    "activation": "tanh",
                    "use_batchnorm": true,
                    "do_linesearch": true,
                    "n_layers": 5,
                    "hidden_dim": 6,
                    "l2_cls": 0.006897569332883732,
                    "l2_ghat": 0.0005959908922528982,
                    "boost_lr": 0.1663097124576526,
                    "SWIM_scale": 1.582111200155683
                }
            ]
        }
    }
}