{
    "1487": {
        "RFRBoost_upscaleiid_linesearchFalse": {
            "score_train": [
                -0.9580661058425903,
                -0.9546127319335938,
                -0.9565860629081726,
                -0.9496793150901794,
                -0.9531558156013489
            ],
            "score_test": [
                -0.9230769276618958,
                -0.9447731971740723,
                -0.9289940595626831,
                -0.9585798978805542,
                -0.95652174949646
            ],
            "t_fit": [
                1.1758117489516735,
                1.411579668521881,
                0.9609712846577168,
                0.8861703053116798,
                1.427979901432991
            ],
            "t_inference": [
                0.23057882115244865,
                0.3340168856084347,
                0.21273129805922508,
                0.16747961193323135,
                0.2919860705733299
            ],
            "hyperparams": [
                {
                    "in_dim": 72,
                    "n_classes": 2,
                    "feature_type": "SWIM",
                    "upscale_type": "iid",
                    "randfeat_xt_dim": 512,
                    "randfeat_x0_dim": 512,
                    "activation": "tanh",
                    "use_batchnorm": true,
                    "do_linesearch": false,
                    "n_layers": 5,
                    "hidden_dim": 149,
                    "l2_cls": 0.021104161654210203,
                    "l2_ghat": 0.0009412850896296355,
                    "boost_lr": 0.5030311874811662,
                    "SWIM_scale": 0.5417909324221968
                },
                {
                    "in_dim": 72,
                    "n_classes": 2,
                    "feature_type": "SWIM",
                    "upscale_type": "iid",
                    "randfeat_xt_dim": 512,
                    "randfeat_x0_dim": 512,
                    "activation": "tanh",
                    "use_batchnorm": true,
                    "do_linesearch": false,
                    "n_layers": 4,
                    "hidden_dim": 289,
                    "l2_cls": 0.03140502064907896,
                    "l2_ghat": 0.0022014159278502033,
                    "boost_lr": 0.5989451776157555,
                    "SWIM_scale": 0.7407663452173927
                },
                {
                    "in_dim": 72,
                    "n_classes": 2,
                    "feature_type": "SWIM",
                    "upscale_type": "iid",
                    "randfeat_xt_dim": 512,
                    "randfeat_x0_dim": 512,
                    "activation": "tanh",
                    "use_batchnorm": true,
                    "do_linesearch": false,
                    "n_layers": 4,
                    "hidden_dim": 190,
                    "l2_cls": 0.020268693262702284,
                    "l2_ghat": 0.0003530634730542955,
                    "boost_lr": 0.222751002400773,
                    "SWIM_scale": 0.6664673932617009
                },
                {
                    "in_dim": 72,
                    "n_classes": 2,
                    "feature_type": "SWIM",
                    "upscale_type": "iid",
                    "randfeat_xt_dim": 512,
                    "randfeat_x0_dim": 512,
                    "activation": "tanh",
                    "use_batchnorm": true,
                    "do_linesearch": false,
                    "n_layers": 4,
                    "hidden_dim": 138,
                    "l2_cls": 0.012488557496569878,
                    "l2_ghat": 0.00225713190896352,
                    "boost_lr": 0.519637104362075,
                    "SWIM_scale": 0.6122705093487696
                },
                {
                    "in_dim": 72,
                    "n_classes": 2,
                    "feature_type": "SWIM",
                    "upscale_type": "iid",
                    "randfeat_xt_dim": 512,
                    "randfeat_x0_dim": 512,
                    "activation": "tanh",
                    "use_batchnorm": true,
                    "do_linesearch": false,
                    "n_layers": 5,
                    "hidden_dim": 155,
                    "l2_cls": 0.03950381250794387,
                    "l2_ghat": 0.0005008491286367791,
                    "boost_lr": 0.5781063923890521,
                    "SWIM_scale": 0.5343281671980084
                }
            ]
        }
    }
}