{
    "40994": {
        "RFRBoost_linesearchFalse_batchnormFalse": {
            "score_train": [
                -0.9814814925193787,
                -0.9837962985038757,
                -0.9884259104728699,
                -0.9884259104728699,
                -0.9722222089767456
            ],
            "score_test": [
                -0.9537037014961243,
                -0.9351851940155029,
                -0.9814814925193787,
                -0.9722222089767456,
                -0.9537037014961243
            ],
            "t_fit": [
                0.6343409158289433,
                0.7839464843273163,
                0.7714224196970463,
                0.8573557734489441,
                0.6196278557181358
            ],
            "t_inference": [
                0.06515207141637802,
                0.0787644200026989,
                0.07756178453564644,
                0.10258129984140396,
                0.04967756196856499
            ],
            "hyperparams": [
                {
                    "in_dim": 18,
                    "n_classes": 2,
                    "feature_type": "SWIM",
                    "upscale_type": "SWIM",
                    "randfeat_xt_dim": 512,
                    "randfeat_x0_dim": 512,
                    "activation": "tanh",
                    "use_batchnorm": false,
                    "do_linesearch": false,
                    "n_layers": 3,
                    "hidden_dim": 283,
                    "l2_cls": 0.002382552853796923,
                    "l2_ghat": 0.002048310293540174,
                    "boost_lr": 0.1361682669445058,
                    "SWIM_scale": 0.5355684294341371
                },
                {
                    "in_dim": 18,
                    "n_classes": 2,
                    "feature_type": "SWIM",
                    "upscale_type": "SWIM",
                    "randfeat_xt_dim": 512,
                    "randfeat_x0_dim": 512,
                    "activation": "tanh",
                    "use_batchnorm": false,
                    "do_linesearch": false,
                    "n_layers": 5,
                    "hidden_dim": 170,
                    "l2_cls": 0.01320786504078843,
                    "l2_ghat": 0.00010848258290362192,
                    "boost_lr": 0.3678011566677767,
                    "SWIM_scale": 0.3177690999320699
                },
                {
                    "in_dim": 18,
                    "n_classes": 2,
                    "feature_type": "SWIM",
                    "upscale_type": "SWIM",
                    "randfeat_xt_dim": 512,
                    "randfeat_x0_dim": 512,
                    "activation": "tanh",
                    "use_batchnorm": false,
                    "do_linesearch": false,
                    "n_layers": 5,
                    "hidden_dim": 170,
                    "l2_cls": 0.01320786504078843,
                    "l2_ghat": 0.00010848258290362192,
                    "boost_lr": 0.3678011566677767,
                    "SWIM_scale": 0.3177690999320699
                },
                {
                    "in_dim": 18,
                    "n_classes": 2,
                    "feature_type": "SWIM",
                    "upscale_type": "SWIM",
                    "randfeat_xt_dim": 512,
                    "randfeat_x0_dim": 512,
                    "activation": "tanh",
                    "use_batchnorm": false,
                    "do_linesearch": false,
                    "n_layers": 4,
                    "hidden_dim": 400,
                    "l2_cls": 0.002084123238805113,
                    "l2_ghat": 0.0004962665782099148,
                    "boost_lr": 0.16275399967733675,
                    "SWIM_scale": 0.43474453841300864
                },
                {
                    "in_dim": 18,
                    "n_classes": 2,
                    "feature_type": "SWIM",
                    "upscale_type": "SWIM",
                    "randfeat_xt_dim": 512,
                    "randfeat_x0_dim": 512,
                    "activation": "tanh",
                    "use_batchnorm": false,
                    "do_linesearch": false,
                    "n_layers": 3,
                    "hidden_dim": 185,
                    "l2_cls": 0.0005638733844029324,
                    "l2_ghat": 1.1403876508922022,
                    "boost_lr": 0.1340549404092468,
                    "SWIM_scale": 0.5707533698272802
                }
            ]
        }
    }
}