{
    "469": {
        "End2End_cpu": {
            "score_train": [
                -0.3563579320907593,
                -0.3799058198928833,
                -0.47178682684898376,
                -0.369905948638916,
                -0.42006269097328186
            ],
            "score_test": [
                -0.21875,
                -0.17499999701976776,
                -0.18867924809455872,
                -0.14465409517288208,
                -0.2012578547000885
            ],
            "t_fit": [
                0.6456686109304428,
                0.7891573365777731,
                1.8425812982022762,
                0.5812941305339336,
                1.1325595397502184
            ],
            "t_inference": [
                0.009813956916332245,
                0.00679374672472477,
                0.022152945399284363,
                0.028048036620020866,
                0.033085063099861145
            ],
            "hyperparams": [
                {
                    "in_dim": 21,
                    "out_dim": 6,
                    "loss": "cce",
                    "bottleneck_dim": 512,
                    "n_blocks": 4,
                    "hidden_dim": 33,
                    "lr": 5.0653692113294937e-05,
                    "end_lr_factor": 0.05993259058020559,
                    "n_epochs": 19,
                    "weight_decay": 7.527277531464797e-06,
                    "batch_size": 128
                },
                {
                    "in_dim": 21,
                    "out_dim": 6,
                    "loss": "cce",
                    "bottleneck_dim": 512,
                    "n_blocks": 1,
                    "hidden_dim": 180,
                    "lr": 9.783673622731044e-05,
                    "end_lr_factor": 0.024936051476808458,
                    "n_epochs": 43,
                    "weight_decay": 0.0001833413443294727,
                    "batch_size": 384
                },
                {
                    "in_dim": 21,
                    "out_dim": 6,
                    "loss": "cce",
                    "bottleneck_dim": 512,
                    "n_blocks": 5,
                    "hidden_dim": 100,
                    "lr": 0.009481987458595433,
                    "end_lr_factor": 0.01669519305250964,
                    "n_epochs": 35,
                    "weight_decay": 0.0005144506637919814,
                    "batch_size": 256
                },
                {
                    "in_dim": 21,
                    "out_dim": 6,
                    "loss": "cce",
                    "bottleneck_dim": 512,
                    "n_blocks": 3,
                    "hidden_dim": 255,
                    "lr": 0.005486038483427785,
                    "end_lr_factor": 0.8146559947726071,
                    "n_epochs": 12,
                    "weight_decay": 1.8452370981420866e-06,
                    "batch_size": 384
                },
                {
                    "in_dim": 21,
                    "out_dim": 6,
                    "loss": "cce",
                    "bottleneck_dim": 512,
                    "n_blocks": 4,
                    "hidden_dim": 217,
                    "lr": 0.007442539153567324,
                    "end_lr_factor": 0.4690661549750684,
                    "n_epochs": 13,
                    "weight_decay": 1.0273853593662018e-06,
                    "batch_size": 128
                }
            ]
        }
    }
}