{
    "38": {
        "RFRBoost_ID": {
            "score_train": [
                -0.9887305498123169,
                -0.9860788583755493,
                -0.9900596141815186,
                -0.9840954542160034,
                -0.988734245300293
            ],
            "score_test": [
                -0.9801324605941772,
                -0.9708608984947205,
                -0.9721485376358032,
                -0.9588859677314758,
                -0.9867374300956726
            ],
            "t_fit": [
                1.4061441887170076,
                0.5283110458403826,
                0.7541736885905266,
                0.9180055260658264,
                0.4607929680496454
            ],
            "t_inference": [
                0.23784061148762703,
                0.05971486307680607,
                0.08829514309763908,
                0.15808958373963833,
                0.07590846158564091
            ],
            "hyperparams": [
                {
                    "in_dim": 53,
                    "n_classes": 2,
                    "feature_type": "SWIM",
                    "upscale_type": "identity",
                    "randfeat_xt_dim": 512,
                    "randfeat_x0_dim": 512,
                    "activation": "tanh",
                    "use_batchnorm": true,
                    "do_linesearch": true,
                    "n_layers": 5,
                    "hidden_dim": 425,
                    "l2_cls": 0.011450804162671455,
                    "l2_ghat": 0.01297712698098702,
                    "boost_lr": 0.195457618288832,
                    "SWIM_scale": 1.7827749714122598
                },
                {
                    "in_dim": 53,
                    "n_classes": 2,
                    "feature_type": "SWIM",
                    "upscale_type": "identity",
                    "randfeat_xt_dim": 512,
                    "randfeat_x0_dim": 512,
                    "activation": "tanh",
                    "use_batchnorm": true,
                    "do_linesearch": true,
                    "n_layers": 1,
                    "hidden_dim": 49,
                    "l2_cls": 0.021549413470326354,
                    "l2_ghat": 0.0015822559616689954,
                    "boost_lr": 0.791120762367105,
                    "SWIM_scale": 1.8116699718184277
                },
                {
                    "in_dim": 53,
                    "n_classes": 2,
                    "feature_type": "SWIM",
                    "upscale_type": "identity",
                    "randfeat_xt_dim": 512,
                    "randfeat_x0_dim": 512,
                    "activation": "tanh",
                    "use_batchnorm": true,
                    "do_linesearch": true,
                    "n_layers": 2,
                    "hidden_dim": 32,
                    "l2_cls": 0.016957060032404762,
                    "l2_ghat": 0.0006419945045471255,
                    "boost_lr": 0.5672687096590727,
                    "SWIM_scale": 1.0741977584293638
                },
                {
                    "in_dim": 53,
                    "n_classes": 2,
                    "feature_type": "SWIM",
                    "upscale_type": "identity",
                    "randfeat_xt_dim": 512,
                    "randfeat_x0_dim": 512,
                    "activation": "tanh",
                    "use_batchnorm": true,
                    "do_linesearch": true,
                    "n_layers": 4,
                    "hidden_dim": 192,
                    "l2_cls": 0.02039932252132333,
                    "l2_ghat": 0.010456235179046963,
                    "boost_lr": 0.22759628715150335,
                    "SWIM_scale": 1.1915543435014218
                },
                {
                    "in_dim": 53,
                    "n_classes": 2,
                    "feature_type": "SWIM",
                    "upscale_type": "identity",
                    "randfeat_xt_dim": 512,
                    "randfeat_x0_dim": 512,
                    "activation": "tanh",
                    "use_batchnorm": true,
                    "do_linesearch": true,
                    "n_layers": 2,
                    "hidden_dim": 116,
                    "l2_cls": 0.01798592070958457,
                    "l2_ghat": 0.0032352919261748924,
                    "boost_lr": 0.754958975020636,
                    "SWIM_scale": 1.3766874122123085
                }
            ]
        }
    }
}