{
    "1461": {
        "RFRBoost_ID_batchnormFalse": {
            "score_train": [
                -0.9082499742507935,
                -0.9202499985694885,
                -0.9427499771118164,
                -0.9070000052452087,
                -0.9192500114440918
            ],
            "score_test": [
                -0.8999999761581421,
                -0.8989999890327454,
                -0.9020000100135803,
                -0.9010000228881836,
                -0.9160000085830688
            ],
            "t_fit": [
                1.4989225715398788,
                0.9634059444069862,
                2.4675774201750755,
                0.3935937434434891,
                2.6833644285798073
            ],
            "t_inference": [
                0.2372063770890236,
                0.14941424131393433,
                0.3453652784228325,
                0.05357561260461807,
                0.4146891236305237
            ],
            "hyperparams": [
                {
                    "in_dim": 51,
                    "n_classes": 2,
                    "feature_type": "SWIM",
                    "upscale_type": "identity",
                    "randfeat_xt_dim": 512,
                    "randfeat_x0_dim": 512,
                    "activation": "tanh",
                    "use_batchnorm": false,
                    "do_linesearch": true,
                    "n_layers": 4,
                    "hidden_dim": 482,
                    "l2_cls": 5.043754241450641e-05,
                    "l2_ghat": 0.8383497990847186,
                    "boost_lr": 0.19285461743617027,
                    "SWIM_scale": 1.3193503934400783
                },
                {
                    "in_dim": 51,
                    "n_classes": 2,
                    "feature_type": "SWIM",
                    "upscale_type": "identity",
                    "randfeat_xt_dim": 512,
                    "randfeat_x0_dim": 512,
                    "activation": "tanh",
                    "use_batchnorm": false,
                    "do_linesearch": true,
                    "n_layers": 3,
                    "hidden_dim": 96,
                    "l2_cls": 0.00036881493382427027,
                    "l2_ghat": 0.004308681137898393,
                    "boost_lr": 0.10648961428429887,
                    "SWIM_scale": 1.4729024085142302
                },
                {
                    "in_dim": 51,
                    "n_classes": 2,
                    "feature_type": "SWIM",
                    "upscale_type": "identity",
                    "randfeat_xt_dim": 512,
                    "randfeat_x0_dim": 512,
                    "activation": "tanh",
                    "use_batchnorm": false,
                    "do_linesearch": true,
                    "n_layers": 5,
                    "hidden_dim": 462,
                    "l2_cls": 0.0005773657716073844,
                    "l2_ghat": 0.00048783106121515636,
                    "boost_lr": 0.10024153235967379,
                    "SWIM_scale": 1.3624724438633513
                },
                {
                    "in_dim": 51,
                    "n_classes": 2,
                    "feature_type": "SWIM",
                    "upscale_type": "identity",
                    "randfeat_xt_dim": 512,
                    "randfeat_x0_dim": 512,
                    "activation": "tanh",
                    "use_batchnorm": false,
                    "do_linesearch": true,
                    "n_layers": 1,
                    "hidden_dim": 242,
                    "l2_cls": 1.5777663630582458e-06,
                    "l2_ghat": 0.0012997969313168253,
                    "boost_lr": 0.3912141628549695,
                    "SWIM_scale": 0.331288222259996
                },
                {
                    "in_dim": 51,
                    "n_classes": 2,
                    "feature_type": "SWIM",
                    "upscale_type": "identity",
                    "randfeat_xt_dim": 512,
                    "randfeat_x0_dim": 512,
                    "activation": "tanh",
                    "use_batchnorm": false,
                    "do_linesearch": true,
                    "n_layers": 4,
                    "hidden_dim": 511,
                    "l2_cls": 3.867603582937039e-05,
                    "l2_ghat": 0.00626191761448593,
                    "boost_lr": 0.1220481015008482,
                    "SWIM_scale": 1.065625042362438
                }
            ]
        }
    }
}