{
    "11": {
        "RFRBoost_linesearchFalse_batchnormFalse": {
            "score_train": [
                -0.984000027179718,
                -0.9860000014305115,
                -0.9739999771118164,
                -0.9639999866485596,
                -0.972000002861023
            ],
            "score_test": [
                -0.9440000057220459,
                -0.984000027179718,
                -0.9520000219345093,
                -0.9200000166893005,
                -0.9120000004768372
            ],
            "t_fit": [
                0.47280924022197723,
                0.8838093616068363,
                0.44536780565977097,
                0.613994188606739,
                0.745480727404356
            ],
            "t_inference": [
                0.02300334721803665,
                0.03645770996809006,
                0.014838464558124542,
                0.0235605426132679,
                0.02998257428407669
            ],
            "hyperparams": [
                {
                    "in_dim": 4,
                    "n_classes": 3,
                    "feature_type": "SWIM",
                    "upscale_type": "SWIM",
                    "randfeat_xt_dim": 512,
                    "randfeat_x0_dim": 512,
                    "activation": "tanh",
                    "use_batchnorm": false,
                    "do_linesearch": false,
                    "n_layers": 3,
                    "hidden_dim": 4,
                    "l2_cls": 0.015394730064463485,
                    "l2_ghat": 0.00017069156990569384,
                    "boost_lr": 0.944304414912902,
                    "SWIM_scale": 0.47624108747973753
                },
                {
                    "in_dim": 4,
                    "n_classes": 3,
                    "feature_type": "SWIM",
                    "upscale_type": "SWIM",
                    "randfeat_xt_dim": 512,
                    "randfeat_x0_dim": 512,
                    "activation": "tanh",
                    "use_batchnorm": false,
                    "do_linesearch": false,
                    "n_layers": 4,
                    "hidden_dim": 4,
                    "l2_cls": 2.593662099984388e-05,
                    "l2_ghat": 0.1763283015102835,
                    "boost_lr": 0.14061619902871952,
                    "SWIM_scale": 0.9471188596857597
                },
                {
                    "in_dim": 4,
                    "n_classes": 3,
                    "feature_type": "SWIM",
                    "upscale_type": "SWIM",
                    "randfeat_xt_dim": 512,
                    "randfeat_x0_dim": 512,
                    "activation": "tanh",
                    "use_batchnorm": false,
                    "do_linesearch": false,
                    "n_layers": 2,
                    "hidden_dim": 4,
                    "l2_cls": 3.6586072963614927e-06,
                    "l2_ghat": 0.14705431227981278,
                    "boost_lr": 0.10322827067785989,
                    "SWIM_scale": 0.9422468945388832
                },
                {
                    "in_dim": 4,
                    "n_classes": 3,
                    "feature_type": "SWIM",
                    "upscale_type": "SWIM",
                    "randfeat_xt_dim": 512,
                    "randfeat_x0_dim": 512,
                    "activation": "tanh",
                    "use_batchnorm": false,
                    "do_linesearch": false,
                    "n_layers": 3,
                    "hidden_dim": 4,
                    "l2_cls": 9.880394406592108e-07,
                    "l2_ghat": 4.704038537335611,
                    "boost_lr": 0.38718865293015475,
                    "SWIM_scale": 1.4828181933387052
                },
                {
                    "in_dim": 4,
                    "n_classes": 3,
                    "feature_type": "SWIM",
                    "upscale_type": "SWIM",
                    "randfeat_xt_dim": 512,
                    "randfeat_x0_dim": 512,
                    "activation": "tanh",
                    "use_batchnorm": false,
                    "do_linesearch": false,
                    "n_layers": 3,
                    "hidden_dim": 4,
                    "l2_cls": 2.63376300800324e-07,
                    "l2_ghat": 2.767199925294036,
                    "boost_lr": 0.17089531225837948,
                    "SWIM_scale": 1.6771412867328792
                }
            ]
        }
    }
}