{
    "40701": {
        "RFRBoost_upscaleiid_batchnormFalse": {
            "score_train": [
                -0.9610000252723694,
                -0.9585000276565552,
                -0.9520000219345093,
                -0.9664999842643738,
                -0.9612500071525574
            ],
            "score_test": [
                -0.9309999942779541,
                -0.9369999766349792,
                -0.9240000247955322,
                -0.9350000023841858,
                -0.9350000023841858
            ],
            "t_fit": [
                0.7217111252248287,
                1.244574785232544,
                0.8353838138282299,
                1.1012972239404917,
                0.985042929649353
            ],
            "t_inference": [
                0.15021239779889584,
                0.32754135876893997,
                0.14974701032042503,
                0.19305775873363018,
                0.20994581282138824
            ],
            "hyperparams": [
                {
                    "in_dim": 33,
                    "n_classes": 2,
                    "feature_type": "SWIM",
                    "upscale_type": "iid",
                    "randfeat_xt_dim": 512,
                    "randfeat_x0_dim": 512,
                    "activation": "tanh",
                    "use_batchnorm": false,
                    "do_linesearch": true,
                    "n_layers": 2,
                    "hidden_dim": 138,
                    "l2_cls": 0.060274115576086966,
                    "l2_ghat": 0.0036722363715298405,
                    "boost_lr": 0.5010231573211992,
                    "SWIM_scale": 1.454693841585323
                },
                {
                    "in_dim": 33,
                    "n_classes": 2,
                    "feature_type": "SWIM",
                    "upscale_type": "iid",
                    "randfeat_xt_dim": 512,
                    "randfeat_x0_dim": 512,
                    "activation": "tanh",
                    "use_batchnorm": false,
                    "do_linesearch": true,
                    "n_layers": 2,
                    "hidden_dim": 409,
                    "l2_cls": 0.04432442904600339,
                    "l2_ghat": 0.021222664295972356,
                    "boost_lr": 0.5432861310091921,
                    "SWIM_scale": 1.8516578598307265
                },
                {
                    "in_dim": 33,
                    "n_classes": 2,
                    "feature_type": "SWIM",
                    "upscale_type": "iid",
                    "randfeat_xt_dim": 512,
                    "randfeat_x0_dim": 512,
                    "activation": "tanh",
                    "use_batchnorm": false,
                    "do_linesearch": true,
                    "n_layers": 3,
                    "hidden_dim": 47,
                    "l2_cls": 0.04210464893406112,
                    "l2_ghat": 0.07104109993026653,
                    "boost_lr": 0.4886756868120008,
                    "SWIM_scale": 1.986706575442049
                },
                {
                    "in_dim": 33,
                    "n_classes": 2,
                    "feature_type": "SWIM",
                    "upscale_type": "iid",
                    "randfeat_xt_dim": 512,
                    "randfeat_x0_dim": 512,
                    "activation": "tanh",
                    "use_batchnorm": false,
                    "do_linesearch": true,
                    "n_layers": 3,
                    "hidden_dim": 107,
                    "l2_cls": 0.000471763982436782,
                    "l2_ghat": 0.055042606452513784,
                    "boost_lr": 0.5288194205701752,
                    "SWIM_scale": 1.5842396726488446
                },
                {
                    "in_dim": 33,
                    "n_classes": 2,
                    "feature_type": "SWIM",
                    "upscale_type": "iid",
                    "randfeat_xt_dim": 512,
                    "randfeat_x0_dim": 512,
                    "activation": "tanh",
                    "use_batchnorm": false,
                    "do_linesearch": true,
                    "n_layers": 3,
                    "hidden_dim": 146,
                    "l2_cls": 0.048652952780785165,
                    "l2_ghat": 0.023253072810703386,
                    "boost_lr": 0.6082927196403426,
                    "SWIM_scale": 1.7224362616085465
                }
            ]
        }
    }
}