{
    "1464": {
        "RFRBoost_ID": {
            "score_train": [
                -0.7993311285972595,
                -0.8143812417984009,
                -0.8210702538490295,
                -0.818030059337616,
                -0.821368932723999
            ],
            "score_test": [
                -0.8133333325386047,
                -0.8066666722297668,
                -0.753333330154419,
                -0.791946291923523,
                -0.7651006579399109
            ],
            "t_fit": [
                0.16574407368898392,
                1.4370799772441387,
                1.5948981195688248,
                0.128829438239336,
                1.1269654408097267
            ],
            "t_inference": [
                0.008877627551555634,
                0.08243833854794502,
                0.07840876653790474,
                0.006052710115909576,
                0.052563298493623734
            ],
            "hyperparams": [
                {
                    "in_dim": 4,
                    "n_classes": 2,
                    "feature_type": "SWIM",
                    "upscale_type": "identity",
                    "randfeat_xt_dim": 512,
                    "randfeat_x0_dim": 512,
                    "activation": "tanh",
                    "use_batchnorm": true,
                    "do_linesearch": true,
                    "n_layers": 1,
                    "hidden_dim": 4,
                    "l2_cls": 0.0015216399868963335,
                    "l2_ghat": 0.024692901003130055,
                    "boost_lr": 0.28099734319663117,
                    "SWIM_scale": 1.3205765912627
                },
                {
                    "in_dim": 4,
                    "n_classes": 2,
                    "feature_type": "SWIM",
                    "upscale_type": "identity",
                    "randfeat_xt_dim": 512,
                    "randfeat_x0_dim": 512,
                    "activation": "tanh",
                    "use_batchnorm": true,
                    "do_linesearch": true,
                    "n_layers": 10,
                    "hidden_dim": 4,
                    "l2_cls": 2.3403065317192338e-05,
                    "l2_ghat": 1.429503080415293,
                    "boost_lr": 0.21256442761538216,
                    "SWIM_scale": 0.8723889982521936
                },
                {
                    "in_dim": 4,
                    "n_classes": 2,
                    "feature_type": "SWIM",
                    "upscale_type": "identity",
                    "randfeat_xt_dim": 512,
                    "randfeat_x0_dim": 512,
                    "activation": "tanh",
                    "use_batchnorm": true,
                    "do_linesearch": true,
                    "n_layers": 10,
                    "hidden_dim": 4,
                    "l2_cls": 1.0662728708072739e-05,
                    "l2_ghat": 6.9429677684185656,
                    "boost_lr": 0.10807896261956533,
                    "SWIM_scale": 1.4929115487139273
                },
                {
                    "in_dim": 4,
                    "n_classes": 2,
                    "feature_type": "SWIM",
                    "upscale_type": "identity",
                    "randfeat_xt_dim": 512,
                    "randfeat_x0_dim": 512,
                    "activation": "tanh",
                    "use_batchnorm": true,
                    "do_linesearch": true,
                    "n_layers": 1,
                    "hidden_dim": 4,
                    "l2_cls": 0.00010639750314747445,
                    "l2_ghat": 0.04559801397780076,
                    "boost_lr": 0.3513592164878365,
                    "SWIM_scale": 1.2241467455422632
                },
                {
                    "in_dim": 4,
                    "n_classes": 2,
                    "feature_type": "SWIM",
                    "upscale_type": "identity",
                    "randfeat_xt_dim": 512,
                    "randfeat_x0_dim": 512,
                    "activation": "tanh",
                    "use_batchnorm": true,
                    "do_linesearch": true,
                    "n_layers": 7,
                    "hidden_dim": 4,
                    "l2_cls": 6.166418365085429e-05,
                    "l2_ghat": 7.73073249136361,
                    "boost_lr": 0.11880505966276055,
                    "SWIM_scale": 1.0260758399015684
                }
            ]
        }
    }
}