{
    "182": {
        "RFRBoost_ID_batchnormFalse": {
            "score_train": [
                -0.9667500257492065,
                -0.9495000243186951,
                -0.9539999961853027,
                -0.9559999704360962,
                -0.9664999842643738
            ],
            "score_test": [
                -0.9079999923706055,
                -0.906000018119812,
                -0.8960000276565552,
                -0.9079999923706055,
                -0.9240000247955322
            ],
            "t_fit": [
                6.421493984758854,
                4.579729676246643,
                6.1741009168326855,
                4.414103779941797,
                2.2022610008716583
            ],
            "t_inference": [
                0.5837702602148056,
                0.4745267741382122,
                0.6848550140857697,
                0.39620865508913994,
                0.21252239122986794
            ],
            "hyperparams": [
                {
                    "in_dim": 36,
                    "n_classes": 6,
                    "feature_type": "SWIM",
                    "upscale_type": "identity",
                    "randfeat_xt_dim": 512,
                    "randfeat_x0_dim": 512,
                    "activation": "tanh",
                    "use_batchnorm": false,
                    "do_linesearch": true,
                    "n_layers": 7,
                    "hidden_dim": 36,
                    "l2_cls": 8.827369539219455e-05,
                    "l2_ghat": 0.00044834197513616354,
                    "boost_lr": 0.3494033767587115,
                    "SWIM_scale": 0.9437780276736067
                },
                {
                    "in_dim": 36,
                    "n_classes": 6,
                    "feature_type": "SWIM",
                    "upscale_type": "identity",
                    "randfeat_xt_dim": 512,
                    "randfeat_x0_dim": 512,
                    "activation": "tanh",
                    "use_batchnorm": false,
                    "do_linesearch": true,
                    "n_layers": 6,
                    "hidden_dim": 36,
                    "l2_cls": 0.001340126637761187,
                    "l2_ghat": 0.024335300321149167,
                    "boost_lr": 0.718016437265653,
                    "SWIM_scale": 1.3192867767515264
                },
                {
                    "in_dim": 36,
                    "n_classes": 6,
                    "feature_type": "SWIM",
                    "upscale_type": "identity",
                    "randfeat_xt_dim": 512,
                    "randfeat_x0_dim": 512,
                    "activation": "tanh",
                    "use_batchnorm": false,
                    "do_linesearch": true,
                    "n_layers": 8,
                    "hidden_dim": 36,
                    "l2_cls": 0.0022024993857386282,
                    "l2_ghat": 0.02461766560827208,
                    "boost_lr": 0.4665525613954813,
                    "SWIM_scale": 1.4290711232516475
                },
                {
                    "in_dim": 36,
                    "n_classes": 6,
                    "feature_type": "SWIM",
                    "upscale_type": "identity",
                    "randfeat_xt_dim": 512,
                    "randfeat_x0_dim": 512,
                    "activation": "tanh",
                    "use_batchnorm": false,
                    "do_linesearch": true,
                    "n_layers": 5,
                    "hidden_dim": 36,
                    "l2_cls": 0.00042675927272262234,
                    "l2_ghat": 1.030381231214768e-05,
                    "boost_lr": 0.3412420363542668,
                    "SWIM_scale": 0.5672825219213645
                },
                {
                    "in_dim": 36,
                    "n_classes": 6,
                    "feature_type": "SWIM",
                    "upscale_type": "identity",
                    "randfeat_xt_dim": 512,
                    "randfeat_x0_dim": 512,
                    "activation": "tanh",
                    "use_batchnorm": false,
                    "do_linesearch": true,
                    "n_layers": 3,
                    "hidden_dim": 36,
                    "l2_cls": 0.004926103432983475,
                    "l2_ghat": 0.00010709379112967266,
                    "boost_lr": 0.9544361044342878,
                    "SWIM_scale": 1.1625459586351663
                }
            ]
        }
    }
}