{
    "307": {
        "RFNN": {
            "score_train": [
                -1.0,
                -1.0,
                -1.0,
                -1.0,
                -1.0
            ],
            "score_test": [
                -0.9949495196342468,
                -0.9696969985961914,
                -0.9646464586257935,
                -0.939393937587738,
                -0.9797979593276978
            ],
            "t_fit": [
                2.9100417867302895,
                2.4701889529824257,
                1.9123043790459633,
                2.8737954050302505,
                4.228528127074242
            ],
            "t_inference": [
                0.004404783248901367,
                0.0037048235535621643,
                0.0034449920058250427,
                0.0041918084025382996,
                0.01216108351945877
            ],
            "hyperparams": [
                {
                    "n_layers": 0,
                    "in_dim": 27,
                    "n_classes": 11,
                    "upscale_type": "SWIM",
                    "activation": "tanh",
                    "use_batchnorm": false,
                    "hidden_dim": 479,
                    "SWIM_scale": 1.8674555794356031,
                    "l2_cls": 2.7151639439630097e-07
                },
                {
                    "n_layers": 0,
                    "in_dim": 27,
                    "n_classes": 11,
                    "upscale_type": "SWIM",
                    "activation": "tanh",
                    "use_batchnorm": false,
                    "hidden_dim": 279,
                    "SWIM_scale": 1.5042227998023419,
                    "l2_cls": 1.2684043349645165e-07
                },
                {
                    "n_layers": 0,
                    "in_dim": 27,
                    "n_classes": 11,
                    "upscale_type": "SWIM",
                    "activation": "tanh",
                    "use_batchnorm": false,
                    "hidden_dim": 320,
                    "SWIM_scale": 1.6476207436524588,
                    "l2_cls": 1.004534679765213e-07
                },
                {
                    "n_layers": 0,
                    "in_dim": 27,
                    "n_classes": 11,
                    "upscale_type": "SWIM",
                    "activation": "tanh",
                    "use_batchnorm": false,
                    "hidden_dim": 465,
                    "SWIM_scale": 1.4453284213999027,
                    "l2_cls": 3.9419319526394003e-07
                },
                {
                    "n_layers": 0,
                    "in_dim": 27,
                    "n_classes": 11,
                    "upscale_type": "SWIM",
                    "activation": "tanh",
                    "use_batchnorm": false,
                    "hidden_dim": 510,
                    "SWIM_scale": 1.6004122506996417,
                    "l2_cls": 4.435165595485241e-06
                }
            ]
        }
    }
}