{
    "6": {
        "RFRBoost": {
            "score_train": [
                -0.9915000200271606,
                -0.999750018119812,
                -0.9900000095367432,
                -0.9934999942779541,
                -0.9992499947547913
            ],
            "score_test": [
                -0.9010000228881836,
                -0.9020000100135803,
                -0.9010000228881836,
                -0.8960000276565552,
                -0.9070000052452087
            ],
            "t_fit": [
                4.382658116519451,
                6.9537578746676445,
                3.4275261983275414,
                3.5014230236411095,
                4.279784016311169
            ],
            "t_inference": [
                0.36770306527614594,
                0.5352893173694611,
                0.29055991768836975,
                0.2980424612760544,
                0.3765553683042526
            ],
            "hyperparams": [
                {
                    "in_dim": 16,
                    "n_classes": 26,
                    "feature_type": "SWIM",
                    "upscale_type": "SWIM",
                    "randfeat_xt_dim": 512,
                    "randfeat_x0_dim": 512,
                    "activation": "tanh",
                    "use_batchnorm": true,
                    "do_linesearch": true,
                    "n_layers": 5,
                    "hidden_dim": 16,
                    "l2_cls": 0.000583712176760232,
                    "l2_ghat": 3.195572201106367e-05,
                    "boost_lr": 0.38428919726438,
                    "SWIM_scale": 0.4381278823102795
                },
                {
                    "in_dim": 16,
                    "n_classes": 26,
                    "feature_type": "SWIM",
                    "upscale_type": "SWIM",
                    "randfeat_xt_dim": 512,
                    "randfeat_x0_dim": 512,
                    "activation": "tanh",
                    "use_batchnorm": true,
                    "do_linesearch": true,
                    "n_layers": 5,
                    "hidden_dim": 16,
                    "l2_cls": 5.1364761949027776e-05,
                    "l2_ghat": 1.2574034750397003e-06,
                    "boost_lr": 0.6024432057485205,
                    "SWIM_scale": 0.3302063597005497
                },
                {
                    "in_dim": 16,
                    "n_classes": 26,
                    "feature_type": "SWIM",
                    "upscale_type": "SWIM",
                    "randfeat_xt_dim": 512,
                    "randfeat_x0_dim": 512,
                    "activation": "tanh",
                    "use_batchnorm": true,
                    "do_linesearch": true,
                    "n_layers": 3,
                    "hidden_dim": 16,
                    "l2_cls": 0.0004156712746284008,
                    "l2_ghat": 4.450091520791638e-06,
                    "boost_lr": 0.8763494514394843,
                    "SWIM_scale": 0.39563441842938674
                },
                {
                    "in_dim": 16,
                    "n_classes": 26,
                    "feature_type": "SWIM",
                    "upscale_type": "SWIM",
                    "randfeat_xt_dim": 512,
                    "randfeat_x0_dim": 512,
                    "activation": "tanh",
                    "use_batchnorm": true,
                    "do_linesearch": true,
                    "n_layers": 3,
                    "hidden_dim": 16,
                    "l2_cls": 0.00021431597048785,
                    "l2_ghat": 1.7238809612816137e-06,
                    "boost_lr": 0.5899867887777761,
                    "SWIM_scale": 0.43494235911767726
                },
                {
                    "in_dim": 16,
                    "n_classes": 26,
                    "feature_type": "SWIM",
                    "upscale_type": "SWIM",
                    "randfeat_xt_dim": 512,
                    "randfeat_x0_dim": 512,
                    "activation": "tanh",
                    "use_batchnorm": true,
                    "do_linesearch": true,
                    "n_layers": 5,
                    "hidden_dim": 16,
                    "l2_cls": 0.00037818104524723863,
                    "l2_ghat": 8.476430424384263e-05,
                    "boost_lr": 0.7556487643995736,
                    "SWIM_scale": 0.619844483699646
                }
            ]
        }
    }
}