{
    "14": {
        "RFRBoost_upscaleiid": {
            "score_train": [
                -0.9175000190734863,
                -0.9318749904632568,
                -0.9081249833106995,
                -0.9024999737739563,
                -0.9574999809265137
            ],
            "score_test": [
                -0.8149999976158142,
                -0.8399999737739563,
                -0.8199999928474426,
                -0.8274999856948853,
                -0.8650000095367432
            ],
            "t_fit": [
                0.6781285777688026,
                2.586754273623228,
                1.150016501545906,
                2.431092631071806,
                0.4901999495923519
            ],
            "t_inference": [
                0.0821552462875843,
                0.3615827225148678,
                0.1450747661292553,
                0.27949679642915726,
                0.060649801045656204
            ],
            "hyperparams": [
                {
                    "in_dim": 76,
                    "n_classes": 10,
                    "feature_type": "SWIM",
                    "upscale_type": "iid",
                    "randfeat_xt_dim": 512,
                    "randfeat_x0_dim": 512,
                    "activation": "tanh",
                    "use_batchnorm": true,
                    "do_linesearch": true,
                    "n_layers": 1,
                    "hidden_dim": 197,
                    "l2_cls": 0.05542573212117381,
                    "l2_ghat": 0.0025522160539146682,
                    "boost_lr": 0.9096757521343186,
                    "SWIM_scale": 1.184868350165432
                },
                {
                    "in_dim": 76,
                    "n_classes": 10,
                    "feature_type": "SWIM",
                    "upscale_type": "iid",
                    "randfeat_xt_dim": 512,
                    "randfeat_x0_dim": 512,
                    "activation": "tanh",
                    "use_batchnorm": true,
                    "do_linesearch": true,
                    "n_layers": 5,
                    "hidden_dim": 455,
                    "l2_cls": 0.07735410627367477,
                    "l2_ghat": 0.006438984266967318,
                    "boost_lr": 0.20644520090321059,
                    "SWIM_scale": 0.7696246244217513
                },
                {
                    "in_dim": 76,
                    "n_classes": 10,
                    "feature_type": "SWIM",
                    "upscale_type": "iid",
                    "randfeat_xt_dim": 512,
                    "randfeat_x0_dim": 512,
                    "activation": "tanh",
                    "use_batchnorm": true,
                    "do_linesearch": true,
                    "n_layers": 2,
                    "hidden_dim": 322,
                    "l2_cls": 0.04701076777511448,
                    "l2_ghat": 0.0006991372984824172,
                    "boost_lr": 0.29003731128579263,
                    "SWIM_scale": 0.4204054520507732
                },
                {
                    "in_dim": 76,
                    "n_classes": 10,
                    "feature_type": "SWIM",
                    "upscale_type": "iid",
                    "randfeat_xt_dim": 512,
                    "randfeat_x0_dim": 512,
                    "activation": "tanh",
                    "use_batchnorm": true,
                    "do_linesearch": true,
                    "n_layers": 3,
                    "hidden_dim": 427,
                    "l2_cls": 0.03514175081746145,
                    "l2_ghat": 0.15293979877401317,
                    "boost_lr": 0.7889678687871515,
                    "SWIM_scale": 0.9023433117798529
                },
                {
                    "in_dim": 76,
                    "n_classes": 10,
                    "feature_type": "SWIM",
                    "upscale_type": "iid",
                    "randfeat_xt_dim": 512,
                    "randfeat_x0_dim": 512,
                    "activation": "tanh",
                    "use_batchnorm": true,
                    "do_linesearch": true,
                    "n_layers": 1,
                    "hidden_dim": 327,
                    "l2_cls": 0.055735473389017416,
                    "l2_ghat": 0.00022073582824691783,
                    "boost_lr": 0.18580636322316738,
                    "SWIM_scale": 1.1575539466723537
                }
            ]
        }
    }
}