{
    "15": {
        "RFRBoost_upscaleiid_batchnormFalse": {
            "score_train": [
                -0.980322003364563,
                -0.980322003364563,
                -0.9677996635437012,
                -0.9785330891609192,
                -0.9696428775787354
            ],
            "score_test": [
                -0.9571428298950195,
                -0.949999988079071,
                -0.9642857313156128,
                -0.949999988079071,
                -0.9928057789802551
            ],
            "t_fit": [
                0.22258284874260426,
                0.12070424854755402,
                0.336377153173089,
                0.35258694365620613,
                0.41758271120488644
            ],
            "t_inference": [
                0.009355297312140465,
                0.005049647763371468,
                0.017387809231877327,
                0.017822332680225372,
                0.021094363182783127
            ],
            "hyperparams": [
                {
                    "in_dim": 9,
                    "n_classes": 2,
                    "feature_type": "SWIM",
                    "upscale_type": "iid",
                    "randfeat_xt_dim": 512,
                    "randfeat_x0_dim": 512,
                    "activation": "tanh",
                    "use_batchnorm": false,
                    "do_linesearch": true,
                    "n_layers": 2,
                    "hidden_dim": 9,
                    "l2_cls": 0.0001157724536213379,
                    "l2_ghat": 0.4310417473049601,
                    "boost_lr": 0.8867272186911008,
                    "SWIM_scale": 1.5844901781064507
                },
                {
                    "in_dim": 9,
                    "n_classes": 2,
                    "feature_type": "SWIM",
                    "upscale_type": "iid",
                    "randfeat_xt_dim": 512,
                    "randfeat_x0_dim": 512,
                    "activation": "tanh",
                    "use_batchnorm": false,
                    "do_linesearch": true,
                    "n_layers": 1,
                    "hidden_dim": 9,
                    "l2_cls": 0.00011079141504310855,
                    "l2_ghat": 0.0005966938122514564,
                    "boost_lr": 0.25228295631513414,
                    "SWIM_scale": 0.6250899465927662
                },
                {
                    "in_dim": 9,
                    "n_classes": 2,
                    "feature_type": "SWIM",
                    "upscale_type": "iid",
                    "randfeat_xt_dim": 512,
                    "randfeat_x0_dim": 512,
                    "activation": "tanh",
                    "use_batchnorm": false,
                    "do_linesearch": true,
                    "n_layers": 4,
                    "hidden_dim": 9,
                    "l2_cls": 0.0065636551066524385,
                    "l2_ghat": 0.5008511358684494,
                    "boost_lr": 0.3513178542437772,
                    "SWIM_scale": 0.36083139434567907
                },
                {
                    "in_dim": 9,
                    "n_classes": 2,
                    "feature_type": "SWIM",
                    "upscale_type": "iid",
                    "randfeat_xt_dim": 512,
                    "randfeat_x0_dim": 512,
                    "activation": "tanh",
                    "use_batchnorm": false,
                    "do_linesearch": true,
                    "n_layers": 4,
                    "hidden_dim": 9,
                    "l2_cls": 0.01828709067654008,
                    "l2_ghat": 0.005446062475463131,
                    "boost_lr": 0.16661532756345485,
                    "SWIM_scale": 0.4164236965283009
                },
                {
                    "in_dim": 9,
                    "n_classes": 2,
                    "feature_type": "SWIM",
                    "upscale_type": "iid",
                    "randfeat_xt_dim": 512,
                    "randfeat_x0_dim": 512,
                    "activation": "tanh",
                    "use_batchnorm": false,
                    "do_linesearch": true,
                    "n_layers": 5,
                    "hidden_dim": 9,
                    "l2_cls": 0.03409738578169328,
                    "l2_ghat": 8.169249183517323,
                    "boost_lr": 0.8874702267074767,
                    "SWIM_scale": 1.1296757118126728
                }
            ]
        }
    }
}