{
    "1497": {
        "RFRBoost_linesearchFalse": {
            "score_train": [
                -0.9807500243186951,
                -0.9822499752044678,
                -0.9804999828338623,
                -0.9754999876022339,
                -0.9729999899864197
            ],
            "score_test": [
                -0.9070000052452087,
                -0.9309999942779541,
                -0.9229999780654907,
                -0.9049999713897705,
                -0.9200000166893005
            ],
            "t_fit": [
                3.91363986954093,
                3.7911153733730316,
                4.59131532907486,
                9.520403742790222,
                3.1479067765176296
            ],
            "t_inference": [
                0.475683581084013,
                0.4494545944035053,
                0.5047676749527454,
                0.4488443657755852,
                0.35984672605991364
            ],
            "hyperparams": [
                {
                    "in_dim": 24,
                    "n_classes": 4,
                    "feature_type": "SWIM",
                    "upscale_type": "SWIM",
                    "randfeat_xt_dim": 512,
                    "randfeat_x0_dim": 512,
                    "activation": "tanh",
                    "use_batchnorm": true,
                    "do_linesearch": false,
                    "n_layers": 5,
                    "hidden_dim": 24,
                    "l2_cls": 0.002120449374527563,
                    "l2_ghat": 4.258532896133363e-06,
                    "boost_lr": 0.20856670458659432,
                    "SWIM_scale": 0.7083254421455049
                },
                {
                    "in_dim": 24,
                    "n_classes": 4,
                    "feature_type": "SWIM",
                    "upscale_type": "SWIM",
                    "randfeat_xt_dim": 512,
                    "randfeat_x0_dim": 512,
                    "activation": "tanh",
                    "use_batchnorm": true,
                    "do_linesearch": false,
                    "n_layers": 5,
                    "hidden_dim": 24,
                    "l2_cls": 0.03415311159737191,
                    "l2_ghat": 2.5661563107018043e-06,
                    "boost_lr": 0.7002421655473814,
                    "SWIM_scale": 0.6627541974779566
                },
                {
                    "in_dim": 24,
                    "n_classes": 4,
                    "feature_type": "SWIM",
                    "upscale_type": "SWIM",
                    "randfeat_xt_dim": 512,
                    "randfeat_x0_dim": 512,
                    "activation": "tanh",
                    "use_batchnorm": true,
                    "do_linesearch": false,
                    "n_layers": 5,
                    "hidden_dim": 24,
                    "l2_cls": 0.0005388750268347807,
                    "l2_ghat": 2.338944153751062e-05,
                    "boost_lr": 0.4503014149418677,
                    "SWIM_scale": 0.6188335353367994
                },
                {
                    "in_dim": 24,
                    "n_classes": 4,
                    "feature_type": "SWIM",
                    "upscale_type": "SWIM",
                    "randfeat_xt_dim": 512,
                    "randfeat_x0_dim": 512,
                    "activation": "tanh",
                    "use_batchnorm": true,
                    "do_linesearch": false,
                    "n_layers": 4,
                    "hidden_dim": 24,
                    "l2_cls": 8.55115142241943e-07,
                    "l2_ghat": 0.00014077566528259254,
                    "boost_lr": 0.2859949435422332,
                    "SWIM_scale": 0.9807837491228437
                },
                {
                    "in_dim": 24,
                    "n_classes": 4,
                    "feature_type": "SWIM",
                    "upscale_type": "SWIM",
                    "randfeat_xt_dim": 512,
                    "randfeat_x0_dim": 512,
                    "activation": "tanh",
                    "use_batchnorm": true,
                    "do_linesearch": false,
                    "n_layers": 4,
                    "hidden_dim": 24,
                    "l2_cls": 0.00015532394343469695,
                    "l2_ghat": 6.711153433970535e-06,
                    "boost_lr": 0.11538402584801874,
                    "SWIM_scale": 0.6741773478082096
                }
            ]
        }
    }
}