{
    "4538": {
        "RFNN_iid": {
            "score_train": [
                -0.6137499809265137,
                -0.628250002861023,
                -0.6027500033378601,
                -0.5945000052452087,
                -0.6292499899864197
            ],
            "score_test": [
                -0.5149999856948853,
                -0.5339999794960022,
                -0.5130000114440918,
                -0.48899999260902405,
                -0.5109999775886536
            ],
            "t_fit": [
                4.805140011012554,
                3.0601120814681053,
                1.4835064895451069,
                3.6896739937365055,
                2.2054671235382557
            ],
            "t_inference": [
                0.04052364081144333,
                0.04837532341480255,
                0.023250475525856018,
                0.04657216742634773,
                0.04100650176405907
            ],
            "hyperparams": [
                {
                    "n_layers": 0,
                    "in_dim": 32,
                    "n_classes": 5,
                    "upscale_type": "iid",
                    "activation": "tanh",
                    "use_batchnorm": false,
                    "hidden_dim": 359,
                    "iid_scale": 0.7975730001042807,
                    "l2_cls": 1.6399136904612785e-05
                },
                {
                    "n_layers": 0,
                    "in_dim": 32,
                    "n_classes": 5,
                    "upscale_type": "iid",
                    "activation": "tanh",
                    "use_batchnorm": false,
                    "hidden_dim": 475,
                    "iid_scale": 1.4186807388269929,
                    "l2_cls": 0.00026094688062521345
                },
                {
                    "n_layers": 0,
                    "in_dim": 32,
                    "n_classes": 5,
                    "upscale_type": "iid",
                    "activation": "tanh",
                    "use_batchnorm": false,
                    "hidden_dim": 269,
                    "iid_scale": 4.528316844308343,
                    "l2_cls": 0.0014437190168315643
                },
                {
                    "n_layers": 0,
                    "in_dim": 32,
                    "n_classes": 5,
                    "upscale_type": "iid",
                    "activation": "tanh",
                    "use_batchnorm": false,
                    "hidden_dim": 401,
                    "iid_scale": 0.9458267331084869,
                    "l2_cls": 0.00012455097357929324
                },
                {
                    "n_layers": 0,
                    "in_dim": 32,
                    "n_classes": 5,
                    "upscale_type": "iid",
                    "activation": "tanh",
                    "use_batchnorm": false,
                    "hidden_dim": 447,
                    "iid_scale": 2.5861252477059007,
                    "l2_cls": 0.0014410801624876624
                }
            ]
        }
    }
}