{
    "11": {
        "RFRBoost_batchnormFalse": {
            "score_train": [
                -0.9980000257492065,
                -1.0,
                -0.9959999918937683,
                -1.0,
                -1.0
            ],
            "score_test": [
                -0.9679999947547913,
                -0.9919999837875366,
                -0.984000027179718,
                -0.9599999785423279,
                -0.9760000109672546
            ],
            "t_fit": [
                1.421219915151596,
                2.4892803616821766,
                3.4009911604225636,
                4.975576508790255,
                0.8910300843417645
            ],
            "t_inference": [
                0.10805609077215195,
                0.13004648312926292,
                0.06855820491909981,
                0.06844059750437737,
                0.02351713553071022
            ],
            "hyperparams": [
                {
                    "in_dim": 4,
                    "n_classes": 3,
                    "feature_type": "SWIM",
                    "upscale_type": "SWIM",
                    "randfeat_xt_dim": 512,
                    "randfeat_x0_dim": 512,
                    "activation": "tanh",
                    "use_batchnorm": false,
                    "do_linesearch": true,
                    "n_layers": 5,
                    "hidden_dim": 389,
                    "l2_cls": 0.0029780366740787445,
                    "l2_ghat": 1.7797565550918282,
                    "boost_lr": 0.999773249661464,
                    "SWIM_scale": 0.3171206634171103
                },
                {
                    "in_dim": 4,
                    "n_classes": 3,
                    "feature_type": "SWIM",
                    "upscale_type": "SWIM",
                    "randfeat_xt_dim": 512,
                    "randfeat_x0_dim": 512,
                    "activation": "tanh",
                    "use_batchnorm": false,
                    "do_linesearch": true,
                    "n_layers": 5,
                    "hidden_dim": 410,
                    "l2_cls": 0.0004482631738901135,
                    "l2_ghat": 0.10358396394467288,
                    "boost_lr": 0.8274890950448168,
                    "SWIM_scale": 0.7092712474697289
                },
                {
                    "in_dim": 4,
                    "n_classes": 3,
                    "feature_type": "SWIM",
                    "upscale_type": "SWIM",
                    "randfeat_xt_dim": 512,
                    "randfeat_x0_dim": 512,
                    "activation": "tanh",
                    "use_batchnorm": false,
                    "do_linesearch": true,
                    "n_layers": 5,
                    "hidden_dim": 226,
                    "l2_cls": 8.749008698659615e-06,
                    "l2_ghat": 0.004239954730690448,
                    "boost_lr": 0.6304186946348016,
                    "SWIM_scale": 0.3085774360541064
                },
                {
                    "in_dim": 4,
                    "n_classes": 3,
                    "feature_type": "SWIM",
                    "upscale_type": "SWIM",
                    "randfeat_xt_dim": 512,
                    "randfeat_x0_dim": 512,
                    "activation": "tanh",
                    "use_batchnorm": false,
                    "do_linesearch": true,
                    "n_layers": 5,
                    "hidden_dim": 147,
                    "l2_cls": 1.8509417089073672e-05,
                    "l2_ghat": 0.001687708796247171,
                    "boost_lr": 0.18592400138838605,
                    "SWIM_scale": 0.764685258439525
                },
                {
                    "in_dim": 4,
                    "n_classes": 3,
                    "feature_type": "SWIM",
                    "upscale_type": "SWIM",
                    "randfeat_xt_dim": 512,
                    "randfeat_x0_dim": 512,
                    "activation": "tanh",
                    "use_batchnorm": false,
                    "do_linesearch": true,
                    "n_layers": 1,
                    "hidden_dim": 341,
                    "l2_cls": 7.849890486884368e-05,
                    "l2_ghat": 0.015140021717436856,
                    "boost_lr": 0.22324380967747018,
                    "SWIM_scale": 0.6820705574922921
                }
            ]
        }
    }
}