{
    "6332": {
        "RFRBoost_ID_batchnormFalse": {
            "score_train": [
                -0.9953703880310059,
                -1.0,
                -1.0,
                -0.9976851940155029,
                -0.9976851940155029
            ],
            "score_test": [
                -0.8148148059844971,
                -0.7870370149612427,
                -0.8240740895271301,
                -0.7777777910232544,
                -0.7962962985038757
            ],
            "t_fit": [
                0.16186651587486267,
                0.5215827077627182,
                0.4390283562242985,
                0.5481064356863499,
                0.7203534804284573
            ],
            "t_inference": [
                0.011143077164888382,
                0.03511933609843254,
                0.023652344942092896,
                0.03366697207093239,
                0.04860119894146919
            ],
            "hyperparams": [
                {
                    "in_dim": 173,
                    "n_classes": 2,
                    "feature_type": "SWIM",
                    "upscale_type": "identity",
                    "randfeat_xt_dim": 512,
                    "randfeat_x0_dim": 512,
                    "activation": "tanh",
                    "use_batchnorm": false,
                    "do_linesearch": true,
                    "n_layers": 1,
                    "hidden_dim": 160,
                    "l2_cls": 0.00668615701575433,
                    "l2_ghat": 0.0002897109361302503,
                    "boost_lr": 0.10118633772090174,
                    "SWIM_scale": 1.759622785565567
                },
                {
                    "in_dim": 173,
                    "n_classes": 2,
                    "feature_type": "SWIM",
                    "upscale_type": "identity",
                    "randfeat_xt_dim": 512,
                    "randfeat_x0_dim": 512,
                    "activation": "tanh",
                    "use_batchnorm": false,
                    "do_linesearch": true,
                    "n_layers": 3,
                    "hidden_dim": 37,
                    "l2_cls": 0.0006404896045980347,
                    "l2_ghat": 0.0001761177765082575,
                    "boost_lr": 0.2012477516611935,
                    "SWIM_scale": 1.5258250712168961
                },
                {
                    "in_dim": 173,
                    "n_classes": 2,
                    "feature_type": "SWIM",
                    "upscale_type": "identity",
                    "randfeat_xt_dim": 512,
                    "randfeat_x0_dim": 512,
                    "activation": "tanh",
                    "use_batchnorm": false,
                    "do_linesearch": true,
                    "n_layers": 2,
                    "hidden_dim": 503,
                    "l2_cls": 0.0002758805037760343,
                    "l2_ghat": 0.0008287931282489832,
                    "boost_lr": 0.5007017456293587,
                    "SWIM_scale": 1.493643548090445
                },
                {
                    "in_dim": 173,
                    "n_classes": 2,
                    "feature_type": "SWIM",
                    "upscale_type": "identity",
                    "randfeat_xt_dim": 512,
                    "randfeat_x0_dim": 512,
                    "activation": "tanh",
                    "use_batchnorm": false,
                    "do_linesearch": true,
                    "n_layers": 3,
                    "hidden_dim": 58,
                    "l2_cls": 0.0005329837265503257,
                    "l2_ghat": 0.0019089548637238342,
                    "boost_lr": 0.18586323148411646,
                    "SWIM_scale": 1.8049596387573443
                },
                {
                    "in_dim": 173,
                    "n_classes": 2,
                    "feature_type": "SWIM",
                    "upscale_type": "identity",
                    "randfeat_xt_dim": 512,
                    "randfeat_x0_dim": 512,
                    "activation": "tanh",
                    "use_batchnorm": false,
                    "do_linesearch": true,
                    "n_layers": 4,
                    "hidden_dim": 16,
                    "l2_cls": 0.0008835667118997876,
                    "l2_ghat": 0.08638045692969293,
                    "boost_lr": 0.705032418382776,
                    "SWIM_scale": 1.9056391392825964
                }
            ]
        }
    }
}