{
    "188": {
        "RFRBoost_linesearchFalse": {
            "score_train": [
                -0.8180271983146667,
                -0.8098471760749817,
                -0.7758913636207581,
                -0.7979626655578613,
                -0.755517840385437
            ],
            "score_test": [
                -0.7027027010917664,
                -0.6530612111091614,
                -0.7346938848495483,
                -0.5714285969734192,
                -0.7278911471366882
            ],
            "t_fit": [
                0.7532121241092682,
                0.46624143421649933,
                0.3320509269833565,
                1.079135999083519,
                2.2571420073509216
            ],
            "t_inference": [
                0.04224222153425217,
                0.019218530505895615,
                0.016692470759153366,
                0.044326052069664,
                0.11976492777466774
            ],
            "hyperparams": [
                {
                    "in_dim": 91,
                    "n_classes": 5,
                    "feature_type": "SWIM",
                    "upscale_type": "SWIM",
                    "randfeat_xt_dim": 512,
                    "randfeat_x0_dim": 512,
                    "activation": "tanh",
                    "use_batchnorm": true,
                    "do_linesearch": false,
                    "n_layers": 2,
                    "hidden_dim": 91,
                    "l2_cls": 0.013630528368602924,
                    "l2_ghat": 0.006748875587580859,
                    "boost_lr": 0.8038468514858147,
                    "SWIM_scale": 0.8770831509808386
                },
                {
                    "in_dim": 91,
                    "n_classes": 5,
                    "feature_type": "SWIM",
                    "upscale_type": "SWIM",
                    "randfeat_xt_dim": 512,
                    "randfeat_x0_dim": 512,
                    "activation": "tanh",
                    "use_batchnorm": true,
                    "do_linesearch": false,
                    "n_layers": 1,
                    "hidden_dim": 91,
                    "l2_cls": 0.004862500331986875,
                    "l2_ghat": 0.0001788387204524744,
                    "boost_lr": 0.2868615512190837,
                    "SWIM_scale": 0.5047399077788767
                },
                {
                    "in_dim": 91,
                    "n_classes": 5,
                    "feature_type": "SWIM",
                    "upscale_type": "SWIM",
                    "randfeat_xt_dim": 512,
                    "randfeat_x0_dim": 512,
                    "activation": "tanh",
                    "use_batchnorm": true,
                    "do_linesearch": false,
                    "n_layers": 1,
                    "hidden_dim": 91,
                    "l2_cls": 0.006466882925710623,
                    "l2_ghat": 0.00010756367828695738,
                    "boost_lr": 0.546725600927491,
                    "SWIM_scale": 0.28767970824159844
                },
                {
                    "in_dim": 91,
                    "n_classes": 5,
                    "feature_type": "SWIM",
                    "upscale_type": "SWIM",
                    "randfeat_xt_dim": 512,
                    "randfeat_x0_dim": 512,
                    "activation": "tanh",
                    "use_batchnorm": true,
                    "do_linesearch": false,
                    "n_layers": 2,
                    "hidden_dim": 91,
                    "l2_cls": 0.002344082615400809,
                    "l2_ghat": 0.018005916325091024,
                    "boost_lr": 0.24407202208945086,
                    "SWIM_scale": 0.5730176997216327
                },
                {
                    "in_dim": 91,
                    "n_classes": 5,
                    "feature_type": "SWIM",
                    "upscale_type": "SWIM",
                    "randfeat_xt_dim": 512,
                    "randfeat_x0_dim": 512,
                    "activation": "tanh",
                    "use_batchnorm": true,
                    "do_linesearch": false,
                    "n_layers": 5,
                    "hidden_dim": 91,
                    "l2_cls": 0.005486846820489113,
                    "l2_ghat": 0.00866833894361322,
                    "boost_lr": 0.22723473026811053,
                    "SWIM_scale": 0.6305194079187726
                }
            ]
        }
    }
}