{
    "28": {
        "RFNN": {
            "score_train": [
                -1.0,
                -1.0,
                -1.0,
                -1.0,
                -1.0
            ],
            "score_test": [
                -0.9879999756813049,
                -0.9769999980926514,
                -0.9850000143051147,
                -0.9670000076293945,
                -0.9819999933242798
            ],
            "t_fit": [
                4.956002090126276,
                4.962200470268726,
                4.263646148145199,
                2.246080342680216,
                3.7056026123464108
            ],
            "t_inference": [
                0.06499844044446945,
                0.03397878631949425,
                0.028682231903076172,
                0.011007890105247498,
                0.01948801428079605
            ],
            "hyperparams": [
                {
                    "n_layers": 0,
                    "in_dim": 64,
                    "n_classes": 10,
                    "upscale_type": "SWIM",
                    "activation": "tanh",
                    "use_batchnorm": false,
                    "hidden_dim": 446,
                    "SWIM_scale": 1.9419171904719095,
                    "l2_cls": 1.8084135017725301e-06
                },
                {
                    "n_layers": 0,
                    "in_dim": 64,
                    "n_classes": 10,
                    "upscale_type": "SWIM",
                    "activation": "tanh",
                    "use_batchnorm": false,
                    "hidden_dim": 454,
                    "SWIM_scale": 1.9905797306119672,
                    "l2_cls": 1.572349712607455e-06
                },
                {
                    "n_layers": 0,
                    "in_dim": 64,
                    "n_classes": 10,
                    "upscale_type": "SWIM",
                    "activation": "tanh",
                    "use_batchnorm": false,
                    "hidden_dim": 410,
                    "SWIM_scale": 1.9987023156486374,
                    "l2_cls": 1.5434365450075978e-05
                },
                {
                    "n_layers": 0,
                    "in_dim": 64,
                    "n_classes": 10,
                    "upscale_type": "SWIM",
                    "activation": "tanh",
                    "use_batchnorm": false,
                    "hidden_dim": 228,
                    "SWIM_scale": 1.9978017551813303,
                    "l2_cls": 4.631497629639055e-06
                },
                {
                    "n_layers": 0,
                    "in_dim": 64,
                    "n_classes": 10,
                    "upscale_type": "SWIM",
                    "activation": "tanh",
                    "use_batchnorm": false,
                    "hidden_dim": 277,
                    "SWIM_scale": 1.9920848802710116,
                    "l2_cls": 1.8217318189779714e-06
                }
            ]
        }
    }
}