{
    "23": {
        "RFNN": {
            "score_train": [
                -0.5959252715110779,
                -0.5891340970993042,
                -0.5789473652839661,
                -0.5894826054573059,
                -0.5810008645057678
            ],
            "score_test": [
                -0.5423728823661804,
                -0.494915246963501,
                -0.5728813409805298,
                -0.5680271983146667,
                -0.6088435649871826
            ],
            "t_fit": [
                0.46977388486266136,
                0.060756586492061615,
                0.1928691379725933,
                0.904497392475605,
                0.3854387551546097
            ],
            "t_inference": [
                0.0015850663185119629,
                0.0014766603708267212,
                0.003301810473203659,
                0.005219798535108566,
                0.0053523145616054535
            ],
            "hyperparams": [
                {
                    "n_layers": 0,
                    "in_dim": 24,
                    "n_classes": 3,
                    "upscale_type": "SWIM",
                    "activation": "tanh",
                    "use_batchnorm": false,
                    "hidden_dim": 76,
                    "SWIM_scale": 1.2099875478805684,
                    "l2_cls": 0.00015777663630582464
                },
                {
                    "n_layers": 0,
                    "in_dim": 24,
                    "n_classes": 3,
                    "upscale_type": "SWIM",
                    "activation": "tanh",
                    "use_batchnorm": false,
                    "hidden_dim": 79,
                    "SWIM_scale": 0.4772852250817358,
                    "l2_cls": 0.003319031646837101
                },
                {
                    "n_layers": 0,
                    "in_dim": 24,
                    "n_classes": 3,
                    "upscale_type": "SWIM",
                    "activation": "tanh",
                    "use_batchnorm": false,
                    "hidden_dim": 279,
                    "SWIM_scale": 0.7155625608339862,
                    "l2_cls": 0.0018540596392723713
                },
                {
                    "n_layers": 0,
                    "in_dim": 24,
                    "n_classes": 3,
                    "upscale_type": "SWIM",
                    "activation": "tanh",
                    "use_batchnorm": false,
                    "hidden_dim": 388,
                    "SWIM_scale": 0.7048598887459517,
                    "l2_cls": 0.00063582191686632
                },
                {
                    "n_layers": 0,
                    "in_dim": 24,
                    "n_classes": 3,
                    "upscale_type": "SWIM",
                    "activation": "tanh",
                    "use_batchnorm": false,
                    "hidden_dim": 429,
                    "SWIM_scale": 0.3088761662999873,
                    "l2_cls": 0.00019120450367468147
                }
            ]
        }
    }
}