{
    "40983": {
        "RFRBoost_batchnormFalse": {
            "score_train": [
                -0.9886334538459778,
                -0.9904417395591736,
                -0.9909583926200867,
                -0.9904417395591736,
                -0.98837810754776
            ],
            "score_test": [
                -0.9845041036605835,
                -0.9834710955619812,
                -0.9834710955619812,
                -0.9907024502754211,
                -0.9896587133407593
            ],
            "t_fit": [
                1.4207347128540277,
                2.7162322169169784,
                2.8541689617559314,
                1.2403563978150487,
                2.6320819668471813
            ],
            "t_inference": [
                0.1322671566158533,
                0.3369160434231162,
                0.3756729755550623,
                0.07663479540497065,
                0.3226220542564988
            ],
            "hyperparams": [
                {
                    "in_dim": 5,
                    "n_classes": 2,
                    "feature_type": "SWIM",
                    "upscale_type": "SWIM",
                    "randfeat_xt_dim": 512,
                    "randfeat_x0_dim": 512,
                    "activation": "tanh",
                    "use_batchnorm": false,
                    "do_linesearch": true,
                    "n_layers": 1,
                    "hidden_dim": 287,
                    "l2_cls": 1.947412736573982e-06,
                    "l2_ghat": 0.00015751673186968594,
                    "boost_lr": 0.36234206011238773,
                    "SWIM_scale": 0.2547227609143328
                },
                {
                    "in_dim": 5,
                    "n_classes": 2,
                    "feature_type": "SWIM",
                    "upscale_type": "SWIM",
                    "randfeat_xt_dim": 512,
                    "randfeat_x0_dim": 512,
                    "activation": "tanh",
                    "use_batchnorm": false,
                    "do_linesearch": true,
                    "n_layers": 4,
                    "hidden_dim": 196,
                    "l2_cls": 1.5884864697737186e-05,
                    "l2_ghat": 0.002061962580902211,
                    "boost_lr": 0.5521909092472054,
                    "SWIM_scale": 0.358283486180781
                },
                {
                    "in_dim": 5,
                    "n_classes": 2,
                    "feature_type": "SWIM",
                    "upscale_type": "SWIM",
                    "randfeat_xt_dim": 512,
                    "randfeat_x0_dim": 512,
                    "activation": "tanh",
                    "use_batchnorm": false,
                    "do_linesearch": true,
                    "n_layers": 5,
                    "hidden_dim": 164,
                    "l2_cls": 1.630694612307118e-05,
                    "l2_ghat": 0.0002589651258811499,
                    "boost_lr": 0.43660479644886047,
                    "SWIM_scale": 0.3177690999320699
                },
                {
                    "in_dim": 5,
                    "n_classes": 2,
                    "feature_type": "SWIM",
                    "upscale_type": "SWIM",
                    "randfeat_xt_dim": 512,
                    "randfeat_x0_dim": 512,
                    "activation": "tanh",
                    "use_batchnorm": false,
                    "do_linesearch": true,
                    "n_layers": 1,
                    "hidden_dim": 161,
                    "l2_cls": 2.1136300152453593e-06,
                    "l2_ghat": 6.949015707018477e-05,
                    "boost_lr": 0.46848769380203387,
                    "SWIM_scale": 0.3585615205926294
                },
                {
                    "in_dim": 5,
                    "n_classes": 2,
                    "feature_type": "SWIM",
                    "upscale_type": "SWIM",
                    "randfeat_xt_dim": 512,
                    "randfeat_x0_dim": 512,
                    "activation": "tanh",
                    "use_batchnorm": false,
                    "do_linesearch": true,
                    "n_layers": 4,
                    "hidden_dim": 105,
                    "l2_cls": 4.485535441888815e-06,
                    "l2_ghat": 0.0003643179269968479,
                    "boost_lr": 0.4720856691885128,
                    "SWIM_scale": 0.2601675936201423
                }
            ]
        }
    }
}