{
    "38": {
        "RFRBoost_linesearchFalse": {
            "score_train": [
                -0.9930394291877747,
                -0.9946967363357544,
                -0.9966865181922913,
                -0.9940357804298401,
                -0.9940357804298401
            ],
            "score_test": [
                -0.9801324605941772,
                -0.9735099077224731,
                -0.9761273264884949,
                -0.9840849041938782,
                -0.9787798523902893
            ],
            "t_fit": [
                1.6643407866358757,
                1.76416502520442,
                5.7264197543263435,
                2.229675829410553,
                6.383502293378115
            ],
            "t_inference": [
                0.2017008550465107,
                0.2757357582449913,
                0.5188250876963139,
                0.4110994078218937,
                0.38828006386756897
            ],
            "hyperparams": [
                {
                    "in_dim": 53,
                    "n_classes": 2,
                    "feature_type": "SWIM",
                    "upscale_type": "SWIM",
                    "randfeat_xt_dim": 512,
                    "randfeat_x0_dim": 512,
                    "activation": "tanh",
                    "use_batchnorm": true,
                    "do_linesearch": false,
                    "n_layers": 2,
                    "hidden_dim": 53,
                    "l2_cls": 9.971006485530573e-05,
                    "l2_ghat": 1.2031373402095622e-06,
                    "boost_lr": 0.12596984505846393,
                    "SWIM_scale": 0.3952609705426798
                },
                {
                    "in_dim": 53,
                    "n_classes": 2,
                    "feature_type": "SWIM",
                    "upscale_type": "SWIM",
                    "randfeat_xt_dim": 512,
                    "randfeat_x0_dim": 512,
                    "activation": "tanh",
                    "use_batchnorm": true,
                    "do_linesearch": false,
                    "n_layers": 3,
                    "hidden_dim": 53,
                    "l2_cls": 0.006347634662917762,
                    "l2_ghat": 2.310416238323582e-06,
                    "boost_lr": 0.46507473133317084,
                    "SWIM_scale": 0.4542401863758059
                },
                {
                    "in_dim": 53,
                    "n_classes": 2,
                    "feature_type": "SWIM",
                    "upscale_type": "SWIM",
                    "randfeat_xt_dim": 512,
                    "randfeat_x0_dim": 512,
                    "activation": "tanh",
                    "use_batchnorm": true,
                    "do_linesearch": false,
                    "n_layers": 5,
                    "hidden_dim": 53,
                    "l2_cls": 1.5695956860262484e-05,
                    "l2_ghat": 0.0005235856291953303,
                    "boost_lr": 0.24862164880625096,
                    "SWIM_scale": 0.6788180878179894
                },
                {
                    "in_dim": 53,
                    "n_classes": 2,
                    "feature_type": "SWIM",
                    "upscale_type": "SWIM",
                    "randfeat_xt_dim": 512,
                    "randfeat_x0_dim": 512,
                    "activation": "tanh",
                    "use_batchnorm": true,
                    "do_linesearch": false,
                    "n_layers": 4,
                    "hidden_dim": 53,
                    "l2_cls": 0.04973864323811364,
                    "l2_ghat": 4.392096436961715e-05,
                    "boost_lr": 0.7046184805808162,
                    "SWIM_scale": 0.7533310623713412
                },
                {
                    "in_dim": 53,
                    "n_classes": 2,
                    "feature_type": "SWIM",
                    "upscale_type": "SWIM",
                    "randfeat_xt_dim": 512,
                    "randfeat_x0_dim": 512,
                    "activation": "tanh",
                    "use_batchnorm": true,
                    "do_linesearch": false,
                    "n_layers": 3,
                    "hidden_dim": 53,
                    "l2_cls": 1.4467178883431419e-06,
                    "l2_ghat": 0.02532897338994557,
                    "boost_lr": 0.25241217103148134,
                    "SWIM_scale": 1.3089131712289843
                }
            ]
        }
    }
}