{
    "1049": {
        "RFNN": {
            "score_train": [
                -0.9253859519958496,
                -0.9159519672393799,
                -0.921955406665802,
                -0.9203084707260132,
                -0.9168809056282043
            ],
            "score_test": [
                -0.914383590221405,
                -0.9041095972061157,
                -0.9212328791618347,
                -0.907216489315033,
                -0.8934707641601562
            ],
            "t_fit": [
                0.4465671442449093,
                0.2972627580165863,
                0.11849620193243027,
                0.17882560938596725,
                0.06008787080645561
            ],
            "t_inference": [
                0.0023595131933689117,
                0.0012404397130012512,
                0.002393573522567749,
                0.004228804260492325,
                0.0026422403752803802
            ],
            "hyperparams": [
                {
                    "n_layers": 0,
                    "in_dim": 37,
                    "n_classes": 2,
                    "upscale_type": "SWIM",
                    "activation": "tanh",
                    "use_batchnorm": false,
                    "hidden_dim": 264,
                    "SWIM_scale": 0.34080635744884547,
                    "l2_cls": 6.096189092011825e-06
                },
                {
                    "n_layers": 0,
                    "in_dim": 37,
                    "n_classes": 2,
                    "upscale_type": "SWIM",
                    "activation": "tanh",
                    "use_batchnorm": false,
                    "hidden_dim": 109,
                    "SWIM_scale": 0.4000289780630378,
                    "l2_cls": 4.269417990849511e-06
                },
                {
                    "n_layers": 0,
                    "in_dim": 37,
                    "n_classes": 2,
                    "upscale_type": "SWIM",
                    "activation": "tanh",
                    "use_batchnorm": false,
                    "hidden_dim": 259,
                    "SWIM_scale": 0.7347130993809539,
                    "l2_cls": 0.0003490718205559847
                },
                {
                    "n_layers": 0,
                    "in_dim": 37,
                    "n_classes": 2,
                    "upscale_type": "SWIM",
                    "activation": "tanh",
                    "use_batchnorm": false,
                    "hidden_dim": 403,
                    "SWIM_scale": 0.26116508326269416,
                    "l2_cls": 5.562051903145032e-05
                },
                {
                    "n_layers": 0,
                    "in_dim": 37,
                    "n_classes": 2,
                    "upscale_type": "SWIM",
                    "activation": "tanh",
                    "use_batchnorm": false,
                    "hidden_dim": 279,
                    "SWIM_scale": 0.4667713478712955,
                    "l2_cls": 0.0006644362466244509
                }
            ]
        }
    }
}