{
    "188": {
        "RFNN_iid": {
            "score_train": [
                -0.773809552192688,
                -0.7979626655578613,
                -0.755517840385437,
                -0.7826825380325317,
                -0.8302206993103027
            ],
            "score_test": [
                -0.6351351141929626,
                -0.680272102355957,
                -0.7006802558898926,
                -0.5782312750816345,
                -0.6666666865348816
            ],
            "t_fit": [
                0.27679264545440674,
                0.5794884152710438,
                0.46479660272598267,
                0.1900976449251175,
                1.6014261282980442
            ],
            "t_inference": [
                0.002956800162792206,
                0.001419760286808014,
                0.0031943097710609436,
                0.0028091780841350555,
                0.0031072422862052917
            ],
            "hyperparams": [
                {
                    "n_layers": 0,
                    "in_dim": 91,
                    "n_classes": 5,
                    "upscale_type": "iid",
                    "activation": "tanh",
                    "use_batchnorm": false,
                    "hidden_dim": 247,
                    "iid_scale": 0.18345573269210513,
                    "l2_cls": 1.897237244098674e-05
                },
                {
                    "n_layers": 0,
                    "in_dim": 91,
                    "n_classes": 5,
                    "upscale_type": "iid",
                    "activation": "tanh",
                    "use_batchnorm": false,
                    "hidden_dim": 77,
                    "iid_scale": 0.15285811429204532,
                    "l2_cls": 1.5356238578105288e-06
                },
                {
                    "n_layers": 0,
                    "in_dim": 91,
                    "n_classes": 5,
                    "upscale_type": "iid",
                    "activation": "tanh",
                    "use_batchnorm": false,
                    "hidden_dim": 225,
                    "iid_scale": 0.14087729435098958,
                    "l2_cls": 3.357145804908895e-06
                },
                {
                    "n_layers": 0,
                    "in_dim": 91,
                    "n_classes": 5,
                    "upscale_type": "iid",
                    "activation": "tanh",
                    "use_batchnorm": false,
                    "hidden_dim": 284,
                    "iid_scale": 0.1224019968812833,
                    "l2_cls": 1.5544812915727533e-05
                },
                {
                    "n_layers": 0,
                    "in_dim": 91,
                    "n_classes": 5,
                    "upscale_type": "iid",
                    "activation": "tanh",
                    "use_batchnorm": false,
                    "hidden_dim": 277,
                    "iid_scale": 0.23324446839119997,
                    "l2_cls": 2.0106490059234974e-07
                }
            ]
        }
    }
}