{
    "1067": {
        "RFRBoost_upscaleiid_linesearchFalse_batchnormFalse": {
            "score_train": [
                -0.8719620704650879,
                -0.8755186796188354,
                -0.879075288772583,
                -0.8642560839653015,
                -0.8672986030578613
            ],
            "score_test": [
                -0.8459715843200684,
                -0.8246445655822754,
                -0.8625592589378357,
                -0.8412322402000427,
                -0.8693586587905884
            ],
            "t_fit": [
                0.46028386801481247,
                0.26451143994927406,
                0.15852579101920128,
                0.9664887934923172,
                1.0808583237230778
            ],
            "t_inference": [
                0.039413776248693466,
                0.036387331783771515,
                0.021687738597393036,
                0.07807112112641335,
                0.11465802788734436
            ],
            "hyperparams": [
                {
                    "in_dim": 21,
                    "n_classes": 2,
                    "feature_type": "SWIM",
                    "upscale_type": "iid",
                    "randfeat_xt_dim": 512,
                    "randfeat_x0_dim": 512,
                    "activation": "tanh",
                    "use_batchnorm": false,
                    "do_linesearch": false,
                    "n_layers": 2,
                    "hidden_dim": 21,
                    "l2_cls": 8.391348397899057e-06,
                    "l2_ghat": 4.307366544744243,
                    "boost_lr": 0.13177410336994044,
                    "SWIM_scale": 1.9217369774380464
                },
                {
                    "in_dim": 21,
                    "n_classes": 2,
                    "feature_type": "SWIM",
                    "upscale_type": "iid",
                    "randfeat_xt_dim": 512,
                    "randfeat_x0_dim": 512,
                    "activation": "tanh",
                    "use_batchnorm": false,
                    "do_linesearch": false,
                    "n_layers": 1,
                    "hidden_dim": 21,
                    "l2_cls": 2.6572396251753258e-05,
                    "l2_ghat": 1.53598202926333,
                    "boost_lr": 0.471353465707838,
                    "SWIM_scale": 1.6617858615217622
                },
                {
                    "in_dim": 21,
                    "n_classes": 2,
                    "feature_type": "SWIM",
                    "upscale_type": "iid",
                    "randfeat_xt_dim": 512,
                    "randfeat_x0_dim": 512,
                    "activation": "tanh",
                    "use_batchnorm": false,
                    "do_linesearch": false,
                    "n_layers": 1,
                    "hidden_dim": 21,
                    "l2_cls": 0.008475153068775722,
                    "l2_ghat": 0.00013828751548859223,
                    "boost_lr": 0.4406464283933134,
                    "SWIM_scale": 0.3455461785633173
                },
                {
                    "in_dim": 21,
                    "n_classes": 2,
                    "feature_type": "SWIM",
                    "upscale_type": "iid",
                    "randfeat_xt_dim": 512,
                    "randfeat_x0_dim": 512,
                    "activation": "tanh",
                    "use_batchnorm": false,
                    "do_linesearch": false,
                    "n_layers": 4,
                    "hidden_dim": 21,
                    "l2_cls": 2.1945790814129658e-06,
                    "l2_ghat": 1.6104981058538377,
                    "boost_lr": 0.1927542289887623,
                    "SWIM_scale": 1.1553669891246163
                },
                {
                    "in_dim": 21,
                    "n_classes": 2,
                    "feature_type": "SWIM",
                    "upscale_type": "iid",
                    "randfeat_xt_dim": 512,
                    "randfeat_x0_dim": 512,
                    "activation": "tanh",
                    "use_batchnorm": false,
                    "do_linesearch": false,
                    "n_layers": 4,
                    "hidden_dim": 21,
                    "l2_cls": 7.258331686397612e-05,
                    "l2_ghat": 1.3037448969552385,
                    "boost_lr": 0.2192794732445373,
                    "SWIM_scale": 0.818874564231603
                }
            ]
        }
    }
}