{
    "14": {
        "End2End_cpu": {
            "score_train": [
                -1.0,
                -0.9950000047683716,
                -1.0,
                -1.0,
                -1.0
            ],
            "score_test": [
                -0.8500000238418579,
                -0.8125,
                -0.8149999976158142,
                -0.8075000047683716,
                -0.8550000190734863
            ],
            "t_fit": [
                7.025966331362724,
                7.535874605178833,
                6.692883864045143,
                1.9722597002983093,
                8.83261726796627
            ],
            "t_inference": [
                0.058256909251213074,
                0.19057700037956238,
                0.07075212895870209,
                0.07316024601459503,
                0.20911823213100433
            ],
            "hyperparams": [
                {
                    "in_dim": 76,
                    "out_dim": 10,
                    "loss": "cce",
                    "bottleneck_dim": 512,
                    "n_blocks": 2,
                    "hidden_dim": 226,
                    "lr": 0.026024768205780705,
                    "end_lr_factor": 0.18929991147642444,
                    "n_epochs": 33,
                    "weight_decay": 0.0003262100620670943,
                    "batch_size": 128
                },
                {
                    "in_dim": 76,
                    "out_dim": 10,
                    "loss": "cce",
                    "bottleneck_dim": 512,
                    "n_blocks": 4,
                    "hidden_dim": 431,
                    "lr": 0.004570563099801453,
                    "end_lr_factor": 0.15751320499779725,
                    "n_epochs": 12,
                    "weight_decay": 2.9375384576328313e-06,
                    "batch_size": 128
                },
                {
                    "in_dim": 76,
                    "out_dim": 10,
                    "loss": "cce",
                    "bottleneck_dim": 512,
                    "n_blocks": 1,
                    "hidden_dim": 491,
                    "lr": 0.002348315880984257,
                    "end_lr_factor": 0.46734249828944424,
                    "n_epochs": 34,
                    "weight_decay": 1.4852121441318969e-05,
                    "batch_size": 384
                },
                {
                    "in_dim": 76,
                    "out_dim": 10,
                    "loss": "cce",
                    "bottleneck_dim": 512,
                    "n_blocks": 2,
                    "hidden_dim": 277,
                    "lr": 0.001371253279692615,
                    "end_lr_factor": 0.050835462605706545,
                    "n_epochs": 11,
                    "weight_decay": 1.7613767682996493e-06,
                    "batch_size": 256
                },
                {
                    "in_dim": 76,
                    "out_dim": 10,
                    "loss": "cce",
                    "bottleneck_dim": 512,
                    "n_blocks": 4,
                    "hidden_dim": 507,
                    "lr": 0.0018340281663501536,
                    "end_lr_factor": 0.36885376592239605,
                    "n_epochs": 14,
                    "weight_decay": 1.9247175001428788e-05,
                    "batch_size": 128
                }
            ]
        }
    }
}