{
    "1067": {
        "RFRBoost_batchnormFalse": {
            "score_train": [
                -0.8684054613113403,
                -0.8725548386573792,
                -0.876704216003418,
                -0.8684054613113403,
                -0.8661137223243713
            ],
            "score_test": [
                -0.8436018824577332,
                -0.8222748637199402,
                -0.8601895570755005,
                -0.8744075894355774,
                -0.8669833540916443
            ],
            "t_fit": [
                1.3143054991960526,
                1.128540325909853,
                0.9189969077706337,
                1.0040667802095413,
                0.8104986436665058
            ],
            "t_inference": [
                0.12066017463803291,
                0.05287444218993187,
                0.06650882214307785,
                0.09705773368477821,
                0.08304860442876816
            ],
            "hyperparams": [
                {
                    "in_dim": 21,
                    "n_classes": 2,
                    "feature_type": "SWIM",
                    "upscale_type": "SWIM",
                    "randfeat_xt_dim": 512,
                    "randfeat_x0_dim": 512,
                    "activation": "tanh",
                    "use_batchnorm": false,
                    "do_linesearch": true,
                    "n_layers": 5,
                    "hidden_dim": 21,
                    "l2_cls": 0.00020047044322064796,
                    "l2_ghat": 2.4396318429478576,
                    "boost_lr": 0.3093881671180384,
                    "SWIM_scale": 0.3529839180332805
                },
                {
                    "in_dim": 21,
                    "n_classes": 2,
                    "feature_type": "SWIM",
                    "upscale_type": "SWIM",
                    "randfeat_xt_dim": 512,
                    "randfeat_x0_dim": 512,
                    "activation": "tanh",
                    "use_batchnorm": false,
                    "do_linesearch": true,
                    "n_layers": 3,
                    "hidden_dim": 21,
                    "l2_cls": 5.925323127422744e-07,
                    "l2_ghat": 0.015377189818104039,
                    "boost_lr": 0.10003923760581569,
                    "SWIM_scale": 0.5057271183002904
                },
                {
                    "in_dim": 21,
                    "n_classes": 2,
                    "feature_type": "SWIM",
                    "upscale_type": "SWIM",
                    "randfeat_xt_dim": 512,
                    "randfeat_x0_dim": 512,
                    "activation": "tanh",
                    "use_batchnorm": false,
                    "do_linesearch": true,
                    "n_layers": 4,
                    "hidden_dim": 21,
                    "l2_cls": 1.3357646185510173e-05,
                    "l2_ghat": 0.0024515991403369192,
                    "boost_lr": 0.22475850076810902,
                    "SWIM_scale": 0.2572557672952688
                },
                {
                    "in_dim": 21,
                    "n_classes": 2,
                    "feature_type": "SWIM",
                    "upscale_type": "SWIM",
                    "randfeat_xt_dim": 512,
                    "randfeat_x0_dim": 512,
                    "activation": "tanh",
                    "use_batchnorm": false,
                    "do_linesearch": true,
                    "n_layers": 5,
                    "hidden_dim": 21,
                    "l2_cls": 0.0012726493503899855,
                    "l2_ghat": 0.015285717833301772,
                    "boost_lr": 0.15978812309675555,
                    "SWIM_scale": 0.3576814633631482
                },
                {
                    "in_dim": 21,
                    "n_classes": 2,
                    "feature_type": "SWIM",
                    "upscale_type": "SWIM",
                    "randfeat_xt_dim": 512,
                    "randfeat_x0_dim": 512,
                    "activation": "tanh",
                    "use_batchnorm": false,
                    "do_linesearch": true,
                    "n_layers": 3,
                    "hidden_dim": 21,
                    "l2_cls": 0.007593776671221659,
                    "l2_ghat": 0.0997291896401613,
                    "boost_lr": 0.37358882599086213,
                    "SWIM_scale": 0.36895007853710404
                }
            ]
        }
    }
}