{
    "1487": {
        "RFNN": {
            "score_train": [
                -0.9560927748680115,
                -0.9546127319335938,
                -0.9590528011322021,
                -0.9496793150901794,
                -0.9462524652481079
            ],
            "score_test": [
                -0.9250493049621582,
                -0.9506903290748596,
                -0.9289940595626831,
                -0.9467455744743347,
                -0.9545454382896423
            ],
            "t_fit": [
                0.12734071165323257,
                0.21388565748929977,
                0.2723906338214874,
                0.11695830523967743,
                0.09729164093732834
            ],
            "t_inference": [
                0.0033199191093444824,
                0.002375401556491852,
                0.004045262932777405,
                0.0025344043970108032,
                0.004414290189743042
            ],
            "hyperparams": [
                {
                    "n_layers": 0,
                    "in_dim": 72,
                    "n_classes": 2,
                    "upscale_type": "SWIM",
                    "activation": "tanh",
                    "use_batchnorm": false,
                    "hidden_dim": 140,
                    "SWIM_scale": 1.7506420825514095,
                    "l2_cls": 0.0003277065469482162
                },
                {
                    "n_layers": 0,
                    "in_dim": 72,
                    "n_classes": 2,
                    "upscale_type": "SWIM",
                    "activation": "tanh",
                    "use_batchnorm": false,
                    "hidden_dim": 107,
                    "SWIM_scale": 1.9826375264906801,
                    "l2_cls": 1.552786020855651e-05
                },
                {
                    "n_layers": 0,
                    "in_dim": 72,
                    "n_classes": 2,
                    "upscale_type": "SWIM",
                    "activation": "tanh",
                    "use_batchnorm": false,
                    "hidden_dim": 172,
                    "SWIM_scale": 0.8120536490481831,
                    "l2_cls": 3.509375063981123e-05
                },
                {
                    "n_layers": 0,
                    "in_dim": 72,
                    "n_classes": 2,
                    "upscale_type": "SWIM",
                    "activation": "tanh",
                    "use_batchnorm": false,
                    "hidden_dim": 100,
                    "SWIM_scale": 0.8742617519602418,
                    "l2_cls": 5.628216467393149e-05
                },
                {
                    "n_layers": 0,
                    "in_dim": 72,
                    "n_classes": 2,
                    "upscale_type": "SWIM",
                    "activation": "tanh",
                    "use_batchnorm": false,
                    "hidden_dim": 168,
                    "SWIM_scale": 1.4390077003004411,
                    "l2_cls": 0.00037173160378246097
                }
            ]
        }
    }
}