{
    "23381": {
        "RFRBoost_linesearchFalse_batchnormFalse": {
            "score_train": [
                -0.6875,
                -0.6800000071525574,
                -0.6775000095367432,
                -0.6875,
                -0.6299999952316284
            ],
            "score_test": [
                -0.6600000262260437,
                -0.5699999928474426,
                -0.5799999833106995,
                -0.6499999761581421,
                -0.6800000071525574
            ],
            "t_fit": [
                0.4695667792111635,
                0.37521670386195183,
                0.12263488210737705,
                0.13581473380327225,
                0.10088270716369152
            ],
            "t_inference": [
                0.04834194481372833,
                0.038434948772192,
                0.010535921901464462,
                0.01280621811747551,
                0.017719484865665436
            ],
            "hyperparams": [
                {
                    "in_dim": 156,
                    "n_classes": 2,
                    "feature_type": "SWIM",
                    "upscale_type": "SWIM",
                    "randfeat_xt_dim": 512,
                    "randfeat_x0_dim": 512,
                    "activation": "tanh",
                    "use_batchnorm": false,
                    "do_linesearch": false,
                    "n_layers": 5,
                    "hidden_dim": 156,
                    "l2_cls": 0.052189357937525445,
                    "l2_ghat": 0.30263121097787493,
                    "boost_lr": 0.6405422274898267,
                    "SWIM_scale": 0.9472953548553975
                },
                {
                    "in_dim": 156,
                    "n_classes": 2,
                    "feature_type": "SWIM",
                    "upscale_type": "SWIM",
                    "randfeat_xt_dim": 512,
                    "randfeat_x0_dim": 512,
                    "activation": "tanh",
                    "use_batchnorm": false,
                    "do_linesearch": false,
                    "n_layers": 5,
                    "hidden_dim": 156,
                    "l2_cls": 0.024743512979942033,
                    "l2_ghat": 2.344155694642475,
                    "boost_lr": 0.6421739570193732,
                    "SWIM_scale": 0.43823217577298895
                },
                {
                    "in_dim": 156,
                    "n_classes": 2,
                    "feature_type": "SWIM",
                    "upscale_type": "SWIM",
                    "randfeat_xt_dim": 512,
                    "randfeat_x0_dim": 512,
                    "activation": "tanh",
                    "use_batchnorm": false,
                    "do_linesearch": false,
                    "n_layers": 1,
                    "hidden_dim": 156,
                    "l2_cls": 0.002924500892973778,
                    "l2_ghat": 1.9966346298010016,
                    "boost_lr": 0.5182060296245017,
                    "SWIM_scale": 0.32829479778146436
                },
                {
                    "in_dim": 156,
                    "n_classes": 2,
                    "feature_type": "SWIM",
                    "upscale_type": "SWIM",
                    "randfeat_xt_dim": 512,
                    "randfeat_x0_dim": 512,
                    "activation": "tanh",
                    "use_batchnorm": false,
                    "do_linesearch": false,
                    "n_layers": 1,
                    "hidden_dim": 156,
                    "l2_cls": 0.011488108754632164,
                    "l2_ghat": 0.22759510272481542,
                    "boost_lr": 0.10256263953376901,
                    "SWIM_scale": 1.161094319807831
                },
                {
                    "in_dim": 156,
                    "n_classes": 2,
                    "feature_type": "SWIM",
                    "upscale_type": "SWIM",
                    "randfeat_xt_dim": 512,
                    "randfeat_x0_dim": 512,
                    "activation": "tanh",
                    "use_batchnorm": false,
                    "do_linesearch": false,
                    "n_layers": 1,
                    "hidden_dim": 156,
                    "l2_cls": 0.0506157688875231,
                    "l2_ghat": 0.0717714192799201,
                    "boost_lr": 0.3968793330444371,
                    "SWIM_scale": 0.5230326207742639
                }
            ]
        }
    }
}