{
    "1464": {
        "RFRBoost_ID_linesearchFalse": {
            "score_train": [
                -0.7926421165466309,
                -0.8110367655754089,
                -0.8127090334892273,
                -0.8230383992195129,
                -0.8146911263465881
            ],
            "score_test": [
                -0.8533333539962769,
                -0.8199999928474426,
                -0.6866666674613953,
                -0.7785235047340393,
                -0.7516778707504272
            ],
            "t_fit": [
                0.21065838262438774,
                0.7912327870726585,
                0.8491027355194092,
                0.20395362004637718,
                0.9086522236466408
            ],
            "t_inference": [
                0.015679925680160522,
                0.03398573398590088,
                0.044825322926044464,
                0.007923394441604614,
                0.057363361120224
            ],
            "hyperparams": [
                {
                    "in_dim": 4,
                    "n_classes": 2,
                    "feature_type": "SWIM",
                    "upscale_type": "identity",
                    "randfeat_xt_dim": 512,
                    "randfeat_x0_dim": 512,
                    "activation": "tanh",
                    "use_batchnorm": true,
                    "do_linesearch": false,
                    "n_layers": 1,
                    "hidden_dim": 81,
                    "l2_cls": 4.047970521778139e-06,
                    "l2_ghat": 0.000247772643363731,
                    "boost_lr": 0.1668530488265674,
                    "SWIM_scale": 1.7786675543310895
                },
                {
                    "in_dim": 4,
                    "n_classes": 2,
                    "feature_type": "SWIM",
                    "upscale_type": "identity",
                    "randfeat_xt_dim": 512,
                    "randfeat_x0_dim": 512,
                    "activation": "tanh",
                    "use_batchnorm": true,
                    "do_linesearch": false,
                    "n_layers": 4,
                    "hidden_dim": 22,
                    "l2_cls": 0.00045339249216739787,
                    "l2_ghat": 0.532041326455518,
                    "boost_lr": 0.4300804015966791,
                    "SWIM_scale": 1.7991758552150343
                },
                {
                    "in_dim": 4,
                    "n_classes": 2,
                    "feature_type": "SWIM",
                    "upscale_type": "identity",
                    "randfeat_xt_dim": 512,
                    "randfeat_x0_dim": 512,
                    "activation": "tanh",
                    "use_batchnorm": true,
                    "do_linesearch": false,
                    "n_layers": 5,
                    "hidden_dim": 19,
                    "l2_cls": 2.3549569044728064e-06,
                    "l2_ghat": 3.95500466502081,
                    "boost_lr": 0.6361143652598614,
                    "SWIM_scale": 0.6345395969734753
                },
                {
                    "in_dim": 4,
                    "n_classes": 2,
                    "feature_type": "SWIM",
                    "upscale_type": "identity",
                    "randfeat_xt_dim": 512,
                    "randfeat_x0_dim": 512,
                    "activation": "tanh",
                    "use_batchnorm": true,
                    "do_linesearch": false,
                    "n_layers": 1,
                    "hidden_dim": 125,
                    "l2_cls": 0.00022001588547522876,
                    "l2_ghat": 0.0002584405731943186,
                    "boost_lr": 0.34356176130318844,
                    "SWIM_scale": 1.0847687305359157
                },
                {
                    "in_dim": 4,
                    "n_classes": 2,
                    "feature_type": "SWIM",
                    "upscale_type": "identity",
                    "randfeat_xt_dim": 512,
                    "randfeat_x0_dim": 512,
                    "activation": "tanh",
                    "use_batchnorm": true,
                    "do_linesearch": false,
                    "n_layers": 5,
                    "hidden_dim": 46,
                    "l2_cls": 8.891587716357399e-05,
                    "l2_ghat": 0.2348817764218964,
                    "boost_lr": 0.4948903974582923,
                    "SWIM_scale": 0.33066347352620806
                }
            ]
        }
    }
}