{
    "6332": {
        "RFRBoost_upscaleiid": {
            "score_train": [
                -0.7453703880310059,
                -0.7962962985038757,
                -0.7546296119689941,
                -0.7592592835426331,
                -0.7314814925193787
            ],
            "score_test": [
                -0.7129629850387573,
                -0.6388888955116272,
                -0.7222222089767456,
                -0.6944444179534912,
                -0.6481481194496155
            ],
            "t_fit": [
                0.15054799243807793,
                0.15013541281223297,
                0.2382962889969349,
                0.26717154309153557,
                0.19019383192062378
            ],
            "t_inference": [
                0.009259749203920364,
                0.009593065828084946,
                0.01390090212225914,
                0.018255792558193207,
                0.013045039027929306
            ],
            "hyperparams": [
                {
                    "in_dim": 173,
                    "n_classes": 2,
                    "feature_type": "SWIM",
                    "upscale_type": "iid",
                    "randfeat_xt_dim": 512,
                    "randfeat_x0_dim": 512,
                    "activation": "tanh",
                    "use_batchnorm": true,
                    "do_linesearch": true,
                    "n_layers": 1,
                    "hidden_dim": 16,
                    "l2_cls": 0.00028613901135532025,
                    "l2_ghat": 0.6301738303562638,
                    "boost_lr": 0.7486090872156683,
                    "SWIM_scale": 0.8359339358304442
                },
                {
                    "in_dim": 173,
                    "n_classes": 2,
                    "feature_type": "SWIM",
                    "upscale_type": "iid",
                    "randfeat_xt_dim": 512,
                    "randfeat_x0_dim": 512,
                    "activation": "tanh",
                    "use_batchnorm": true,
                    "do_linesearch": true,
                    "n_layers": 1,
                    "hidden_dim": 18,
                    "l2_cls": 5.2774909124488974e-05,
                    "l2_ghat": 0.07842108189970548,
                    "boost_lr": 0.7572200661032567,
                    "SWIM_scale": 0.4533558735882287
                },
                {
                    "in_dim": 173,
                    "n_classes": 2,
                    "feature_type": "SWIM",
                    "upscale_type": "iid",
                    "randfeat_xt_dim": 512,
                    "randfeat_x0_dim": 512,
                    "activation": "tanh",
                    "use_batchnorm": true,
                    "do_linesearch": true,
                    "n_layers": 2,
                    "hidden_dim": 16,
                    "l2_cls": 4.6531481095668524e-05,
                    "l2_ghat": 3.138690505620456,
                    "boost_lr": 0.3988140780429894,
                    "SWIM_scale": 1.2855748772155968
                },
                {
                    "in_dim": 173,
                    "n_classes": 2,
                    "feature_type": "SWIM",
                    "upscale_type": "iid",
                    "randfeat_xt_dim": 512,
                    "randfeat_x0_dim": 512,
                    "activation": "tanh",
                    "use_batchnorm": true,
                    "do_linesearch": true,
                    "n_layers": 2,
                    "hidden_dim": 28,
                    "l2_cls": 0.09661181105402998,
                    "l2_ghat": 1.1964568942536986,
                    "boost_lr": 0.6913357218315973,
                    "SWIM_scale": 1.1591570438158552
                },
                {
                    "in_dim": 173,
                    "n_classes": 2,
                    "feature_type": "SWIM",
                    "upscale_type": "iid",
                    "randfeat_xt_dim": 512,
                    "randfeat_x0_dim": 512,
                    "activation": "tanh",
                    "use_batchnorm": true,
                    "do_linesearch": true,
                    "n_layers": 1,
                    "hidden_dim": 21,
                    "l2_cls": 1.407318229397516e-07,
                    "l2_ghat": 6.198726417424336,
                    "boost_lr": 0.15806820146187797,
                    "SWIM_scale": 1.449946412445382
                }
            ]
        }
    }
}