{
    "40975": {
        "RFRBoost_linesearchFalse": {
            "score_train": [
                -1.0,
                -1.0,
                -1.0,
                -1.0,
                -1.0
            ],
            "score_test": [
                -0.9682080745697021,
                -0.9913294911384583,
                -0.9971098303794861,
                -0.9884058237075806,
                -0.9971014261245728
            ],
            "t_fit": [
                2.3411214351654053,
                2.1202494241297245,
                4.567113161087036,
                2.744654431939125,
                1.8897606544196606
            ],
            "t_inference": [
                0.10563446208834648,
                0.19747581705451012,
                0.1674296297132969,
                0.1119270958006382,
                0.16285475343465805
            ],
            "hyperparams": [
                {
                    "in_dim": 21,
                    "n_classes": 4,
                    "feature_type": "SWIM",
                    "upscale_type": "SWIM",
                    "randfeat_xt_dim": 512,
                    "randfeat_x0_dim": 512,
                    "activation": "tanh",
                    "use_batchnorm": true,
                    "do_linesearch": false,
                    "n_layers": 4,
                    "hidden_dim": 21,
                    "l2_cls": 3.349190691144534e-05,
                    "l2_ghat": 0.0274536186811129,
                    "boost_lr": 0.47276147160595405,
                    "SWIM_scale": 1.5196733899219397
                },
                {
                    "in_dim": 21,
                    "n_classes": 4,
                    "feature_type": "SWIM",
                    "upscale_type": "SWIM",
                    "randfeat_xt_dim": 512,
                    "randfeat_x0_dim": 512,
                    "activation": "tanh",
                    "use_batchnorm": true,
                    "do_linesearch": false,
                    "n_layers": 5,
                    "hidden_dim": 21,
                    "l2_cls": 0.00033392448366827506,
                    "l2_ghat": 1.3866236482984676e-05,
                    "boost_lr": 0.36412136988100263,
                    "SWIM_scale": 0.5845119162410041
                },
                {
                    "in_dim": 21,
                    "n_classes": 4,
                    "feature_type": "SWIM",
                    "upscale_type": "SWIM",
                    "randfeat_xt_dim": 512,
                    "randfeat_x0_dim": 512,
                    "activation": "tanh",
                    "use_batchnorm": true,
                    "do_linesearch": false,
                    "n_layers": 5,
                    "hidden_dim": 21,
                    "l2_cls": 3.818314537120564e-07,
                    "l2_ghat": 2.5208738635530374e-05,
                    "boost_lr": 0.12520958201969595,
                    "SWIM_scale": 0.6344826298532428
                },
                {
                    "in_dim": 21,
                    "n_classes": 4,
                    "feature_type": "SWIM",
                    "upscale_type": "SWIM",
                    "randfeat_xt_dim": 512,
                    "randfeat_x0_dim": 512,
                    "activation": "tanh",
                    "use_batchnorm": true,
                    "do_linesearch": false,
                    "n_layers": 3,
                    "hidden_dim": 21,
                    "l2_cls": 9.368278087441325e-06,
                    "l2_ghat": 0.0004552297253419405,
                    "boost_lr": 0.10442093631364653,
                    "SWIM_scale": 0.9983630869333668
                },
                {
                    "in_dim": 21,
                    "n_classes": 4,
                    "feature_type": "SWIM",
                    "upscale_type": "SWIM",
                    "randfeat_xt_dim": 512,
                    "randfeat_x0_dim": 512,
                    "activation": "tanh",
                    "use_batchnorm": true,
                    "do_linesearch": false,
                    "n_layers": 5,
                    "hidden_dim": 21,
                    "l2_cls": 0.000504447808496622,
                    "l2_ghat": 5.106428123681004e-05,
                    "boost_lr": 0.28906530961897103,
                    "SWIM_scale": 0.6679565038683937
                }
            ]
        }
    }
}