{
    "1497": {
        "RFNN": {
            "score_train": [
                -0.9629999995231628,
                -0.9432500004768372,
                -0.9495000243186951,
                -0.9722499847412109,
                -0.9457499980926514
            ],
            "score_test": [
                -0.902999997138977,
                -0.9100000262260437,
                -0.8949999809265137,
                -0.9079999923706055,
                -0.8989999890327454
            ],
            "t_fit": [
                2.227082774043083,
                2.162951335310936,
                2.039782591164112,
                2.0084901712834835,
                2.0700740478932858
            ],
            "t_inference": [
                0.017311621457338333,
                0.01657308265566826,
                0.01611245423555374,
                0.021205298602581024,
                0.01713412255048752
            ],
            "hyperparams": [
                {
                    "n_layers": 0,
                    "in_dim": 24,
                    "n_classes": 4,
                    "upscale_type": "SWIM",
                    "activation": "tanh",
                    "use_batchnorm": false,
                    "hidden_dim": 512,
                    "SWIM_scale": 1.8769954105446798,
                    "l2_cls": 3.1739941481221674e-05
                },
                {
                    "n_layers": 0,
                    "in_dim": 24,
                    "n_classes": 4,
                    "upscale_type": "SWIM",
                    "activation": "tanh",
                    "use_batchnorm": false,
                    "hidden_dim": 506,
                    "SWIM_scale": 1.0130895524938623,
                    "l2_cls": 7.248086416278684e-06
                },
                {
                    "n_layers": 0,
                    "in_dim": 24,
                    "n_classes": 4,
                    "upscale_type": "SWIM",
                    "activation": "tanh",
                    "use_batchnorm": false,
                    "hidden_dim": 480,
                    "SWIM_scale": 0.8075304922938626,
                    "l2_cls": 4.2351852794042683e-07
                },
                {
                    "n_layers": 0,
                    "in_dim": 24,
                    "n_classes": 4,
                    "upscale_type": "SWIM",
                    "activation": "tanh",
                    "use_batchnorm": false,
                    "hidden_dim": 509,
                    "SWIM_scale": 1.7394977694274,
                    "l2_cls": 5.644868795195218e-06
                },
                {
                    "n_layers": 0,
                    "in_dim": 24,
                    "n_classes": 4,
                    "upscale_type": "SWIM",
                    "activation": "tanh",
                    "use_batchnorm": false,
                    "hidden_dim": 486,
                    "SWIM_scale": 1.1926879886032573,
                    "l2_cls": 1.0204014271263366e-05
                }
            ]
        }
    }
}