{
    "38": {
        "RFRBoost_ID_batchnormFalse": {
            "score_train": [
                -0.9930394291877747,
                -0.9960225224494934,
                -0.9970179200172424,
                -0.9930417537689209,
                -0.9943671226501465
            ],
            "score_test": [
                -0.9841059446334839,
                -0.9748344421386719,
                -0.9787798523902893,
                -0.9814323782920837,
                -0.9814323782920837
            ],
            "t_fit": [
                2.5510000623762608,
                1.4952164553105831,
                3.531745482236147,
                5.3600063025951385,
                3.7329618632793427
            ],
            "t_inference": [
                0.33777815848588943,
                0.21139618754386902,
                0.5147634632885456,
                0.549065213650465,
                0.5590327978134155
            ],
            "hyperparams": [
                {
                    "in_dim": 53,
                    "n_classes": 2,
                    "feature_type": "SWIM",
                    "upscale_type": "identity",
                    "randfeat_xt_dim": 512,
                    "randfeat_x0_dim": 512,
                    "activation": "tanh",
                    "use_batchnorm": false,
                    "do_linesearch": true,
                    "n_layers": 5,
                    "hidden_dim": 53,
                    "l2_cls": 0.014214207353607546,
                    "l2_ghat": 0.0019527995413446465,
                    "boost_lr": 0.8260931226010064,
                    "SWIM_scale": 1.1821226087926529
                },
                {
                    "in_dim": 53,
                    "n_classes": 2,
                    "feature_type": "SWIM",
                    "upscale_type": "identity",
                    "randfeat_xt_dim": 512,
                    "randfeat_x0_dim": 512,
                    "activation": "tanh",
                    "use_batchnorm": false,
                    "do_linesearch": true,
                    "n_layers": 4,
                    "hidden_dim": 53,
                    "l2_cls": 0.019539131066809275,
                    "l2_ghat": 0.000651320909038554,
                    "boost_lr": 0.5645841241629803,
                    "SWIM_scale": 0.9261455241911667
                },
                {
                    "in_dim": 53,
                    "n_classes": 2,
                    "feature_type": "SWIM",
                    "upscale_type": "identity",
                    "randfeat_xt_dim": 512,
                    "randfeat_x0_dim": 512,
                    "activation": "tanh",
                    "use_batchnorm": false,
                    "do_linesearch": true,
                    "n_layers": 7,
                    "hidden_dim": 53,
                    "l2_cls": 0.0038448849296924483,
                    "l2_ghat": 0.0003602664104382889,
                    "boost_lr": 0.5541345042953155,
                    "SWIM_scale": 1.144999920664358
                },
                {
                    "in_dim": 53,
                    "n_classes": 2,
                    "feature_type": "SWIM",
                    "upscale_type": "identity",
                    "randfeat_xt_dim": 512,
                    "randfeat_x0_dim": 512,
                    "activation": "tanh",
                    "use_batchnorm": false,
                    "do_linesearch": true,
                    "n_layers": 10,
                    "hidden_dim": 53,
                    "l2_cls": 1.0863833419456807e-05,
                    "l2_ghat": 0.0003167877391411018,
                    "boost_lr": 0.10422259339479667,
                    "SWIM_scale": 0.8460880980820942
                },
                {
                    "in_dim": 53,
                    "n_classes": 2,
                    "feature_type": "SWIM",
                    "upscale_type": "identity",
                    "randfeat_xt_dim": 512,
                    "randfeat_x0_dim": 512,
                    "activation": "tanh",
                    "use_batchnorm": false,
                    "do_linesearch": true,
                    "n_layers": 8,
                    "hidden_dim": 53,
                    "l2_cls": 0.0036763453249362174,
                    "l2_ghat": 0.00047893692544530574,
                    "boost_lr": 0.3037706674356154,
                    "SWIM_scale": 1.0836933041894314
                }
            ]
        }
    }
}