{
    "40983": {
        "RFRBoost_ID": {
            "score_train": [
                -0.9930250644683838,
                -0.9917334318161011,
                -0.990183413028717,
                -0.9930250644683838,
                -0.9904442429542542
            ],
            "score_test": [
                -0.9855371713638306,
                -0.9824380278587341,
                -0.9834710955619812,
                -0.9876033067703247,
                -0.9937952160835266
            ],
            "t_fit": [
                2.6058666184544563,
                7.022355780005455,
                5.413388833403587,
                5.844970561563969,
                4.95001482963562
            ],
            "t_inference": [
                0.32924947142601013,
                0.8004874810576439,
                0.5663755238056183,
                0.6957581639289856,
                0.5436404123902321
            ],
            "hyperparams": [
                {
                    "in_dim": 5,
                    "n_classes": 2,
                    "feature_type": "SWIM",
                    "upscale_type": "identity",
                    "randfeat_xt_dim": 512,
                    "randfeat_x0_dim": 512,
                    "activation": "tanh",
                    "use_batchnorm": true,
                    "do_linesearch": true,
                    "n_layers": 4,
                    "hidden_dim": 5,
                    "l2_cls": 0.00044584275254353807,
                    "l2_ghat": 0.003084296784755691,
                    "boost_lr": 0.9077056199611128,
                    "SWIM_scale": 0.9839117560813923
                },
                {
                    "in_dim": 5,
                    "n_classes": 2,
                    "feature_type": "SWIM",
                    "upscale_type": "identity",
                    "randfeat_xt_dim": 512,
                    "randfeat_x0_dim": 512,
                    "activation": "tanh",
                    "use_batchnorm": true,
                    "do_linesearch": true,
                    "n_layers": 8,
                    "hidden_dim": 5,
                    "l2_cls": 0.0005476972724966186,
                    "l2_ghat": 0.22791615485785854,
                    "boost_lr": 0.6421174820964523,
                    "SWIM_scale": 1.856390875295196
                },
                {
                    "in_dim": 5,
                    "n_classes": 2,
                    "feature_type": "SWIM",
                    "upscale_type": "identity",
                    "randfeat_xt_dim": 512,
                    "randfeat_x0_dim": 512,
                    "activation": "tanh",
                    "use_batchnorm": true,
                    "do_linesearch": true,
                    "n_layers": 9,
                    "hidden_dim": 5,
                    "l2_cls": 0.008620343735164215,
                    "l2_ghat": 0.1047453294615757,
                    "boost_lr": 0.31876753677342795,
                    "SWIM_scale": 1.4143658465131916
                },
                {
                    "in_dim": 5,
                    "n_classes": 2,
                    "feature_type": "SWIM",
                    "upscale_type": "identity",
                    "randfeat_xt_dim": 512,
                    "randfeat_x0_dim": 512,
                    "activation": "tanh",
                    "use_batchnorm": true,
                    "do_linesearch": true,
                    "n_layers": 10,
                    "hidden_dim": 5,
                    "l2_cls": 0.009602294188317777,
                    "l2_ghat": 0.002431884665740981,
                    "boost_lr": 0.22201393771869565,
                    "SWIM_scale": 1.1351526161135141
                },
                {
                    "in_dim": 5,
                    "n_classes": 2,
                    "feature_type": "SWIM",
                    "upscale_type": "identity",
                    "randfeat_xt_dim": 512,
                    "randfeat_x0_dim": 512,
                    "activation": "tanh",
                    "use_batchnorm": true,
                    "do_linesearch": true,
                    "n_layers": 9,
                    "hidden_dim": 5,
                    "l2_cls": 0.0008288841845122159,
                    "l2_ghat": 0.07423143634022338,
                    "boost_lr": 0.4213913060294303,
                    "SWIM_scale": 1.4125542304396999
                }
            ]
        }
    }
}