{
    "40975": {
        "RFRBoost_linesearchFalse_batchnormFalse": {
            "score_train": [
                -1.0,
                -1.0,
                -1.0,
                -1.0,
                -1.0
            ],
            "score_test": [
                -0.9971098303794861,
                -0.9942196607589722,
                -0.9913294911384583,
                -0.9971014261245728,
                -0.9971014261245728
            ],
            "t_fit": [
                0.5580839328467846,
                0.6281141005456448,
                0.6437375862151384,
                0.572992691770196,
                0.4058670923113823
            ],
            "t_inference": [
                0.053903186693787575,
                0.0661590676754713,
                0.06954921968281269,
                0.047086743637919426,
                0.04259655065834522
            ],
            "hyperparams": [
                {
                    "in_dim": 21,
                    "n_classes": 4,
                    "feature_type": "SWIM",
                    "upscale_type": "SWIM",
                    "randfeat_xt_dim": 512,
                    "randfeat_x0_dim": 512,
                    "activation": "tanh",
                    "use_batchnorm": false,
                    "do_linesearch": false,
                    "n_layers": 4,
                    "hidden_dim": 21,
                    "l2_cls": 0.0006440897950643202,
                    "l2_ghat": 0.0001675360722522562,
                    "boost_lr": 0.4807854946095205,
                    "SWIM_scale": 0.769245612428357
                },
                {
                    "in_dim": 21,
                    "n_classes": 4,
                    "feature_type": "SWIM",
                    "upscale_type": "SWIM",
                    "randfeat_xt_dim": 512,
                    "randfeat_x0_dim": 512,
                    "activation": "tanh",
                    "use_batchnorm": false,
                    "do_linesearch": false,
                    "n_layers": 5,
                    "hidden_dim": 21,
                    "l2_cls": 0.0024028607012856773,
                    "l2_ghat": 1.3619417354299977e-06,
                    "boost_lr": 0.27765481829932737,
                    "SWIM_scale": 0.4222001758709559
                },
                {
                    "in_dim": 21,
                    "n_classes": 4,
                    "feature_type": "SWIM",
                    "upscale_type": "SWIM",
                    "randfeat_xt_dim": 512,
                    "randfeat_x0_dim": 512,
                    "activation": "tanh",
                    "use_batchnorm": false,
                    "do_linesearch": false,
                    "n_layers": 5,
                    "hidden_dim": 21,
                    "l2_cls": 0.0014017255797740265,
                    "l2_ghat": 1.6954036513275575e-05,
                    "boost_lr": 0.28843528568128884,
                    "SWIM_scale": 0.5458307244896523
                },
                {
                    "in_dim": 21,
                    "n_classes": 4,
                    "feature_type": "SWIM",
                    "upscale_type": "SWIM",
                    "randfeat_xt_dim": 512,
                    "randfeat_x0_dim": 512,
                    "activation": "tanh",
                    "use_batchnorm": false,
                    "do_linesearch": false,
                    "n_layers": 4,
                    "hidden_dim": 21,
                    "l2_cls": 0.0001203722414949168,
                    "l2_ghat": 2.700424527373989e-06,
                    "boost_lr": 0.13586225359956433,
                    "SWIM_scale": 0.4203587806647025
                },
                {
                    "in_dim": 21,
                    "n_classes": 4,
                    "feature_type": "SWIM",
                    "upscale_type": "SWIM",
                    "randfeat_xt_dim": 512,
                    "randfeat_x0_dim": 512,
                    "activation": "tanh",
                    "use_batchnorm": false,
                    "do_linesearch": false,
                    "n_layers": 3,
                    "hidden_dim": 21,
                    "l2_cls": 0.0019596837791411074,
                    "l2_ghat": 1.0128208781297272e-05,
                    "boost_lr": 0.5319271526224656,
                    "SWIM_scale": 0.6169882936382461
                }
            ]
        }
    }
}