{
    "182": {
        "RFRBoost_upscaleiid": {
            "score_train": [
                -0.968999981880188,
                -0.9629999995231628,
                -0.9712499976158142,
                -0.9645000100135803,
                -0.9800000190734863
            ],
            "score_test": [
                -0.9190000295639038,
                -0.9160000085830688,
                -0.9049999713897705,
                -0.921999990940094,
                -0.9129999876022339
            ],
            "t_fit": [
                5.501528013497591,
                4.1444249376654625,
                6.353004742413759,
                2.23140886425972,
                16.802308604121208
            ],
            "t_inference": [
                0.4218704178929329,
                0.3833625949919224,
                0.6161876320838928,
                0.2516670972108841,
                0.9044337123632431
            ],
            "hyperparams": [
                {
                    "in_dim": 36,
                    "n_classes": 6,
                    "feature_type": "SWIM",
                    "upscale_type": "iid",
                    "randfeat_xt_dim": 512,
                    "randfeat_x0_dim": 512,
                    "activation": "tanh",
                    "use_batchnorm": true,
                    "do_linesearch": true,
                    "n_layers": 7,
                    "hidden_dim": 58,
                    "l2_cls": 0.00012184291299054298,
                    "l2_ghat": 0.0001967689246619175,
                    "boost_lr": 0.20653801997495305,
                    "SWIM_scale": 1.4029439608826344
                },
                {
                    "in_dim": 36,
                    "n_classes": 6,
                    "feature_type": "SWIM",
                    "upscale_type": "iid",
                    "randfeat_xt_dim": 512,
                    "randfeat_x0_dim": 512,
                    "activation": "tanh",
                    "use_batchnorm": true,
                    "do_linesearch": true,
                    "n_layers": 3,
                    "hidden_dim": 230,
                    "l2_cls": 0.0007136508490096716,
                    "l2_ghat": 0.0001244790353891322,
                    "boost_lr": 0.21033509483810175,
                    "SWIM_scale": 1.7611981424978744
                },
                {
                    "in_dim": 36,
                    "n_classes": 6,
                    "feature_type": "SWIM",
                    "upscale_type": "iid",
                    "randfeat_xt_dim": 512,
                    "randfeat_x0_dim": 512,
                    "activation": "tanh",
                    "use_batchnorm": true,
                    "do_linesearch": true,
                    "n_layers": 6,
                    "hidden_dim": 193,
                    "l2_cls": 0.0003940225152768,
                    "l2_ghat": 0.00019411205012470913,
                    "boost_lr": 0.23368699094082654,
                    "SWIM_scale": 1.3292143833965184
                },
                {
                    "in_dim": 36,
                    "n_classes": 6,
                    "feature_type": "SWIM",
                    "upscale_type": "iid",
                    "randfeat_xt_dim": 512,
                    "randfeat_x0_dim": 512,
                    "activation": "tanh",
                    "use_batchnorm": true,
                    "do_linesearch": true,
                    "n_layers": 5,
                    "hidden_dim": 47,
                    "l2_cls": 0.0007199314315323435,
                    "l2_ghat": 0.0001649492295425104,
                    "boost_lr": 0.2704273907024321,
                    "SWIM_scale": 1.2227060266690861
                },
                {
                    "in_dim": 36,
                    "n_classes": 6,
                    "feature_type": "SWIM",
                    "upscale_type": "iid",
                    "randfeat_xt_dim": 512,
                    "randfeat_x0_dim": 512,
                    "activation": "tanh",
                    "use_batchnorm": true,
                    "do_linesearch": true,
                    "n_layers": 7,
                    "hidden_dim": 270,
                    "l2_cls": 3.3711905787737e-05,
                    "l2_ghat": 0.007829035927889149,
                    "boost_lr": 0.7640581448824767,
                    "SWIM_scale": 1.8579309301688745
                }
            ]
        }
    }
}