{
    "1497": {
        "RFNN": {
            "score_train": [
                -0.9557499885559082,
                -0.9474999904632568,
                -0.940750002861023,
                -0.9577500224113464,
                -0.9457499980926514
            ],
            "score_test": [
                -0.9100000262260437,
                -0.8980000019073486,
                -0.8989999890327454,
                -0.8899999856948853,
                -0.8989999890327454
            ],
            "t_fit": [
                2.144877480342984,
                1.947637565433979,
                1.7944075055420399,
                2.096198458224535,
                1.6903672404587269
            ],
            "t_inference": [
                0.016711946576833725,
                0.017115602269768715,
                0.015190761536359787,
                0.016984550282359123,
                0.015447469428181648
            ],
            "hyperparams": [
                {
                    "n_layers": 0,
                    "in_dim": 24,
                    "n_classes": 4,
                    "upscale_type": "SWIM",
                    "activation": "tanh",
                    "use_batchnorm": false,
                    "hidden_dim": 508,
                    "SWIM_scale": 1.3820072227670552,
                    "l2_cls": 1.7251349727039867e-05
                },
                {
                    "n_layers": 0,
                    "in_dim": 24,
                    "n_classes": 4,
                    "upscale_type": "SWIM",
                    "activation": "tanh",
                    "use_batchnorm": false,
                    "hidden_dim": 508,
                    "SWIM_scale": 1.3820072227670552,
                    "l2_cls": 2.274493761526742e-05
                },
                {
                    "n_layers": 0,
                    "in_dim": 24,
                    "n_classes": 4,
                    "upscale_type": "SWIM",
                    "activation": "tanh",
                    "use_batchnorm": false,
                    "hidden_dim": 480,
                    "SWIM_scale": 1.5076495627977897,
                    "l2_cls": 4.201028074652612e-05
                },
                {
                    "n_layers": 0,
                    "in_dim": 24,
                    "n_classes": 4,
                    "upscale_type": "SWIM",
                    "activation": "tanh",
                    "use_batchnorm": false,
                    "hidden_dim": 504,
                    "SWIM_scale": 1.294536844821884,
                    "l2_cls": 8.871830998648258e-06
                },
                {
                    "n_layers": 0,
                    "in_dim": 24,
                    "n_classes": 4,
                    "upscale_type": "SWIM",
                    "activation": "tanh",
                    "use_batchnorm": false,
                    "hidden_dim": 486,
                    "SWIM_scale": 1.1926879886032573,
                    "l2_cls": 1.0204014271263366e-05
                }
            ]
        }
    }
}