{
    "32": {
        "RFRBoost_upscaleiid": {
            "score_train": [
                -0.999750018119812,
                -0.999750018119812,
                -1.0,
                -1.0,
                -0.999750018119812
            ],
            "score_test": [
                -0.9900000095367432,
                -0.9890000224113464,
                -0.996999979019165,
                -0.9940000176429749,
                -0.9959999918937683
            ],
            "t_fit": [
                2.966447938233614,
                5.934022068977356,
                3.5740331150591373,
                6.752272665500641,
                2.716672372072935
            ],
            "t_inference": [
                0.33104633912444115,
                0.607464175671339,
                0.3988947495818138,
                0.5531948059797287,
                0.3271839804947376
            ],
            "hyperparams": [
                {
                    "in_dim": 16,
                    "n_classes": 10,
                    "feature_type": "SWIM",
                    "upscale_type": "iid",
                    "randfeat_xt_dim": 512,
                    "randfeat_x0_dim": 512,
                    "activation": "tanh",
                    "use_batchnorm": true,
                    "do_linesearch": true,
                    "n_layers": 5,
                    "hidden_dim": 116,
                    "l2_cls": 0.000881386853221879,
                    "l2_ghat": 0.004611885208431166,
                    "boost_lr": 0.9552758230491132,
                    "SWIM_scale": 1.850254919285523
                },
                {
                    "in_dim": 16,
                    "n_classes": 10,
                    "feature_type": "SWIM",
                    "upscale_type": "iid",
                    "randfeat_xt_dim": 512,
                    "randfeat_x0_dim": 512,
                    "activation": "tanh",
                    "use_batchnorm": true,
                    "do_linesearch": true,
                    "n_layers": 5,
                    "hidden_dim": 312,
                    "l2_cls": 0.0006737206017340928,
                    "l2_ghat": 0.003401196948333828,
                    "boost_lr": 0.8164070773080256,
                    "SWIM_scale": 1.8656561482768224
                },
                {
                    "in_dim": 16,
                    "n_classes": 10,
                    "feature_type": "SWIM",
                    "upscale_type": "iid",
                    "randfeat_xt_dim": 512,
                    "randfeat_x0_dim": 512,
                    "activation": "tanh",
                    "use_batchnorm": true,
                    "do_linesearch": true,
                    "n_layers": 5,
                    "hidden_dim": 153,
                    "l2_cls": 0.0008081207569455082,
                    "l2_ghat": 7.12827074263351e-05,
                    "boost_lr": 0.9899478675633423,
                    "SWIM_scale": 0.9029497212290377
                },
                {
                    "in_dim": 16,
                    "n_classes": 10,
                    "feature_type": "SWIM",
                    "upscale_type": "iid",
                    "randfeat_xt_dim": 512,
                    "randfeat_x0_dim": 512,
                    "activation": "tanh",
                    "use_batchnorm": true,
                    "do_linesearch": true,
                    "n_layers": 5,
                    "hidden_dim": 198,
                    "l2_cls": 0.00025281703629364047,
                    "l2_ghat": 0.0032440334147404606,
                    "boost_lr": 0.9418939184123301,
                    "SWIM_scale": 1.6562371954320574
                },
                {
                    "in_dim": 16,
                    "n_classes": 10,
                    "feature_type": "SWIM",
                    "upscale_type": "iid",
                    "randfeat_xt_dim": 512,
                    "randfeat_x0_dim": 512,
                    "activation": "tanh",
                    "use_batchnorm": true,
                    "do_linesearch": true,
                    "n_layers": 5,
                    "hidden_dim": 117,
                    "l2_cls": 0.0012747597241550021,
                    "l2_ghat": 0.000680146234765107,
                    "boost_lr": 0.8152100195327284,
                    "SWIM_scale": 1.35091221866516
                }
            ]
        }
    }
}