{
    "6332": {
        "RFNN": {
            "score_train": [
                -0.9305555820465088,
                -0.9884259104728699,
                -0.9953703880310059,
                -0.9953703880310059,
                -1.0
            ],
            "score_test": [
                -0.7592592835426331,
                -0.75,
                -0.7685185074806213,
                -0.7222222089767456,
                -0.8240740895271301
            ],
            "t_fit": [
                0.8868207782506943,
                0.5800784602761269,
                1.0389949195086956,
                0.8845784701406956,
                0.8805795200169086
            ],
            "t_inference": [
                0.002805326133966446,
                0.003841441124677658,
                0.0030532479286193848,
                0.003084961324930191,
                0.002957727760076523
            ],
            "hyperparams": [
                {
                    "n_layers": 0,
                    "in_dim": 173,
                    "n_classes": 2,
                    "upscale_type": "SWIM",
                    "activation": "tanh",
                    "use_batchnorm": false,
                    "hidden_dim": 393,
                    "SWIM_scale": 0.3663531595025695,
                    "l2_cls": 2.0779149246692257e-07
                },
                {
                    "n_layers": 0,
                    "in_dim": 173,
                    "n_classes": 2,
                    "upscale_type": "SWIM",
                    "activation": "tanh",
                    "use_batchnorm": false,
                    "hidden_dim": 434,
                    "SWIM_scale": 1.147635334927568,
                    "l2_cls": 1.0383417448405362e-05
                },
                {
                    "n_layers": 0,
                    "in_dim": 173,
                    "n_classes": 2,
                    "upscale_type": "SWIM",
                    "activation": "tanh",
                    "use_batchnorm": false,
                    "hidden_dim": 341,
                    "SWIM_scale": 1.674171063152544,
                    "l2_cls": 7.087583327772489e-06
                },
                {
                    "n_layers": 0,
                    "in_dim": 173,
                    "n_classes": 2,
                    "upscale_type": "SWIM",
                    "activation": "tanh",
                    "use_batchnorm": false,
                    "hidden_dim": 314,
                    "SWIM_scale": 1.6463108322488855,
                    "l2_cls": 4.7729557667278585e-06
                },
                {
                    "n_layers": 0,
                    "in_dim": 173,
                    "n_classes": 2,
                    "upscale_type": "SWIM",
                    "activation": "tanh",
                    "use_batchnorm": false,
                    "hidden_dim": 377,
                    "SWIM_scale": 1.422656057736413,
                    "l2_cls": 1.0833570136208043e-06
                }
            ]
        }
    }
}