{
    "28": {
        "RFRBoost_upscaleiid": {
            "score_train": [
                -1.0,
                -1.0,
                -0.9992499947547913,
                -0.9994999766349792,
                -1.0
            ],
            "score_test": [
                -0.9940000176429749,
                -0.9869999885559082,
                -0.9869999885559082,
                -0.9850000143051147,
                -0.9869999885559082
            ],
            "t_fit": [
                2.265944477170706,
                2.1869448982179165,
                0.9019175581634045,
                0.4933907054364681,
                1.4855584874749184
            ],
            "t_inference": [
                0.29815298691391945,
                0.294641949236393,
                0.11403824761509895,
                0.06442192569375038,
                0.1736968494951725
            ],
            "hyperparams": [
                {
                    "in_dim": 64,
                    "n_classes": 10,
                    "feature_type": "SWIM",
                    "upscale_type": "iid",
                    "randfeat_xt_dim": 512,
                    "randfeat_x0_dim": 512,
                    "activation": "tanh",
                    "use_batchnorm": true,
                    "do_linesearch": true,
                    "n_layers": 5,
                    "hidden_dim": 64,
                    "l2_cls": 0.014450457960124282,
                    "l2_ghat": 1.587245319567042e-05,
                    "boost_lr": 0.4422281783060697,
                    "SWIM_scale": 0.7463388629368122
                },
                {
                    "in_dim": 64,
                    "n_classes": 10,
                    "feature_type": "SWIM",
                    "upscale_type": "iid",
                    "randfeat_xt_dim": 512,
                    "randfeat_x0_dim": 512,
                    "activation": "tanh",
                    "use_batchnorm": true,
                    "do_linesearch": true,
                    "n_layers": 5,
                    "hidden_dim": 64,
                    "l2_cls": 0.09945203489784755,
                    "l2_ghat": 6.798971339739225e-07,
                    "boost_lr": 0.31414504047313935,
                    "SWIM_scale": 0.5690819104196229
                },
                {
                    "in_dim": 64,
                    "n_classes": 10,
                    "feature_type": "SWIM",
                    "upscale_type": "iid",
                    "randfeat_xt_dim": 512,
                    "randfeat_x0_dim": 512,
                    "activation": "tanh",
                    "use_batchnorm": true,
                    "do_linesearch": true,
                    "n_layers": 2,
                    "hidden_dim": 64,
                    "l2_cls": 0.044801701396662036,
                    "l2_ghat": 0.0001390786741107626,
                    "boost_lr": 0.37605516321241633,
                    "SWIM_scale": 1.1613491203509516
                },
                {
                    "in_dim": 64,
                    "n_classes": 10,
                    "feature_type": "SWIM",
                    "upscale_type": "iid",
                    "randfeat_xt_dim": 512,
                    "randfeat_x0_dim": 512,
                    "activation": "tanh",
                    "use_batchnorm": true,
                    "do_linesearch": true,
                    "n_layers": 1,
                    "hidden_dim": 64,
                    "l2_cls": 0.04463545526298037,
                    "l2_ghat": 3.348458006021955e-07,
                    "boost_lr": 0.39754673799655216,
                    "SWIM_scale": 0.6609633328101142
                },
                {
                    "in_dim": 64,
                    "n_classes": 10,
                    "feature_type": "SWIM",
                    "upscale_type": "iid",
                    "randfeat_xt_dim": 512,
                    "randfeat_x0_dim": 512,
                    "activation": "tanh",
                    "use_batchnorm": true,
                    "do_linesearch": true,
                    "n_layers": 3,
                    "hidden_dim": 64,
                    "l2_cls": 0.0024444024205839032,
                    "l2_ghat": 1.4340002495185997e-05,
                    "boost_lr": 0.990361506382639,
                    "SWIM_scale": 0.799617306422906
                }
            ]
        }
    }
}