{
    "1475": {
        "RFNN": {
            "score_train": [
                -0.5997499823570251,
                -0.6054999828338623,
                -0.6104999780654907,
                -0.5950000286102295,
                -0.6082500219345093
            ],
            "score_test": [
                -0.49900001287460327,
                -0.5329999923706055,
                -0.515999972820282,
                -0.5329999923706055,
                -0.5329999923706055
            ],
            "t_fit": [
                2.288096643984318,
                2.2377221509814262,
                2.8497759476304054,
                2.887291170656681,
                2.994823105633259
            ],
            "t_inference": [
                0.015348318964242935,
                0.014439720660448074,
                0.023719467222690582,
                0.02114172652363777,
                0.019641641527414322
            ],
            "hyperparams": [
                {
                    "n_layers": 0,
                    "in_dim": 51,
                    "n_classes": 6,
                    "upscale_type": "SWIM",
                    "activation": "tanh",
                    "use_batchnorm": false,
                    "hidden_dim": 382,
                    "SWIM_scale": 1.2643975760568718,
                    "l2_cls": 3.961224939825453e-05
                },
                {
                    "n_layers": 0,
                    "in_dim": 51,
                    "n_classes": 6,
                    "upscale_type": "SWIM",
                    "activation": "tanh",
                    "use_batchnorm": false,
                    "hidden_dim": 375,
                    "SWIM_scale": 1.4077201594894524,
                    "l2_cls": 4.7122797608690704e-05
                },
                {
                    "n_layers": 0,
                    "in_dim": 51,
                    "n_classes": 6,
                    "upscale_type": "SWIM",
                    "activation": "tanh",
                    "use_batchnorm": false,
                    "hidden_dim": 473,
                    "SWIM_scale": 1.782521104176741,
                    "l2_cls": 8.496360951256652e-05
                },
                {
                    "n_layers": 0,
                    "in_dim": 51,
                    "n_classes": 6,
                    "upscale_type": "SWIM",
                    "activation": "tanh",
                    "use_batchnorm": false,
                    "hidden_dim": 443,
                    "SWIM_scale": 1.3119529419049711,
                    "l2_cls": 5.18751563206358e-05
                },
                {
                    "n_layers": 0,
                    "in_dim": 51,
                    "n_classes": 6,
                    "upscale_type": "SWIM",
                    "activation": "tanh",
                    "use_batchnorm": false,
                    "hidden_dim": 500,
                    "SWIM_scale": 1.4797639007446488,
                    "l2_cls": 6.147349151611683e-05
                }
            ]
        }
    }
}