{
    "1049": {
        "RFRBoost_linesearchFalse_batchnormFalse": {
            "score_train": [
                -0.9210977554321289,
                -0.9193825125694275,
                -0.9382504224777222,
                -0.9185946583747864,
                -0.9391602277755737
            ],
            "score_test": [
                -0.9075342416763306,
                -0.914383590221405,
                -0.8972602486610413,
                -0.907216489315033,
                -0.907216489315033
            ],
            "t_fit": [
                3.2879499793052673,
                2.1984061151742935,
                2.3255448788404465,
                1.892327219247818,
                1.447792872786522
            ],
            "t_inference": [
                0.18348699808120728,
                0.18765664100646973,
                0.3208652138710022,
                0.2670987695455551,
                0.1527346968650818
            ],
            "hyperparams": [
                {
                    "in_dim": 37,
                    "n_classes": 2,
                    "feature_type": "SWIM",
                    "upscale_type": "SWIM",
                    "randfeat_xt_dim": 512,
                    "randfeat_x0_dim": 512,
                    "activation": "tanh",
                    "use_batchnorm": false,
                    "do_linesearch": false,
                    "n_layers": 4,
                    "hidden_dim": 194,
                    "l2_cls": 0.00014289071511293288,
                    "l2_ghat": 1.6664030788667719,
                    "boost_lr": 0.34977627534382977,
                    "SWIM_scale": 1.0344474206608016
                },
                {
                    "in_dim": 37,
                    "n_classes": 2,
                    "feature_type": "SWIM",
                    "upscale_type": "SWIM",
                    "randfeat_xt_dim": 512,
                    "randfeat_x0_dim": 512,
                    "activation": "tanh",
                    "use_batchnorm": false,
                    "do_linesearch": false,
                    "n_layers": 5,
                    "hidden_dim": 69,
                    "l2_cls": 0.0004271815841478326,
                    "l2_ghat": 0.1371833611710689,
                    "boost_lr": 0.48580652243537004,
                    "SWIM_scale": 0.6336372896704647
                },
                {
                    "in_dim": 37,
                    "n_classes": 2,
                    "feature_type": "SWIM",
                    "upscale_type": "SWIM",
                    "randfeat_xt_dim": 512,
                    "randfeat_x0_dim": 512,
                    "activation": "tanh",
                    "use_batchnorm": false,
                    "do_linesearch": false,
                    "n_layers": 5,
                    "hidden_dim": 303,
                    "l2_cls": 0.004031511398927348,
                    "l2_ghat": 0.0037588390626889,
                    "boost_lr": 0.1042339049103313,
                    "SWIM_scale": 1.1894589332583492
                },
                {
                    "in_dim": 37,
                    "n_classes": 2,
                    "feature_type": "SWIM",
                    "upscale_type": "SWIM",
                    "randfeat_xt_dim": 512,
                    "randfeat_x0_dim": 512,
                    "activation": "tanh",
                    "use_batchnorm": false,
                    "do_linesearch": false,
                    "n_layers": 5,
                    "hidden_dim": 270,
                    "l2_cls": 0.0005059791279060703,
                    "l2_ghat": 0.13064141460740114,
                    "boost_lr": 0.5190355508524627,
                    "SWIM_scale": 0.38450401265765805
                },
                {
                    "in_dim": 37,
                    "n_classes": 2,
                    "feature_type": "SWIM",
                    "upscale_type": "SWIM",
                    "randfeat_xt_dim": 512,
                    "randfeat_x0_dim": 512,
                    "activation": "tanh",
                    "use_batchnorm": false,
                    "do_linesearch": false,
                    "n_layers": 2,
                    "hidden_dim": 407,
                    "l2_cls": 0.0013467626907381345,
                    "l2_ghat": 0.006817099928867996,
                    "boost_lr": 0.12915381466539397,
                    "SWIM_scale": 1.649719970453682
                }
            ]
        }
    }
}