{
    "1489": {
        "RFRBoost_ID_batchnormFalse": {
            "score_train": [
                -0.9192500114440918,
                -0.9325000047683716,
                -0.9382500052452087,
                -0.9269999861717224,
                -0.9284999966621399
            ],
            "score_test": [
                -0.8669999837875366,
                -0.8859999775886536,
                -0.8820000290870667,
                -0.8669999837875366,
                -0.8809999823570251
            ],
            "t_fit": [
                2.318098422139883,
                3.7969223484396935,
                5.620507135987282,
                2.74374832957983,
                3.8501744121313095
            ],
            "t_inference": [
                0.25402990728616714,
                0.3675122559070587,
                0.5911181010305882,
                0.30053501203656197,
                0.38492976874113083
            ],
            "hyperparams": [
                {
                    "in_dim": 5,
                    "n_classes": 2,
                    "feature_type": "SWIM",
                    "upscale_type": "identity",
                    "randfeat_xt_dim": 512,
                    "randfeat_x0_dim": 512,
                    "activation": "tanh",
                    "use_batchnorm": false,
                    "do_linesearch": true,
                    "n_layers": 3,
                    "hidden_dim": 236,
                    "l2_cls": 0.0006891625354602104,
                    "l2_ghat": 5.198451264486797e-05,
                    "boost_lr": 0.25883077073451344,
                    "SWIM_scale": 1.2413976003976155
                },
                {
                    "in_dim": 5,
                    "n_classes": 2,
                    "feature_type": "SWIM",
                    "upscale_type": "identity",
                    "randfeat_xt_dim": 512,
                    "randfeat_x0_dim": 512,
                    "activation": "tanh",
                    "use_batchnorm": false,
                    "do_linesearch": true,
                    "n_layers": 5,
                    "hidden_dim": 110,
                    "l2_cls": 1.0345489535111177e-05,
                    "l2_ghat": 0.00018124291399014783,
                    "boost_lr": 0.2216973294569306,
                    "SWIM_scale": 1.7057024160429648
                },
                {
                    "in_dim": 5,
                    "n_classes": 2,
                    "feature_type": "SWIM",
                    "upscale_type": "identity",
                    "randfeat_xt_dim": 512,
                    "randfeat_x0_dim": 512,
                    "activation": "tanh",
                    "use_batchnorm": false,
                    "do_linesearch": true,
                    "n_layers": 5,
                    "hidden_dim": 32,
                    "l2_cls": 7.806663757831872e-07,
                    "l2_ghat": 4.608217362420398e-06,
                    "boost_lr": 0.2366727387831003,
                    "SWIM_scale": 1.2434439232338625
                },
                {
                    "in_dim": 5,
                    "n_classes": 2,
                    "feature_type": "SWIM",
                    "upscale_type": "identity",
                    "randfeat_xt_dim": 512,
                    "randfeat_x0_dim": 512,
                    "activation": "tanh",
                    "use_batchnorm": false,
                    "do_linesearch": true,
                    "n_layers": 3,
                    "hidden_dim": 111,
                    "l2_cls": 8.107003402695549e-07,
                    "l2_ghat": 0.00022115196025260453,
                    "boost_lr": 0.35097796539160203,
                    "SWIM_scale": 1.6777620435593654
                },
                {
                    "in_dim": 5,
                    "n_classes": 2,
                    "feature_type": "SWIM",
                    "upscale_type": "identity",
                    "randfeat_xt_dim": 512,
                    "randfeat_x0_dim": 512,
                    "activation": "tanh",
                    "use_batchnorm": false,
                    "do_linesearch": true,
                    "n_layers": 4,
                    "hidden_dim": 33,
                    "l2_cls": 1.2329623163659828e-06,
                    "l2_ghat": 2.932486887272376e-06,
                    "boost_lr": 0.20148477884158655,
                    "SWIM_scale": 1.168323755356416
                }
            ]
        }
    }
}