{
    "40701": {
        "RFRBoost_ID_batchnormFalse": {
            "score_train": [
                -0.9522500038146973,
                -0.9632499814033508,
                -0.9757500290870667,
                -0.9639999866485596,
                -0.9652500152587891
            ],
            "score_test": [
                -0.9290000200271606,
                -0.9430000185966492,
                -0.9430000185966492,
                -0.9350000023841858,
                -0.9369999766349792
            ],
            "t_fit": [
                1.048417679965496,
                11.267793010920286,
                8.76802871003747,
                2.0047867745161057,
                12.55916278809309
            ],
            "t_inference": [
                0.1483084298670292,
                1.340879276394844,
                1.1299175769090652,
                0.29713089764118195,
                1.595002468675375
            ],
            "hyperparams": [
                {
                    "in_dim": 33,
                    "n_classes": 2,
                    "feature_type": "SWIM",
                    "upscale_type": "identity",
                    "randfeat_xt_dim": 512,
                    "randfeat_x0_dim": 512,
                    "activation": "tanh",
                    "use_batchnorm": false,
                    "do_linesearch": true,
                    "n_layers": 1,
                    "hidden_dim": 33,
                    "l2_cls": 0.009355380606452175,
                    "l2_ghat": 1.6081669283634658e-05,
                    "boost_lr": 0.8115595675970501,
                    "SWIM_scale": 0.49935297516002286
                },
                {
                    "in_dim": 33,
                    "n_classes": 2,
                    "feature_type": "SWIM",
                    "upscale_type": "identity",
                    "randfeat_xt_dim": 512,
                    "randfeat_x0_dim": 512,
                    "activation": "tanh",
                    "use_batchnorm": false,
                    "do_linesearch": true,
                    "n_layers": 8,
                    "hidden_dim": 33,
                    "l2_cls": 1.4911998348968001e-05,
                    "l2_ghat": 0.018740094385871972,
                    "boost_lr": 0.26354333844254024,
                    "SWIM_scale": 0.9843549623994211
                },
                {
                    "in_dim": 33,
                    "n_classes": 2,
                    "feature_type": "SWIM",
                    "upscale_type": "identity",
                    "randfeat_xt_dim": 512,
                    "randfeat_x0_dim": 512,
                    "activation": "tanh",
                    "use_batchnorm": false,
                    "do_linesearch": true,
                    "n_layers": 9,
                    "hidden_dim": 33,
                    "l2_cls": 2.483325835691686e-05,
                    "l2_ghat": 0.00345762631923403,
                    "boost_lr": 0.10944000843381552,
                    "SWIM_scale": 1.4415866215322828
                },
                {
                    "in_dim": 33,
                    "n_classes": 2,
                    "feature_type": "SWIM",
                    "upscale_type": "identity",
                    "randfeat_xt_dim": 512,
                    "randfeat_x0_dim": 512,
                    "activation": "tanh",
                    "use_batchnorm": false,
                    "do_linesearch": true,
                    "n_layers": 2,
                    "hidden_dim": 33,
                    "l2_cls": 4.7726497862587784,
                    "l2_ghat": 0.00018126070349226272,
                    "boost_lr": 0.5310819603849163,
                    "SWIM_scale": 0.9371233814162376
                },
                {
                    "in_dim": 33,
                    "n_classes": 2,
                    "feature_type": "SWIM",
                    "upscale_type": "identity",
                    "randfeat_xt_dim": 512,
                    "randfeat_x0_dim": 512,
                    "activation": "tanh",
                    "use_batchnorm": false,
                    "do_linesearch": true,
                    "n_layers": 10,
                    "hidden_dim": 33,
                    "l2_cls": 1.503972970143028e-05,
                    "l2_ghat": 0.12443825273872891,
                    "boost_lr": 0.17544384750176614,
                    "SWIM_scale": 1.4328431956290026
                }
            ]
        }
    }
}