{
    "11": {
        "End2End_cpu": {
            "score_train": [
                -0.9980000257492065,
                -0.9800000190734863,
                -0.9900000095367432,
                -1.0,
                -0.9819999933242798
            ],
            "score_test": [
                -0.9599999785423279,
                -0.9599999785423279,
                -0.9440000057220459,
                -0.9679999947547913,
                -0.9279999732971191
            ],
            "t_fit": [
                36.23083243891597,
                30.423582449555397,
                18.70635787397623,
                24.550557063892484,
                14.923225220292807
            ],
            "t_inference": [
                0.039244394749403,
                0.08513285964727402,
                0.013315636664628983,
                0.012897297739982605,
                0.027827424928545952
            ],
            "hyperparams": [
                {
                    "in_dim": 4,
                    "out_dim": 3,
                    "loss": "cce",
                    "bottleneck_dim": 512,
                    "n_blocks": 4,
                    "hidden_dim": 259,
                    "lr": 0.009980035811746038,
                    "end_lr_factor": 0.8749911645298845,
                    "n_epochs": 46,
                    "weight_decay": 0.00010704196720623835,
                    "batch_size": 384
                },
                {
                    "in_dim": 4,
                    "out_dim": 3,
                    "loss": "cce",
                    "bottleneck_dim": 512,
                    "n_blocks": 5,
                    "hidden_dim": 398,
                    "lr": 0.0053289840176727,
                    "end_lr_factor": 0.795573125284235,
                    "n_epochs": 17,
                    "weight_decay": 1.4515776943072694e-06,
                    "batch_size": 128
                },
                {
                    "in_dim": 4,
                    "out_dim": 3,
                    "loss": "cce",
                    "bottleneck_dim": 512,
                    "n_blocks": 3,
                    "hidden_dim": 91,
                    "lr": 0.002080472378660746,
                    "end_lr_factor": 0.4131731287812942,
                    "n_epochs": 33,
                    "weight_decay": 1.7387706430988103e-05,
                    "batch_size": 256
                },
                {
                    "in_dim": 4,
                    "out_dim": 3,
                    "loss": "cce",
                    "bottleneck_dim": 512,
                    "n_blocks": 1,
                    "hidden_dim": 423,
                    "lr": 0.004588252591029455,
                    "end_lr_factor": 0.8805299338881521,
                    "n_epochs": 48,
                    "weight_decay": 5.3957336633139806e-05,
                    "batch_size": 384
                },
                {
                    "in_dim": 4,
                    "out_dim": 3,
                    "loss": "cce",
                    "bottleneck_dim": 512,
                    "n_blocks": 4,
                    "hidden_dim": 192,
                    "lr": 0.009463858974439247,
                    "end_lr_factor": 0.9954333964138863,
                    "n_epochs": 29,
                    "weight_decay": 9.787160002098582e-05,
                    "batch_size": 384
                }
            ]
        }
    }
}