{
    "469": {
        "RFRBoost_upscaleiid_linesearchFalse_batchnormFalse": {
            "score_train": [
                -0.27629512548446655,
                -0.293563574552536,
                -0.27899685502052307,
                -0.32445141673088074,
                -0.29467085003852844
            ],
            "score_test": [
                -0.1875,
                -0.1875,
                -0.2012578547000885,
                -0.16981132328510284,
                -0.18238992989063263
            ],
            "t_fit": [
                0.412026759237051,
                0.4153669700026512,
                0.26045842096209526,
                0.26594171300530434,
                0.3125666081905365
            ],
            "t_inference": [
                0.03503575548529625,
                0.03529578074812889,
                0.023738250136375427,
                0.025442536920309067,
                0.025612063705921173
            ],
            "hyperparams": [
                {
                    "in_dim": 21,
                    "n_classes": 6,
                    "feature_type": "SWIM",
                    "upscale_type": "iid",
                    "randfeat_xt_dim": 512,
                    "randfeat_x0_dim": 512,
                    "activation": "tanh",
                    "use_batchnorm": false,
                    "do_linesearch": false,
                    "n_layers": 5,
                    "hidden_dim": 49,
                    "l2_cls": 0.09449654361076773,
                    "l2_ghat": 0.9343392084012311,
                    "boost_lr": 0.44132482612082286,
                    "SWIM_scale": 1.7485222304470776
                },
                {
                    "in_dim": 21,
                    "n_classes": 6,
                    "feature_type": "SWIM",
                    "upscale_type": "iid",
                    "randfeat_xt_dim": 512,
                    "randfeat_x0_dim": 512,
                    "activation": "tanh",
                    "use_batchnorm": false,
                    "do_linesearch": false,
                    "n_layers": 5,
                    "hidden_dim": 52,
                    "l2_cls": 0.049607209242163774,
                    "l2_ghat": 2.273448237742701,
                    "boost_lr": 0.44786637780522937,
                    "SWIM_scale": 1.7391638048959683
                },
                {
                    "in_dim": 21,
                    "n_classes": 6,
                    "feature_type": "SWIM",
                    "upscale_type": "iid",
                    "randfeat_xt_dim": 512,
                    "randfeat_x0_dim": 512,
                    "activation": "tanh",
                    "use_batchnorm": false,
                    "do_linesearch": false,
                    "n_layers": 3,
                    "hidden_dim": 55,
                    "l2_cls": 0.09517759968424874,
                    "l2_ghat": 0.11266894884595285,
                    "boost_lr": 0.563423512019653,
                    "SWIM_scale": 1.9992351484095818
                },
                {
                    "in_dim": 21,
                    "n_classes": 6,
                    "feature_type": "SWIM",
                    "upscale_type": "iid",
                    "randfeat_xt_dim": 512,
                    "randfeat_x0_dim": 512,
                    "activation": "tanh",
                    "use_batchnorm": false,
                    "do_linesearch": false,
                    "n_layers": 3,
                    "hidden_dim": 63,
                    "l2_cls": 0.0863232075366543,
                    "l2_ghat": 0.003262929567334956,
                    "boost_lr": 0.33029414785833927,
                    "SWIM_scale": 1.819113075488985
                },
                {
                    "in_dim": 21,
                    "n_classes": 6,
                    "feature_type": "SWIM",
                    "upscale_type": "iid",
                    "randfeat_xt_dim": 512,
                    "randfeat_x0_dim": 512,
                    "activation": "tanh",
                    "use_batchnorm": false,
                    "do_linesearch": false,
                    "n_layers": 4,
                    "hidden_dim": 34,
                    "l2_cls": 0.0994415134474735,
                    "l2_ghat": 1.4858460952139154,
                    "boost_lr": 0.5621822078667178,
                    "SWIM_scale": 1.7852435036680294
                }
            ]
        }
    }
}