{
    "1464": {
        "RFNN_iid": {
            "score_train": [
                -0.7792642116546631,
                -0.7876254320144653,
                -0.8143812417984009,
                -0.7963272333145142,
                -0.7979966402053833
            ],
            "score_test": [
                -0.8533333539962769,
                -0.8133333325386047,
                -0.746666669845581,
                -0.7718120813369751,
                -0.7651006579399109
            ],
            "t_fit": [
                0.0645085945725441,
                0.0842590406537056,
                0.027844712138175964,
                0.0435335710644722,
                0.11169097572565079
            ],
            "t_inference": [
                0.001338757574558258,
                0.0008110105991363525,
                0.0005442500114440918,
                0.0018132179975509644,
                0.0007831454277038574
            ],
            "hyperparams": [
                {
                    "n_layers": 0,
                    "in_dim": 4,
                    "n_classes": 2,
                    "upscale_type": "iid",
                    "activation": "tanh",
                    "use_batchnorm": false,
                    "hidden_dim": 258,
                    "iid_scale": 0.1615340617736675,
                    "l2_cls": 8.335493404863513e-07
                },
                {
                    "n_layers": 0,
                    "in_dim": 4,
                    "n_classes": 2,
                    "upscale_type": "iid",
                    "activation": "tanh",
                    "use_batchnorm": false,
                    "hidden_dim": 135,
                    "iid_scale": 0.32314334673578765,
                    "l2_cls": 8.67243927004888e-06
                },
                {
                    "n_layers": 0,
                    "in_dim": 4,
                    "n_classes": 2,
                    "upscale_type": "iid",
                    "activation": "tanh",
                    "use_batchnorm": false,
                    "hidden_dim": 69,
                    "iid_scale": 7.523150961161158,
                    "l2_cls": 0.036297802391402914
                },
                {
                    "n_layers": 0,
                    "in_dim": 4,
                    "n_classes": 2,
                    "upscale_type": "iid",
                    "activation": "tanh",
                    "use_batchnorm": false,
                    "hidden_dim": 336,
                    "iid_scale": 1.7624587963707459,
                    "l2_cls": 0.08594440198133979
                },
                {
                    "n_layers": 0,
                    "in_dim": 4,
                    "n_classes": 2,
                    "upscale_type": "iid",
                    "activation": "tanh",
                    "use_batchnorm": false,
                    "hidden_dim": 119,
                    "iid_scale": 0.3413815167379025,
                    "l2_cls": 1.5084540824478261e-05
                }
            ]
        }
    }
}