{
    "4534": {
        "RFRBoost": {
            "score_train": [
                -0.9797499775886536,
                -0.9722499847412109,
                -0.9599999785423279,
                -0.9887499809265137,
                -0.9789999723434448
            ],
            "score_test": [
                -0.9539999961853027,
                -0.949999988079071,
                -0.9549999833106995,
                -0.9419999718666077,
                -0.9470000267028809
            ],
            "t_fit": [
                2.7962160147726536,
                2.9650825560092926,
                1.6310532577335835,
                4.349362373352051,
                3.4614932760596275
            ],
            "t_inference": [
                0.4628114104270935,
                0.5169939957559109,
                0.27098557725548744,
                0.5662148557603359,
                0.6566671766340733
            ],
            "hyperparams": [
                {
                    "in_dim": 68,
                    "n_classes": 2,
                    "feature_type": "SWIM",
                    "upscale_type": "SWIM",
                    "randfeat_xt_dim": 512,
                    "randfeat_x0_dim": 512,
                    "activation": "tanh",
                    "use_batchnorm": true,
                    "do_linesearch": true,
                    "n_layers": 4,
                    "hidden_dim": 68,
                    "l2_cls": 0.08937099242142683,
                    "l2_ghat": 0.0006150904855195678,
                    "boost_lr": 0.25537066057252733,
                    "SWIM_scale": 1.3480622438913796
                },
                {
                    "in_dim": 68,
                    "n_classes": 2,
                    "feature_type": "SWIM",
                    "upscale_type": "SWIM",
                    "randfeat_xt_dim": 512,
                    "randfeat_x0_dim": 512,
                    "activation": "tanh",
                    "use_batchnorm": true,
                    "do_linesearch": true,
                    "n_layers": 4,
                    "hidden_dim": 68,
                    "l2_cls": 0.008217034893691149,
                    "l2_ghat": 0.00023296671442843596,
                    "boost_lr": 0.3574116907342653,
                    "SWIM_scale": 0.8150064678990258
                },
                {
                    "in_dim": 68,
                    "n_classes": 2,
                    "feature_type": "SWIM",
                    "upscale_type": "SWIM",
                    "randfeat_xt_dim": 512,
                    "randfeat_x0_dim": 512,
                    "activation": "tanh",
                    "use_batchnorm": true,
                    "do_linesearch": true,
                    "n_layers": 2,
                    "hidden_dim": 68,
                    "l2_cls": 0.02322288717614804,
                    "l2_ghat": 0.002204176234389883,
                    "boost_lr": 0.23418555265204452,
                    "SWIM_scale": 1.6863732976665138
                },
                {
                    "in_dim": 68,
                    "n_classes": 2,
                    "feature_type": "SWIM",
                    "upscale_type": "SWIM",
                    "randfeat_xt_dim": 512,
                    "randfeat_x0_dim": 512,
                    "activation": "tanh",
                    "use_batchnorm": true,
                    "do_linesearch": true,
                    "n_layers": 4,
                    "hidden_dim": 68,
                    "l2_cls": 3.64785465990947e-05,
                    "l2_ghat": 1.2323574496925632e-05,
                    "boost_lr": 0.3341198082197973,
                    "SWIM_scale": 0.9192270627860181
                },
                {
                    "in_dim": 68,
                    "n_classes": 2,
                    "feature_type": "SWIM",
                    "upscale_type": "SWIM",
                    "randfeat_xt_dim": 512,
                    "randfeat_x0_dim": 512,
                    "activation": "tanh",
                    "use_batchnorm": true,
                    "do_linesearch": true,
                    "n_layers": 5,
                    "hidden_dim": 68,
                    "l2_cls": 0.001876654316806738,
                    "l2_ghat": 1.4138842097227397e-06,
                    "boost_lr": 0.11658321110943509,
                    "SWIM_scale": 1.4807405942871823
                }
            ]
        }
    }
}