{
    "151": {
        "RFRBoost_ID": {
            "score_train": [
                -0.8382499814033508,
                -0.8292499780654907,
                -0.8234999775886536,
                -0.8240000009536743,
                -0.8212500214576721
            ],
            "score_test": [
                -0.7900000214576721,
                -0.8069999814033508,
                -0.777999997138977,
                -0.8199999928474426,
                -0.7889999747276306
            ],
            "t_fit": [
                0.2592601403594017,
                0.24983853474259377,
                0.493349552154541,
                0.7342646308243275,
                0.7669598814100027
            ],
            "t_inference": [
                0.044898746535182,
                0.04273352399468422,
                0.07793955691158772,
                0.11705304868519306,
                0.1080692894756794
            ],
            "hyperparams": [
                {
                    "in_dim": 14,
                    "n_classes": 2,
                    "feature_type": "SWIM",
                    "upscale_type": "identity",
                    "randfeat_xt_dim": 512,
                    "randfeat_x0_dim": 512,
                    "activation": "tanh",
                    "use_batchnorm": true,
                    "do_linesearch": true,
                    "n_layers": 1,
                    "hidden_dim": 26,
                    "l2_cls": 0.009817065673808655,
                    "l2_ghat": 5.428834581134107e-07,
                    "boost_lr": 0.20812710138637386,
                    "SWIM_scale": 1.9606511823754509
                },
                {
                    "in_dim": 14,
                    "n_classes": 2,
                    "feature_type": "SWIM",
                    "upscale_type": "identity",
                    "randfeat_xt_dim": 512,
                    "randfeat_x0_dim": 512,
                    "activation": "tanh",
                    "use_batchnorm": true,
                    "do_linesearch": true,
                    "n_layers": 1,
                    "hidden_dim": 27,
                    "l2_cls": 0.07068980849353161,
                    "l2_ghat": 9.248436756757584e-05,
                    "boost_lr": 0.3747005694606503,
                    "SWIM_scale": 1.6035925911386553
                },
                {
                    "in_dim": 14,
                    "n_classes": 2,
                    "feature_type": "SWIM",
                    "upscale_type": "identity",
                    "randfeat_xt_dim": 512,
                    "randfeat_x0_dim": 512,
                    "activation": "tanh",
                    "use_batchnorm": true,
                    "do_linesearch": true,
                    "n_layers": 2,
                    "hidden_dim": 18,
                    "l2_cls": 0.02205726496558626,
                    "l2_ghat": 0.006089798595294459,
                    "boost_lr": 0.37029767394249075,
                    "SWIM_scale": 1.8076146665810546
                },
                {
                    "in_dim": 14,
                    "n_classes": 2,
                    "feature_type": "SWIM",
                    "upscale_type": "identity",
                    "randfeat_xt_dim": 512,
                    "randfeat_x0_dim": 512,
                    "activation": "tanh",
                    "use_batchnorm": true,
                    "do_linesearch": true,
                    "n_layers": 3,
                    "hidden_dim": 30,
                    "l2_cls": 0.016218386051812476,
                    "l2_ghat": 8.026986392400117e-05,
                    "boost_lr": 0.13779768792151437,
                    "SWIM_scale": 1.3640755822269857
                },
                {
                    "in_dim": 14,
                    "n_classes": 2,
                    "feature_type": "SWIM",
                    "upscale_type": "identity",
                    "randfeat_xt_dim": 512,
                    "randfeat_x0_dim": 512,
                    "activation": "tanh",
                    "use_batchnorm": true,
                    "do_linesearch": true,
                    "n_layers": 3,
                    "hidden_dim": 37,
                    "l2_cls": 4.834968110699335e-05,
                    "l2_ghat": 0.0016207779466582983,
                    "boost_lr": 0.8553092732561353,
                    "SWIM_scale": 0.8572920761932786
                }
            ]
        }
    }
}