{
    "37": {
        "RFRBoost_ID_linesearchFalse": {
            "score_train": [
                -0.7687296271324158,
                -0.7801302671432495,
                -0.8013029098510742,
                -0.8048780560493469,
                -0.8146341443061829
            ],
            "score_test": [
                -0.7727272510528564,
                -0.7792207598686218,
                -0.7467532753944397,
                -0.6993464231491089,
                -0.7712418437004089
            ],
            "t_fit": [
                0.7424188330769539,
                0.5874128192663193,
                0.5364637225866318,
                0.18342475593090057,
                0.16787973791360855
            ],
            "t_inference": [
                0.04254408925771713,
                0.043631214648485184,
                0.03470583260059357,
                0.010494112968444824,
                0.00908997654914856
            ],
            "hyperparams": [
                {
                    "in_dim": 8,
                    "n_classes": 2,
                    "feature_type": "SWIM",
                    "upscale_type": "identity",
                    "randfeat_xt_dim": 512,
                    "randfeat_x0_dim": 512,
                    "activation": "tanh",
                    "use_batchnorm": true,
                    "do_linesearch": false,
                    "n_layers": 5,
                    "hidden_dim": 272,
                    "l2_cls": 0.02976179528439357,
                    "l2_ghat": 3.209082793354305,
                    "boost_lr": 0.20711716794443608,
                    "SWIM_scale": 0.49273693807305996
                },
                {
                    "in_dim": 8,
                    "n_classes": 2,
                    "feature_type": "SWIM",
                    "upscale_type": "identity",
                    "randfeat_xt_dim": 512,
                    "randfeat_x0_dim": 512,
                    "activation": "tanh",
                    "use_batchnorm": true,
                    "do_linesearch": false,
                    "n_layers": 3,
                    "hidden_dim": 398,
                    "l2_cls": 0.018609711363379012,
                    "l2_ghat": 2.205654392577694,
                    "boost_lr": 0.4299330885241104,
                    "SWIM_scale": 1.3634117524486022
                },
                {
                    "in_dim": 8,
                    "n_classes": 2,
                    "feature_type": "SWIM",
                    "upscale_type": "identity",
                    "randfeat_xt_dim": 512,
                    "randfeat_x0_dim": 512,
                    "activation": "tanh",
                    "use_batchnorm": true,
                    "do_linesearch": false,
                    "n_layers": 3,
                    "hidden_dim": 175,
                    "l2_cls": 0.0007057031066084241,
                    "l2_ghat": 0.0006482875344180159,
                    "boost_lr": 0.13531621229231872,
                    "SWIM_scale": 0.25322585306450024
                },
                {
                    "in_dim": 8,
                    "n_classes": 2,
                    "feature_type": "SWIM",
                    "upscale_type": "identity",
                    "randfeat_xt_dim": 512,
                    "randfeat_x0_dim": 512,
                    "activation": "tanh",
                    "use_batchnorm": true,
                    "do_linesearch": false,
                    "n_layers": 1,
                    "hidden_dim": 120,
                    "l2_cls": 0.0028683759811209838,
                    "l2_ghat": 0.0004338924909265323,
                    "boost_lr": 0.13516007006884354,
                    "SWIM_scale": 0.6154017728863423
                },
                {
                    "in_dim": 8,
                    "n_classes": 2,
                    "feature_type": "SWIM",
                    "upscale_type": "identity",
                    "randfeat_xt_dim": 512,
                    "randfeat_x0_dim": 512,
                    "activation": "tanh",
                    "use_batchnorm": true,
                    "do_linesearch": false,
                    "n_layers": 1,
                    "hidden_dim": 101,
                    "l2_cls": 0.03168195428961016,
                    "l2_ghat": 0.02376971187456251,
                    "boost_lr": 0.9451187410915562,
                    "SWIM_scale": 1.065495127660446
                }
            ]
        }
    }
}