{
    "23": {
        "RFNN": {
            "score_train": [
                -0.5976231098175049,
                -0.5899830460548401,
                -0.5857385396957397,
                -0.5945716500282288,
                -0.5818490386009216
            ],
            "score_test": [
                -0.5186440944671631,
                -0.511864423751831,
                -0.5864406824111938,
                -0.5510203838348389,
                -0.615646243095398
            ],
            "t_fit": [
                0.3413854050450027,
                0.20101665798574686,
                0.5467907930724323,
                0.31923400796949863,
                0.3021442028693855
            ],
            "t_inference": [
                0.004881592001765966,
                0.004642243031412363,
                0.0076048108749091625,
                0.004565941169857979,
                0.006923539098352194
            ],
            "hyperparams": [
                {
                    "n_layers": 0,
                    "in_dim": 24,
                    "n_classes": 3,
                    "upscale_type": "SWIM",
                    "activation": "tanh",
                    "use_batchnorm": false,
                    "hidden_dim": 299,
                    "SWIM_scale": 0.5581636526999373,
                    "l2_cls": 0.00042082720894959425
                },
                {
                    "n_layers": 0,
                    "in_dim": 24,
                    "n_classes": 3,
                    "upscale_type": "SWIM",
                    "activation": "tanh",
                    "use_batchnorm": false,
                    "hidden_dim": 283,
                    "SWIM_scale": 0.7574189764534399,
                    "l2_cls": 0.003947371603182447
                },
                {
                    "n_layers": 0,
                    "in_dim": 24,
                    "n_classes": 3,
                    "upscale_type": "SWIM",
                    "activation": "tanh",
                    "use_batchnorm": false,
                    "hidden_dim": 466,
                    "SWIM_scale": 0.5862554668295631,
                    "l2_cls": 0.00046643551547056734
                },
                {
                    "n_layers": 0,
                    "in_dim": 24,
                    "n_classes": 3,
                    "upscale_type": "SWIM",
                    "activation": "tanh",
                    "use_batchnorm": false,
                    "hidden_dim": 365,
                    "SWIM_scale": 1.4400670445207502,
                    "l2_cls": 0.005552864181409367
                },
                {
                    "n_layers": 0,
                    "in_dim": 24,
                    "n_classes": 3,
                    "upscale_type": "SWIM",
                    "activation": "tanh",
                    "use_batchnorm": false,
                    "hidden_dim": 427,
                    "SWIM_scale": 1.038489543819353,
                    "l2_cls": 0.0063632397225731815
                }
            ]
        }
    }
}