{
    "37": {
        "RFRBoost": {
            "score_train": [
                -0.7866449356079102,
                -0.7850162982940674,
                -0.7931596040725708,
                -0.800000011920929,
                -0.7967479825019836
            ],
            "score_test": [
                -0.7792207598686218,
                -0.7727272510528564,
                -0.7662337422370911,
                -0.7124183177947998,
                -0.7712418437004089
            ],
            "t_fit": [
                0.26476694270968437,
                1.3309474103152752,
                0.2603515274822712,
                0.7355728819966316,
                1.2559342607855797
            ],
            "t_inference": [
                0.024042556062340736,
                0.1533394157886505,
                0.014734284952282906,
                0.10797202959656715,
                0.17403350956737995
            ],
            "hyperparams": [
                {
                    "in_dim": 8,
                    "n_classes": 2,
                    "feature_type": "SWIM",
                    "upscale_type": "SWIM",
                    "randfeat_xt_dim": 512,
                    "randfeat_x0_dim": 512,
                    "activation": "tanh",
                    "use_batchnorm": true,
                    "do_linesearch": true,
                    "n_layers": 1,
                    "hidden_dim": 180,
                    "l2_cls": 0.033424770171800296,
                    "l2_ghat": 4.189744836214464,
                    "boost_lr": 0.1346585148240532,
                    "SWIM_scale": 0.725531702055112
                },
                {
                    "in_dim": 8,
                    "n_classes": 2,
                    "feature_type": "SWIM",
                    "upscale_type": "SWIM",
                    "randfeat_xt_dim": 512,
                    "randfeat_x0_dim": 512,
                    "activation": "tanh",
                    "use_batchnorm": true,
                    "do_linesearch": true,
                    "n_layers": 4,
                    "hidden_dim": 347,
                    "l2_cls": 0.07013238429800872,
                    "l2_ghat": 6.218725115158777,
                    "boost_lr": 0.3513275609824284,
                    "SWIM_scale": 0.7913318331111208
                },
                {
                    "in_dim": 8,
                    "n_classes": 2,
                    "feature_type": "SWIM",
                    "upscale_type": "SWIM",
                    "randfeat_xt_dim": 512,
                    "randfeat_x0_dim": 512,
                    "activation": "tanh",
                    "use_batchnorm": true,
                    "do_linesearch": true,
                    "n_layers": 2,
                    "hidden_dim": 17,
                    "l2_cls": 0.004211637550847502,
                    "l2_ghat": 0.3700743866262565,
                    "boost_lr": 0.5086320266178419,
                    "SWIM_scale": 0.4513468360857283
                },
                {
                    "in_dim": 8,
                    "n_classes": 2,
                    "feature_type": "SWIM",
                    "upscale_type": "SWIM",
                    "randfeat_xt_dim": 512,
                    "randfeat_x0_dim": 512,
                    "activation": "tanh",
                    "use_batchnorm": true,
                    "do_linesearch": true,
                    "n_layers": 4,
                    "hidden_dim": 369,
                    "l2_cls": 0.06234857047212109,
                    "l2_ghat": 3.547855515792994,
                    "boost_lr": 0.2229778595377979,
                    "SWIM_scale": 0.6725221647142872
                },
                {
                    "in_dim": 8,
                    "n_classes": 2,
                    "feature_type": "SWIM",
                    "upscale_type": "SWIM",
                    "randfeat_xt_dim": 512,
                    "randfeat_x0_dim": 512,
                    "activation": "tanh",
                    "use_batchnorm": true,
                    "do_linesearch": true,
                    "n_layers": 3,
                    "hidden_dim": 511,
                    "l2_cls": 0.06405005479592012,
                    "l2_ghat": 0.057960835013783865,
                    "boost_lr": 0.13446293011181665,
                    "SWIM_scale": 0.4609389022355236
                }
            ]
        }
    }
}