{
    "1053": {
        "RFRBoost_linesearchFalse_batchnormFalse": {
            "score_train": [
                -0.8187500238418579,
                -0.8159999847412109,
                -0.8115000128746033,
                -0.815750002861023,
                -0.8130000233650208
            ],
            "score_test": [
                -0.8130000233650208,
                -0.7979999780654907,
                -0.8190000057220459,
                -0.7889999747276306,
                -0.8199999928474426
            ],
            "t_fit": [
                1.2884216457605362,
                0.978507436811924,
                1.2342598177492619,
                1.8016972988843918,
                1.5286539308726788
            ],
            "t_inference": [
                0.1440318413078785,
                0.1403496265411377,
                0.14590203016996384,
                0.23123501986265182,
                0.22803380340337753
            ],
            "hyperparams": [
                {
                    "in_dim": 21,
                    "n_classes": 2,
                    "feature_type": "SWIM",
                    "upscale_type": "SWIM",
                    "randfeat_xt_dim": 512,
                    "randfeat_x0_dim": 512,
                    "activation": "tanh",
                    "use_batchnorm": false,
                    "do_linesearch": false,
                    "n_layers": 3,
                    "hidden_dim": 21,
                    "l2_cls": 2.95658298266702e-06,
                    "l2_ghat": 0.38123247983889813,
                    "boost_lr": 0.1246973956696467,
                    "SWIM_scale": 1.5067661648732904
                },
                {
                    "in_dim": 21,
                    "n_classes": 2,
                    "feature_type": "SWIM",
                    "upscale_type": "SWIM",
                    "randfeat_xt_dim": 512,
                    "randfeat_x0_dim": 512,
                    "activation": "tanh",
                    "use_batchnorm": false,
                    "do_linesearch": false,
                    "n_layers": 3,
                    "hidden_dim": 21,
                    "l2_cls": 0.006189530737996679,
                    "l2_ghat": 0.09594240318908959,
                    "boost_lr": 0.5205431579564217,
                    "SWIM_scale": 0.5945304290076074
                },
                {
                    "in_dim": 21,
                    "n_classes": 2,
                    "feature_type": "SWIM",
                    "upscale_type": "SWIM",
                    "randfeat_xt_dim": 512,
                    "randfeat_x0_dim": 512,
                    "activation": "tanh",
                    "use_batchnorm": false,
                    "do_linesearch": false,
                    "n_layers": 3,
                    "hidden_dim": 21,
                    "l2_cls": 1.4723086962322285e-05,
                    "l2_ghat": 3.045912998069176,
                    "boost_lr": 0.46171359819524604,
                    "SWIM_scale": 1.7324486795472056
                },
                {
                    "in_dim": 21,
                    "n_classes": 2,
                    "feature_type": "SWIM",
                    "upscale_type": "SWIM",
                    "randfeat_xt_dim": 512,
                    "randfeat_x0_dim": 512,
                    "activation": "tanh",
                    "use_batchnorm": false,
                    "do_linesearch": false,
                    "n_layers": 5,
                    "hidden_dim": 21,
                    "l2_cls": 0.0002603122692445337,
                    "l2_ghat": 5.677521877558728,
                    "boost_lr": 0.7141217473177819,
                    "SWIM_scale": 1.6755327251902503
                },
                {
                    "in_dim": 21,
                    "n_classes": 2,
                    "feature_type": "SWIM",
                    "upscale_type": "SWIM",
                    "randfeat_xt_dim": 512,
                    "randfeat_x0_dim": 512,
                    "activation": "tanh",
                    "use_batchnorm": false,
                    "do_linesearch": false,
                    "n_layers": 5,
                    "hidden_dim": 21,
                    "l2_cls": 0.006009967640743959,
                    "l2_ghat": 0.0783186915609137,
                    "boost_lr": 0.18368359321537922,
                    "SWIM_scale": 0.5611152889247926
                }
            ]
        }
    }
}