{
    "16": {
        "RFNN": {
            "score_train": [
                -0.9962499737739563,
                -0.9993749856948853,
                -0.9818750023841858,
                -1.0,
                -1.0
            ],
            "score_test": [
                -0.9524999856948853,
                -0.9449999928474426,
                -0.9599999785423279,
                -0.949999988079071,
                -0.9599999785423279
            ],
            "t_fit": [
                0.5235814675688744,
                0.6776371449232101,
                0.3618820086121559,
                0.878807794302702,
                0.9536701701581478
            ],
            "t_inference": [
                0.0076165758073329926,
                0.00819677859544754,
                0.008617129176855087,
                0.0071501582860946655,
                0.00694652646780014
            ],
            "hyperparams": [
                {
                    "n_layers": 0,
                    "in_dim": 64,
                    "n_classes": 10,
                    "upscale_type": "SWIM",
                    "activation": "tanh",
                    "use_batchnorm": false,
                    "hidden_dim": 442,
                    "SWIM_scale": 1.9052068041408756,
                    "l2_cls": 0.00033816478322858156
                },
                {
                    "n_layers": 0,
                    "in_dim": 64,
                    "n_classes": 10,
                    "upscale_type": "SWIM",
                    "activation": "tanh",
                    "use_batchnorm": false,
                    "hidden_dim": 451,
                    "SWIM_scale": 1.9959605186590417,
                    "l2_cls": 0.00020023635875245278
                },
                {
                    "n_layers": 0,
                    "in_dim": 64,
                    "n_classes": 10,
                    "upscale_type": "SWIM",
                    "activation": "tanh",
                    "use_batchnorm": false,
                    "hidden_dim": 472,
                    "SWIM_scale": 1.8220528211865075,
                    "l2_cls": 0.0015651455002967383
                },
                {
                    "n_layers": 0,
                    "in_dim": 64,
                    "n_classes": 10,
                    "upscale_type": "SWIM",
                    "activation": "tanh",
                    "use_batchnorm": false,
                    "hidden_dim": 364,
                    "SWIM_scale": 1.8610941867873572,
                    "l2_cls": 4.860825771531278e-05
                },
                {
                    "n_layers": 0,
                    "in_dim": 64,
                    "n_classes": 10,
                    "upscale_type": "SWIM",
                    "activation": "tanh",
                    "use_batchnorm": false,
                    "hidden_dim": 385,
                    "SWIM_scale": 1.9742279332374968,
                    "l2_cls": 2.360991434379866e-05
                }
            ]
        }
    }
}