{
    "1049": {
        "RFRBoost_linesearchFalse": {
            "score_train": [
                -0.9245283007621765,
                -0.9185248613357544,
                -0.9382504224777222,
                -0.921165406703949,
                -0.9280205368995667
            ],
            "score_test": [
                -0.9109588861465454,
                -0.9109588861465454,
                -0.8732876777648926,
                -0.8934707641601562,
                -0.8969072103500366
            ],
            "t_fit": [
                1.154161725193262,
                1.3136999309062958,
                1.1225524693727493,
                0.578008409589529,
                1.332742016762495
            ],
            "t_inference": [
                0.11760972440242767,
                0.14246251806616783,
                0.06056882068514824,
                0.024454988539218903,
                0.1660035327076912
            ],
            "hyperparams": [
                {
                    "in_dim": 37,
                    "n_classes": 2,
                    "feature_type": "SWIM",
                    "upscale_type": "SWIM",
                    "randfeat_xt_dim": 512,
                    "randfeat_x0_dim": 512,
                    "activation": "tanh",
                    "use_batchnorm": true,
                    "do_linesearch": false,
                    "n_layers": 4,
                    "hidden_dim": 37,
                    "l2_cls": 0.004595648439490341,
                    "l2_ghat": 0.003669777867361034,
                    "boost_lr": 0.6422828775853788,
                    "SWIM_scale": 0.30673817990701246
                },
                {
                    "in_dim": 37,
                    "n_classes": 2,
                    "feature_type": "SWIM",
                    "upscale_type": "SWIM",
                    "randfeat_xt_dim": 512,
                    "randfeat_x0_dim": 512,
                    "activation": "tanh",
                    "use_batchnorm": true,
                    "do_linesearch": false,
                    "n_layers": 5,
                    "hidden_dim": 37,
                    "l2_cls": 0.035960700801606106,
                    "l2_ghat": 0.00415004046730203,
                    "boost_lr": 0.5293708905840518,
                    "SWIM_scale": 0.3151134963882557
                },
                {
                    "in_dim": 37,
                    "n_classes": 2,
                    "feature_type": "SWIM",
                    "upscale_type": "SWIM",
                    "randfeat_xt_dim": 512,
                    "randfeat_x0_dim": 512,
                    "activation": "tanh",
                    "use_batchnorm": true,
                    "do_linesearch": false,
                    "n_layers": 2,
                    "hidden_dim": 37,
                    "l2_cls": 5.189599906615133e-05,
                    "l2_ghat": 0.024044866140810715,
                    "boost_lr": 0.10074277914110166,
                    "SWIM_scale": 1.1877646944162676
                },
                {
                    "in_dim": 37,
                    "n_classes": 2,
                    "feature_type": "SWIM",
                    "upscale_type": "SWIM",
                    "randfeat_xt_dim": 512,
                    "randfeat_x0_dim": 512,
                    "activation": "tanh",
                    "use_batchnorm": true,
                    "do_linesearch": false,
                    "n_layers": 1,
                    "hidden_dim": 37,
                    "l2_cls": 5.424143093150257e-05,
                    "l2_ghat": 2.496382193193875,
                    "boost_lr": 0.22227059597536097,
                    "SWIM_scale": 0.35801530266947185
                },
                {
                    "in_dim": 37,
                    "n_classes": 2,
                    "feature_type": "SWIM",
                    "upscale_type": "SWIM",
                    "randfeat_xt_dim": 512,
                    "randfeat_x0_dim": 512,
                    "activation": "tanh",
                    "use_batchnorm": true,
                    "do_linesearch": false,
                    "n_layers": 4,
                    "hidden_dim": 37,
                    "l2_cls": 0.03390052685556216,
                    "l2_ghat": 0.05210899789767101,
                    "boost_lr": 0.5888161835493171,
                    "SWIM_scale": 1.2319141590636753
                }
            ]
        }
    }
}