{
    "40975": {
        "RFRBoost_ID_linesearchFalse": {
            "score_train": [
                -1.0,
                -1.0,
                -1.0,
                -1.0,
                -1.0
            ],
            "score_test": [
                -0.9942196607589722,
                -0.9913294911384583,
                -1.0,
                -1.0,
                -0.9971014261245728
            ],
            "t_fit": [
                1.452304944396019,
                0.6769869700074196,
                1.7536984793841839,
                2.1855396181344986,
                1.4427293948829174
            ],
            "t_inference": [
                0.056156229227781296,
                0.02820231392979622,
                0.07161401584744453,
                0.07232678309082985,
                0.05808794125914574
            ],
            "hyperparams": [
                {
                    "in_dim": 21,
                    "n_classes": 4,
                    "feature_type": "SWIM",
                    "upscale_type": "identity",
                    "randfeat_xt_dim": 512,
                    "randfeat_x0_dim": 512,
                    "activation": "tanh",
                    "use_batchnorm": true,
                    "do_linesearch": false,
                    "n_layers": 4,
                    "hidden_dim": 63,
                    "l2_cls": 7.533972061444066e-06,
                    "l2_ghat": 0.00041884041087882957,
                    "boost_lr": 0.20475716836814098,
                    "SWIM_scale": 0.8572180937436455
                },
                {
                    "in_dim": 21,
                    "n_classes": 4,
                    "feature_type": "SWIM",
                    "upscale_type": "identity",
                    "randfeat_xt_dim": 512,
                    "randfeat_x0_dim": 512,
                    "activation": "tanh",
                    "use_batchnorm": true,
                    "do_linesearch": false,
                    "n_layers": 2,
                    "hidden_dim": 438,
                    "l2_cls": 6.944975072161219e-05,
                    "l2_ghat": 0.00013169381628780162,
                    "boost_lr": 0.23594205356205541,
                    "SWIM_scale": 0.7559933044901397
                },
                {
                    "in_dim": 21,
                    "n_classes": 4,
                    "feature_type": "SWIM",
                    "upscale_type": "identity",
                    "randfeat_xt_dim": 512,
                    "randfeat_x0_dim": 512,
                    "activation": "tanh",
                    "use_batchnorm": true,
                    "do_linesearch": false,
                    "n_layers": 5,
                    "hidden_dim": 116,
                    "l2_cls": 8.617661388096306e-06,
                    "l2_ghat": 0.0008427756414217503,
                    "boost_lr": 0.15182470038597523,
                    "SWIM_scale": 1.0577500580692387
                },
                {
                    "in_dim": 21,
                    "n_classes": 4,
                    "feature_type": "SWIM",
                    "upscale_type": "identity",
                    "randfeat_xt_dim": 512,
                    "randfeat_x0_dim": 512,
                    "activation": "tanh",
                    "use_batchnorm": true,
                    "do_linesearch": false,
                    "n_layers": 5,
                    "hidden_dim": 464,
                    "l2_cls": 1.3191785269689424e-06,
                    "l2_ghat": 0.0004644609911898592,
                    "boost_lr": 0.10253045883302671,
                    "SWIM_scale": 1.0024704202668306
                },
                {
                    "in_dim": 21,
                    "n_classes": 4,
                    "feature_type": "SWIM",
                    "upscale_type": "identity",
                    "randfeat_xt_dim": 512,
                    "randfeat_x0_dim": 512,
                    "activation": "tanh",
                    "use_batchnorm": true,
                    "do_linesearch": false,
                    "n_layers": 4,
                    "hidden_dim": 511,
                    "l2_cls": 1.3964439110507431e-05,
                    "l2_ghat": 0.00014308631986704993,
                    "boost_lr": 0.31167169914288195,
                    "SWIM_scale": 0.5591979635758535
                }
            ]
        }
    }
}