{
    "50": {
        "RFRBoost_ID_batchnormFalse": {
            "score_train": [
                -1.0,
                -1.0,
                -1.0,
                -1.0,
                -1.0
            ],
            "score_test": [
                -0.9895833134651184,
                -0.984375,
                -0.9947916865348816,
                -1.0,
                -1.0
            ],
            "t_fit": [
                0.42232373356819153,
                1.0711361840367317,
                1.424855761229992,
                0.9258697181940079,
                0.5782605931162834
            ],
            "t_inference": [
                0.029779918491840363,
                0.06239395588636398,
                0.1027955561876297,
                0.07045860588550568,
                0.040971748530864716
            ],
            "hyperparams": [
                {
                    "in_dim": 27,
                    "n_classes": 2,
                    "feature_type": "SWIM",
                    "upscale_type": "identity",
                    "randfeat_xt_dim": 512,
                    "randfeat_x0_dim": 512,
                    "activation": "tanh",
                    "use_batchnorm": false,
                    "do_linesearch": true,
                    "n_layers": 2,
                    "hidden_dim": 39,
                    "l2_cls": 0.0065416928830688776,
                    "l2_ghat": 0.006193853471772407,
                    "boost_lr": 0.3892969922108926,
                    "SWIM_scale": 1.6752897776396807
                },
                {
                    "in_dim": 27,
                    "n_classes": 2,
                    "feature_type": "SWIM",
                    "upscale_type": "identity",
                    "randfeat_xt_dim": 512,
                    "randfeat_x0_dim": 512,
                    "activation": "tanh",
                    "use_batchnorm": false,
                    "do_linesearch": true,
                    "n_layers": 5,
                    "hidden_dim": 55,
                    "l2_cls": 0.08247742008992025,
                    "l2_ghat": 0.0002946839261603097,
                    "boost_lr": 0.11478398790506451,
                    "SWIM_scale": 1.4206077915417494
                },
                {
                    "in_dim": 27,
                    "n_classes": 2,
                    "feature_type": "SWIM",
                    "upscale_type": "identity",
                    "randfeat_xt_dim": 512,
                    "randfeat_x0_dim": 512,
                    "activation": "tanh",
                    "use_batchnorm": false,
                    "do_linesearch": true,
                    "n_layers": 5,
                    "hidden_dim": 43,
                    "l2_cls": 0.028426470541989823,
                    "l2_ghat": 0.0023779697241586868,
                    "boost_lr": 0.14778689299554554,
                    "SWIM_scale": 1.7680587018365241
                },
                {
                    "in_dim": 27,
                    "n_classes": 2,
                    "feature_type": "SWIM",
                    "upscale_type": "identity",
                    "randfeat_xt_dim": 512,
                    "randfeat_x0_dim": 512,
                    "activation": "tanh",
                    "use_batchnorm": false,
                    "do_linesearch": true,
                    "n_layers": 4,
                    "hidden_dim": 70,
                    "l2_cls": 0.02503979166373919,
                    "l2_ghat": 0.0006901621776009852,
                    "boost_lr": 0.14710757936501623,
                    "SWIM_scale": 1.663655480362362
                },
                {
                    "in_dim": 27,
                    "n_classes": 2,
                    "feature_type": "SWIM",
                    "upscale_type": "identity",
                    "randfeat_xt_dim": 512,
                    "randfeat_x0_dim": 512,
                    "activation": "tanh",
                    "use_batchnorm": false,
                    "do_linesearch": true,
                    "n_layers": 3,
                    "hidden_dim": 49,
                    "l2_cls": 0.013216298628825267,
                    "l2_ghat": 0.006618984200516525,
                    "boost_lr": 0.1482721566546418,
                    "SWIM_scale": 1.8894411570734697
                }
            ]
        }
    }
}