{
    "1464": {
        "End2End_cpu": {
            "score_train": [
                -0.7876254320144653,
                -0.807692289352417,
                -0.8260869383811951,
                -0.8013355731964111,
                -0.826377272605896
            ],
            "score_test": [
                -0.8199999928474426,
                -0.8199999928474426,
                -0.746666669845581,
                -0.7852349281311035,
                -0.7516778707504272
            ],
            "t_fit": [
                20.721172228455544,
                51.98733597248793,
                80.41551195830107,
                22.296906240284443,
                92.19791774451733
            ],
            "t_inference": [
                0.02153465896844864,
                0.06060251593589783,
                0.015530608594417572,
                0.02196449041366577,
                0.014094933867454529
            ],
            "hyperparams": [
                {
                    "in_dim": 4,
                    "out_dim": 1,
                    "loss": "bce",
                    "bottleneck_dim": 512,
                    "n_blocks": 2,
                    "hidden_dim": 194,
                    "lr": 0.004074198325329693,
                    "end_lr_factor": 0.2827824082634838,
                    "n_epochs": 15,
                    "weight_decay": 1.3967931603141405e-05,
                    "batch_size": 256
                },
                {
                    "in_dim": 4,
                    "out_dim": 1,
                    "loss": "bce",
                    "bottleneck_dim": 512,
                    "n_blocks": 5,
                    "hidden_dim": 286,
                    "lr": 0.002010520662422775,
                    "end_lr_factor": 0.7977655745407659,
                    "n_epochs": 19,
                    "weight_decay": 3.3289707118645834e-06,
                    "batch_size": 128
                },
                {
                    "in_dim": 4,
                    "out_dim": 1,
                    "loss": "bce",
                    "bottleneck_dim": 512,
                    "n_blocks": 1,
                    "hidden_dim": 386,
                    "lr": 0.009738821222647794,
                    "end_lr_factor": 0.6215328697973158,
                    "n_epochs": 39,
                    "weight_decay": 4.749090592976573e-06,
                    "batch_size": 128
                },
                {
                    "in_dim": 4,
                    "out_dim": 1,
                    "loss": "bce",
                    "bottleneck_dim": 512,
                    "n_blocks": 3,
                    "hidden_dim": 224,
                    "lr": 0.007041830285015997,
                    "end_lr_factor": 0.7321173243252596,
                    "n_epochs": 10,
                    "weight_decay": 1.306699123790696e-06,
                    "batch_size": 128
                },
                {
                    "in_dim": 4,
                    "out_dim": 1,
                    "loss": "bce",
                    "bottleneck_dim": 512,
                    "n_blocks": 2,
                    "hidden_dim": 194,
                    "lr": 0.007671837350286528,
                    "end_lr_factor": 0.1458446474071241,
                    "n_epochs": 47,
                    "weight_decay": 1.5977652775886226e-06,
                    "batch_size": 128
                }
            ]
        }
    }
}