{
    "1462": {
        "RFRBoost_upscaleiid_linesearchFalse": {
            "score_train": [
                -1.0,
                -1.0,
                -1.0,
                -1.0,
                -1.0
            ],
            "score_test": [
                -1.0,
                -1.0,
                -1.0,
                -1.0,
                -1.0
            ],
            "t_fit": [
                0.30724699422717094,
                0.6032538302242756,
                0.424987118691206,
                0.6313109621405602,
                0.5426400415599346
            ],
            "t_inference": [
                0.018243558704853058,
                0.03699983283877373,
                0.029869727790355682,
                0.04788625240325928,
                0.03620476648211479
            ],
            "hyperparams": [
                {
                    "in_dim": 4,
                    "n_classes": 2,
                    "feature_type": "SWIM",
                    "upscale_type": "iid",
                    "randfeat_xt_dim": 512,
                    "randfeat_x0_dim": 512,
                    "activation": "tanh",
                    "use_batchnorm": true,
                    "do_linesearch": false,
                    "n_layers": 2,
                    "hidden_dim": 4,
                    "l2_cls": 7.417652034871818e-06,
                    "l2_ghat": 0.0014472520367197611,
                    "boost_lr": 0.35213588054678685,
                    "SWIM_scale": 0.5734952971696723
                },
                {
                    "in_dim": 4,
                    "n_classes": 2,
                    "feature_type": "SWIM",
                    "upscale_type": "iid",
                    "randfeat_xt_dim": 512,
                    "randfeat_x0_dim": 512,
                    "activation": "tanh",
                    "use_batchnorm": true,
                    "do_linesearch": false,
                    "n_layers": 3,
                    "hidden_dim": 4,
                    "l2_cls": 1.5777663630582458e-06,
                    "l2_ghat": 0.0012997969313168253,
                    "boost_lr": 0.3912141628549695,
                    "SWIM_scale": 0.331288222259996
                },
                {
                    "in_dim": 4,
                    "n_classes": 2,
                    "feature_type": "SWIM",
                    "upscale_type": "iid",
                    "randfeat_xt_dim": 512,
                    "randfeat_x0_dim": 512,
                    "activation": "tanh",
                    "use_batchnorm": true,
                    "do_linesearch": false,
                    "n_layers": 2,
                    "hidden_dim": 4,
                    "l2_cls": 7.417652034871818e-06,
                    "l2_ghat": 0.0014472520367197611,
                    "boost_lr": 0.35213588054678685,
                    "SWIM_scale": 0.5734952971696723
                },
                {
                    "in_dim": 4,
                    "n_classes": 2,
                    "feature_type": "SWIM",
                    "upscale_type": "iid",
                    "randfeat_xt_dim": 512,
                    "randfeat_x0_dim": 512,
                    "activation": "tanh",
                    "use_batchnorm": true,
                    "do_linesearch": false,
                    "n_layers": 3,
                    "hidden_dim": 4,
                    "l2_cls": 1.5777663630582458e-06,
                    "l2_ghat": 0.0012997969313168253,
                    "boost_lr": 0.3912141628549695,
                    "SWIM_scale": 0.331288222259996
                },
                {
                    "in_dim": 4,
                    "n_classes": 2,
                    "feature_type": "SWIM",
                    "upscale_type": "iid",
                    "randfeat_xt_dim": 512,
                    "randfeat_x0_dim": 512,
                    "activation": "tanh",
                    "use_batchnorm": true,
                    "do_linesearch": false,
                    "n_layers": 3,
                    "hidden_dim": 4,
                    "l2_cls": 1.5777663630582458e-06,
                    "l2_ghat": 0.0012997969313168253,
                    "boost_lr": 0.3912141628549695,
                    "SWIM_scale": 0.331288222259996
                }
            ]
        }
    }
}