{
    "28": {
        "RFRBoost_upscaleiid_batchnormFalse": {
            "score_train": [
                -1.0,
                -1.0,
                -1.0,
                -0.9984999895095825,
                -1.0
            ],
            "score_test": [
                -0.9919999837875366,
                -0.9890000224113464,
                -0.9860000014305115,
                -0.984000027179718,
                -0.9879999756813049
            ],
            "t_fit": [
                1.3818396851420403,
                2.2213035002350807,
                2.184896659106016,
                0.46286238357424736,
                2.2561993040144444
            ],
            "t_inference": [
                0.1790618784725666,
                0.28700774163007736,
                0.2798474468290806,
                0.05852832272648811,
                0.27795597165822983
            ],
            "hyperparams": [
                {
                    "in_dim": 64,
                    "n_classes": 10,
                    "feature_type": "SWIM",
                    "upscale_type": "iid",
                    "randfeat_xt_dim": 512,
                    "randfeat_x0_dim": 512,
                    "activation": "tanh",
                    "use_batchnorm": false,
                    "do_linesearch": true,
                    "n_layers": 3,
                    "hidden_dim": 64,
                    "l2_cls": 0.07331028520736517,
                    "l2_ghat": 8.326738458243646e-07,
                    "boost_lr": 0.44388403947509586,
                    "SWIM_scale": 0.5970842223117354
                },
                {
                    "in_dim": 64,
                    "n_classes": 10,
                    "feature_type": "SWIM",
                    "upscale_type": "iid",
                    "randfeat_xt_dim": 512,
                    "randfeat_x0_dim": 512,
                    "activation": "tanh",
                    "use_batchnorm": false,
                    "do_linesearch": true,
                    "n_layers": 5,
                    "hidden_dim": 64,
                    "l2_cls": 0.05743593620896659,
                    "l2_ghat": 7.58265056894521e-07,
                    "boost_lr": 0.28099283561381433,
                    "SWIM_scale": 0.4834633169579594
                },
                {
                    "in_dim": 64,
                    "n_classes": 10,
                    "feature_type": "SWIM",
                    "upscale_type": "iid",
                    "randfeat_xt_dim": 512,
                    "randfeat_x0_dim": 512,
                    "activation": "tanh",
                    "use_batchnorm": false,
                    "do_linesearch": true,
                    "n_layers": 5,
                    "hidden_dim": 64,
                    "l2_cls": 0.012377661975659033,
                    "l2_ghat": 0.0017839779206761056,
                    "boost_lr": 0.5659212628818119,
                    "SWIM_scale": 1.75461276148374
                },
                {
                    "in_dim": 64,
                    "n_classes": 10,
                    "feature_type": "SWIM",
                    "upscale_type": "iid",
                    "randfeat_xt_dim": 512,
                    "randfeat_x0_dim": 512,
                    "activation": "tanh",
                    "use_batchnorm": false,
                    "do_linesearch": true,
                    "n_layers": 1,
                    "hidden_dim": 64,
                    "l2_cls": 0.08069604190727489,
                    "l2_ghat": 9.586405429990879e-06,
                    "boost_lr": 0.371054249813482,
                    "SWIM_scale": 0.944008978574041
                },
                {
                    "in_dim": 64,
                    "n_classes": 10,
                    "feature_type": "SWIM",
                    "upscale_type": "iid",
                    "randfeat_xt_dim": 512,
                    "randfeat_x0_dim": 512,
                    "activation": "tanh",
                    "use_batchnorm": false,
                    "do_linesearch": true,
                    "n_layers": 5,
                    "hidden_dim": 64,
                    "l2_cls": 0.038859192806422645,
                    "l2_ghat": 4.539785882188149e-07,
                    "boost_lr": 0.35964106037558996,
                    "SWIM_scale": 0.5248623675130897
                }
            ]
        }
    }
}