{
    "40984": {
        "RFRBoost_ID": {
            "score_train": [
                -0.9686146974563599,
                -0.9653679728507996,
                -0.9307359457015991,
                -0.9626623392105103,
                -0.963744580745697
            ],
            "score_test": [
                -0.9372294545173645,
                -0.9415584206581116,
                -0.8982684016227722,
                -0.9220778942108154,
                -0.9458874464035034
            ],
            "t_fit": [
                1.576976589858532,
                1.4878562465310097,
                8.420082576572895,
                2.1864964216947556,
                2.042541489005089
            ],
            "t_inference": [
                0.15162421017885208,
                0.13292477279901505,
                0.2091955989599228,
                0.16797380149364471,
                0.14316009730100632
            ],
            "hyperparams": [
                {
                    "in_dim": 16,
                    "n_classes": 7,
                    "feature_type": "SWIM",
                    "upscale_type": "identity",
                    "randfeat_xt_dim": 512,
                    "randfeat_x0_dim": 512,
                    "activation": "tanh",
                    "use_batchnorm": true,
                    "do_linesearch": true,
                    "n_layers": 3,
                    "hidden_dim": 123,
                    "l2_cls": 0.0660837535160189,
                    "l2_ghat": 0.0006666315322139931,
                    "boost_lr": 0.3966433045906663,
                    "SWIM_scale": 1.6182210061945634
                },
                {
                    "in_dim": 16,
                    "n_classes": 7,
                    "feature_type": "SWIM",
                    "upscale_type": "identity",
                    "randfeat_xt_dim": 512,
                    "randfeat_x0_dim": 512,
                    "activation": "tanh",
                    "use_batchnorm": true,
                    "do_linesearch": true,
                    "n_layers": 4,
                    "hidden_dim": 123,
                    "l2_cls": 0.09748507013316371,
                    "l2_ghat": 0.0008693426644090746,
                    "boost_lr": 0.29515630895868444,
                    "SWIM_scale": 1.4635249002460213
                },
                {
                    "in_dim": 16,
                    "n_classes": 7,
                    "feature_type": "SWIM",
                    "upscale_type": "identity",
                    "randfeat_xt_dim": 512,
                    "randfeat_x0_dim": 512,
                    "activation": "tanh",
                    "use_batchnorm": true,
                    "do_linesearch": true,
                    "n_layers": 5,
                    "hidden_dim": 119,
                    "l2_cls": 7.20617144680854e-06,
                    "l2_ghat": 0.004621114179523139,
                    "boost_lr": 0.46147874431464625,
                    "SWIM_scale": 0.3241099121669277
                },
                {
                    "in_dim": 16,
                    "n_classes": 7,
                    "feature_type": "SWIM",
                    "upscale_type": "identity",
                    "randfeat_xt_dim": 512,
                    "randfeat_x0_dim": 512,
                    "activation": "tanh",
                    "use_batchnorm": true,
                    "do_linesearch": true,
                    "n_layers": 5,
                    "hidden_dim": 224,
                    "l2_cls": 0.0008115815365123924,
                    "l2_ghat": 0.046225841701188417,
                    "boost_lr": 0.802667278152678,
                    "SWIM_scale": 1.650161066740716
                },
                {
                    "in_dim": 16,
                    "n_classes": 7,
                    "feature_type": "SWIM",
                    "upscale_type": "identity",
                    "randfeat_xt_dim": 512,
                    "randfeat_x0_dim": 512,
                    "activation": "tanh",
                    "use_batchnorm": true,
                    "do_linesearch": true,
                    "n_layers": 4,
                    "hidden_dim": 317,
                    "l2_cls": 0.003242937819488169,
                    "l2_ghat": 0.005391293618828895,
                    "boost_lr": 0.37765964200542707,
                    "SWIM_scale": 1.345438763696826
                }
            ]
        }
    }
}