{
    "40982": {
        "End2End": {
            "score_train": [
                -0.9349226951599121,
                -0.8467482328414917,
                -0.753380537033081,
                -0.8725048303604126,
                -0.8345138430595398
            ],
            "score_test": [
                -0.7686375379562378,
                -0.7242268323898315,
                -0.7293814420700073,
                -0.7628865838050842,
                -0.7654638886451721
            ],
            "t_fit": [
                4.775010634213686,
                2.1013998351991177,
                3.669675424695015,
                0.38442716002464294,
                2.404018748551607
            ],
            "t_inference": [
                0.03513840585947037,
                0.04600327089428902,
                0.09992274641990662,
                0.005950033664703369,
                0.0659044124186039
            ],
            "hyperparams": [
                {
                    "in_dim": 27,
                    "out_dim": 7,
                    "loss": "cce",
                    "bottleneck_dim": 512,
                    "n_blocks": 1,
                    "hidden_dim": 489,
                    "lr": 5.963934619316251e-05,
                    "end_lr_factor": 0.9742585581087184,
                    "n_epochs": 47,
                    "weight_decay": 1.1829573670560926e-05,
                    "batch_size": 384
                },
                {
                    "in_dim": 27,
                    "out_dim": 7,
                    "loss": "cce",
                    "bottleneck_dim": 512,
                    "n_blocks": 2,
                    "hidden_dim": 334,
                    "lr": 0.009956099811707449,
                    "end_lr_factor": 0.0712688567562774,
                    "n_epochs": 16,
                    "weight_decay": 0.0001961891192920197,
                    "batch_size": 384
                },
                {
                    "in_dim": 27,
                    "out_dim": 7,
                    "loss": "cce",
                    "bottleneck_dim": 512,
                    "n_blocks": 4,
                    "hidden_dim": 384,
                    "lr": 0.009932269689065744,
                    "end_lr_factor": 0.8748194896651275,
                    "n_epochs": 14,
                    "weight_decay": 4.309913525896082e-05,
                    "batch_size": 384
                },
                {
                    "in_dim": 27,
                    "out_dim": 7,
                    "loss": "cce",
                    "bottleneck_dim": 512,
                    "n_blocks": 1,
                    "hidden_dim": 32,
                    "lr": 0.005648643338304927,
                    "end_lr_factor": 0.4929508904109482,
                    "n_epochs": 16,
                    "weight_decay": 2.5561509909679623e-05,
                    "batch_size": 512
                },
                {
                    "in_dim": 27,
                    "out_dim": 7,
                    "loss": "cce",
                    "bottleneck_dim": 512,
                    "n_blocks": 2,
                    "hidden_dim": 484,
                    "lr": 0.007890863036063336,
                    "end_lr_factor": 0.12796936874916925,
                    "n_epochs": 13,
                    "weight_decay": 1.275526192533334e-06,
                    "batch_size": 256
                }
            ]
        }
    }
}