{
    "1053": {
        "RFRBoost_ID_batchnormFalse": {
            "score_train": [
                -0.815500020980835,
                -0.8174999952316284,
                -0.8140000104904175,
                -0.8190000057220459,
                -0.8119999766349792
            ],
            "score_test": [
                -0.8149999976158142,
                -0.7960000038146973,
                -0.8149999976158142,
                -0.7960000038146973,
                -0.8190000057220459
            ],
            "t_fit": [
                0.6070716604590416,
                1.9420062154531479,
                1.593553140759468,
                1.4367114380002022,
                1.1449933648109436
            ],
            "t_inference": [
                0.09099891036748886,
                0.2993963286280632,
                0.2577502280473709,
                0.2225276380777359,
                0.1767679527401924
            ],
            "hyperparams": [
                {
                    "in_dim": 21,
                    "n_classes": 2,
                    "feature_type": "SWIM",
                    "upscale_type": "identity",
                    "randfeat_xt_dim": 512,
                    "randfeat_x0_dim": 512,
                    "activation": "tanh",
                    "use_batchnorm": false,
                    "do_linesearch": true,
                    "n_layers": 2,
                    "hidden_dim": 236,
                    "l2_cls": 0.008558861113899622,
                    "l2_ghat": 0.04412143241127097,
                    "boost_lr": 0.16726973577542995,
                    "SWIM_scale": 0.603637062918905
                },
                {
                    "in_dim": 21,
                    "n_classes": 2,
                    "feature_type": "SWIM",
                    "upscale_type": "identity",
                    "randfeat_xt_dim": 512,
                    "randfeat_x0_dim": 512,
                    "activation": "tanh",
                    "use_batchnorm": false,
                    "do_linesearch": true,
                    "n_layers": 5,
                    "hidden_dim": 435,
                    "l2_cls": 0.004066770467518144,
                    "l2_ghat": 5.093233801473008,
                    "boost_lr": 0.27506200043733736,
                    "SWIM_scale": 1.8851376855557707
                },
                {
                    "in_dim": 21,
                    "n_classes": 2,
                    "feature_type": "SWIM",
                    "upscale_type": "identity",
                    "randfeat_xt_dim": 512,
                    "randfeat_x0_dim": 512,
                    "activation": "tanh",
                    "use_batchnorm": false,
                    "do_linesearch": true,
                    "n_layers": 4,
                    "hidden_dim": 100,
                    "l2_cls": 0.013295283775613159,
                    "l2_ghat": 0.09837552180255171,
                    "boost_lr": 0.34189188079082977,
                    "SWIM_scale": 0.2788841023376506
                },
                {
                    "in_dim": 21,
                    "n_classes": 2,
                    "feature_type": "SWIM",
                    "upscale_type": "identity",
                    "randfeat_xt_dim": 512,
                    "randfeat_x0_dim": 512,
                    "activation": "tanh",
                    "use_batchnorm": false,
                    "do_linesearch": true,
                    "n_layers": 5,
                    "hidden_dim": 365,
                    "l2_cls": 0.018494781695337338,
                    "l2_ghat": 0.24500182201095327,
                    "boost_lr": 0.3071508639337107,
                    "SWIM_scale": 0.2563895237231548
                },
                {
                    "in_dim": 21,
                    "n_classes": 2,
                    "feature_type": "SWIM",
                    "upscale_type": "identity",
                    "randfeat_xt_dim": 512,
                    "randfeat_x0_dim": 512,
                    "activation": "tanh",
                    "use_batchnorm": false,
                    "do_linesearch": true,
                    "n_layers": 4,
                    "hidden_dim": 38,
                    "l2_cls": 0.026185811701439292,
                    "l2_ghat": 1.7911212914955572,
                    "boost_lr": 0.23688647173829702,
                    "SWIM_scale": 1.7130647344703185
                }
            ]
        }
    }
}