{
    "307": {
        "RFRBoost_ID_batchnormFalse": {
            "score_train": [
                -1.0,
                -1.0,
                -1.0,
                -0.9987373948097229,
                -1.0
            ],
            "score_test": [
                -1.0,
                -0.9949495196342468,
                -0.9747474789619446,
                -0.9646464586257935,
                -0.9949495196342468
            ],
            "t_fit": [
                0.7305220365524292,
                0.8329559043049812,
                0.8716042935848236,
                0.8905839025974274,
                1.2200768664479256
            ],
            "t_inference": [
                0.036812469363212585,
                0.04322409629821777,
                0.04917806386947632,
                0.04709400236606598,
                0.08368312567472458
            ],
            "hyperparams": [
                {
                    "in_dim": 27,
                    "n_classes": 11,
                    "feature_type": "SWIM",
                    "upscale_type": "identity",
                    "randfeat_xt_dim": 512,
                    "randfeat_x0_dim": 512,
                    "activation": "tanh",
                    "use_batchnorm": false,
                    "do_linesearch": true,
                    "n_layers": 3,
                    "hidden_dim": 164,
                    "l2_cls": 0.05937115079815978,
                    "l2_ghat": 9.692761187606596e-05,
                    "boost_lr": 0.43755609881796087,
                    "SWIM_scale": 1.0719560379511797
                },
                {
                    "in_dim": 27,
                    "n_classes": 11,
                    "feature_type": "SWIM",
                    "upscale_type": "identity",
                    "randfeat_xt_dim": 512,
                    "randfeat_x0_dim": 512,
                    "activation": "tanh",
                    "use_batchnorm": false,
                    "do_linesearch": true,
                    "n_layers": 5,
                    "hidden_dim": 200,
                    "l2_cls": 0.019813164731474788,
                    "l2_ghat": 0.0034466548656362657,
                    "boost_lr": 0.592118941421239,
                    "SWIM_scale": 1.4691514725407249
                },
                {
                    "in_dim": 27,
                    "n_classes": 11,
                    "feature_type": "SWIM",
                    "upscale_type": "identity",
                    "randfeat_xt_dim": 512,
                    "randfeat_x0_dim": 512,
                    "activation": "tanh",
                    "use_batchnorm": false,
                    "do_linesearch": true,
                    "n_layers": 4,
                    "hidden_dim": 19,
                    "l2_cls": 0.02696225842049601,
                    "l2_ghat": 9.041962096620576e-05,
                    "boost_lr": 0.193793993524234,
                    "SWIM_scale": 0.89533418996061
                },
                {
                    "in_dim": 27,
                    "n_classes": 11,
                    "feature_type": "SWIM",
                    "upscale_type": "identity",
                    "randfeat_xt_dim": 512,
                    "randfeat_x0_dim": 512,
                    "activation": "tanh",
                    "use_batchnorm": false,
                    "do_linesearch": true,
                    "n_layers": 5,
                    "hidden_dim": 19,
                    "l2_cls": 0.03293213313323961,
                    "l2_ghat": 0.05432719521879926,
                    "boost_lr": 0.3099370359381401,
                    "SWIM_scale": 1.8758246898783726
                },
                {
                    "in_dim": 27,
                    "n_classes": 11,
                    "feature_type": "SWIM",
                    "upscale_type": "identity",
                    "randfeat_xt_dim": 512,
                    "randfeat_x0_dim": 512,
                    "activation": "tanh",
                    "use_batchnorm": false,
                    "do_linesearch": true,
                    "n_layers": 5,
                    "hidden_dim": 95,
                    "l2_cls": 0.094918814724174,
                    "l2_ghat": 0.002512532228555376,
                    "boost_lr": 0.2900996587840317,
                    "SWIM_scale": 1.5512605825728052
                }
            ]
        }
    }
}