{
    "1494": {
        "RFRBoost_ID_linesearchFalse_batchnormFalse": {
            "score_train": [
                -0.9620853066444397,
                -0.899289071559906,
                -0.9395734667778015,
                -0.9490521550178528,
                -0.9300947785377502
            ],
            "score_test": [
                -0.8625592589378357,
                -0.8862559199333191,
                -0.8625592589378357,
                -0.8862559199333191,
                -0.8815165758132935
            ],
            "t_fit": [
                0.9241879545152187,
                0.5950292237102985,
                0.33737218379974365,
                0.23182909190654755,
                0.15834584832191467
            ],
            "t_inference": [
                0.0577225387096405,
                0.05053764209151268,
                0.029970668256282806,
                0.011351045221090317,
                0.010704610496759415
            ],
            "hyperparams": [
                {
                    "in_dim": 41,
                    "n_classes": 2,
                    "feature_type": "SWIM",
                    "upscale_type": "identity",
                    "randfeat_xt_dim": 512,
                    "randfeat_x0_dim": 512,
                    "activation": "tanh",
                    "use_batchnorm": false,
                    "do_linesearch": false,
                    "n_layers": 5,
                    "hidden_dim": 21,
                    "l2_cls": 0.00015382735652657607,
                    "l2_ghat": 0.0013750087211034522,
                    "boost_lr": 0.1758217000734303,
                    "SWIM_scale": 0.6735398089794761
                },
                {
                    "in_dim": 41,
                    "n_classes": 2,
                    "feature_type": "SWIM",
                    "upscale_type": "identity",
                    "randfeat_xt_dim": 512,
                    "randfeat_x0_dim": 512,
                    "activation": "tanh",
                    "use_batchnorm": false,
                    "do_linesearch": false,
                    "n_layers": 5,
                    "hidden_dim": 59,
                    "l2_cls": 0.0025998774618262235,
                    "l2_ghat": 0.050111593169836974,
                    "boost_lr": 0.12058238191141643,
                    "SWIM_scale": 1.1887829831957952
                },
                {
                    "in_dim": 41,
                    "n_classes": 2,
                    "feature_type": "SWIM",
                    "upscale_type": "identity",
                    "randfeat_xt_dim": 512,
                    "randfeat_x0_dim": 512,
                    "activation": "tanh",
                    "use_batchnorm": false,
                    "do_linesearch": false,
                    "n_layers": 3,
                    "hidden_dim": 27,
                    "l2_cls": 0.007862607744152173,
                    "l2_ghat": 0.0005205307844668365,
                    "boost_lr": 0.16243271578790613,
                    "SWIM_scale": 0.8068539133999298
                },
                {
                    "in_dim": 41,
                    "n_classes": 2,
                    "feature_type": "SWIM",
                    "upscale_type": "identity",
                    "randfeat_xt_dim": 512,
                    "randfeat_x0_dim": 512,
                    "activation": "tanh",
                    "use_batchnorm": false,
                    "do_linesearch": false,
                    "n_layers": 1,
                    "hidden_dim": 17,
                    "l2_cls": 0.00016515261242229195,
                    "l2_ghat": 0.0001582255746230171,
                    "boost_lr": 0.12535209738308528,
                    "SWIM_scale": 1.1146214318689094
                },
                {
                    "in_dim": 41,
                    "n_classes": 2,
                    "feature_type": "SWIM",
                    "upscale_type": "identity",
                    "randfeat_xt_dim": 512,
                    "randfeat_x0_dim": 512,
                    "activation": "tanh",
                    "use_batchnorm": false,
                    "do_linesearch": false,
                    "n_layers": 1,
                    "hidden_dim": 60,
                    "l2_cls": 0.0012056495572220864,
                    "l2_ghat": 0.0006473652270999184,
                    "boost_lr": 0.1718449495733306,
                    "SWIM_scale": 1.3443542829200776
                }
            ]
        }
    }
}