{
    "1489": {
        "RFRBoost_ID_linesearchFalse_batchnormFalse": {
            "score_train": [
                -0.9262499809265137,
                -0.9265000224113464,
                -0.9347500205039978,
                -0.953000009059906,
                -0.9355000257492065
            ],
            "score_test": [
                -0.8700000047683716,
                -0.8939999938011169,
                -0.8920000195503235,
                -0.8650000095367432,
                -0.8769999742507935
            ],
            "t_fit": [
                3.6588785275816917,
                2.347312819212675,
                1.8775875195860863,
                3.277394089847803,
                2.4849065616726875
            ],
            "t_inference": [
                0.5519016534090042,
                0.3057795912027359,
                0.18876364827156067,
                0.34122879058122635,
                0.26707474887371063
            ],
            "hyperparams": [
                {
                    "in_dim": 5,
                    "n_classes": 2,
                    "feature_type": "SWIM",
                    "upscale_type": "identity",
                    "randfeat_xt_dim": 512,
                    "randfeat_x0_dim": 512,
                    "activation": "tanh",
                    "use_batchnorm": false,
                    "do_linesearch": false,
                    "n_layers": 10,
                    "hidden_dim": 5,
                    "l2_cls": 1.0863833419456807e-05,
                    "l2_ghat": 0.0003167877391411018,
                    "boost_lr": 0.10422259339479667,
                    "SWIM_scale": 1.1523364234397517
                },
                {
                    "in_dim": 5,
                    "n_classes": 2,
                    "feature_type": "SWIM",
                    "upscale_type": "identity",
                    "randfeat_xt_dim": 512,
                    "randfeat_x0_dim": 512,
                    "activation": "tanh",
                    "use_batchnorm": false,
                    "do_linesearch": false,
                    "n_layers": 6,
                    "hidden_dim": 5,
                    "l2_cls": 0.007178087831274675,
                    "l2_ghat": 1.2939939957667271e-05,
                    "boost_lr": 0.566765286290494,
                    "SWIM_scale": 0.8717710722072107
                },
                {
                    "in_dim": 5,
                    "n_classes": 2,
                    "feature_type": "SWIM",
                    "upscale_type": "identity",
                    "randfeat_xt_dim": 512,
                    "randfeat_x0_dim": 512,
                    "activation": "tanh",
                    "use_batchnorm": false,
                    "do_linesearch": false,
                    "n_layers": 5,
                    "hidden_dim": 5,
                    "l2_cls": 9.624313165253036e-05,
                    "l2_ghat": 0.0002098790228568538,
                    "boost_lr": 0.18197001657550782,
                    "SWIM_scale": 1.906750936023103
                },
                {
                    "in_dim": 5,
                    "n_classes": 2,
                    "feature_type": "SWIM",
                    "upscale_type": "identity",
                    "randfeat_xt_dim": 512,
                    "randfeat_x0_dim": 512,
                    "activation": "tanh",
                    "use_batchnorm": false,
                    "do_linesearch": false,
                    "n_layers": 10,
                    "hidden_dim": 5,
                    "l2_cls": 3.6697884646552496e-05,
                    "l2_ghat": 0.00016762759442187807,
                    "boost_lr": 0.135519235989848,
                    "SWIM_scale": 1.7282538547658275
                },
                {
                    "in_dim": 5,
                    "n_classes": 2,
                    "feature_type": "SWIM",
                    "upscale_type": "identity",
                    "randfeat_xt_dim": 512,
                    "randfeat_x0_dim": 512,
                    "activation": "tanh",
                    "use_batchnorm": false,
                    "do_linesearch": false,
                    "n_layers": 4,
                    "hidden_dim": 5,
                    "l2_cls": 0.006338893359892582,
                    "l2_ghat": 7.016245588141282e-05,
                    "boost_lr": 0.3360654332967654,
                    "SWIM_scale": 1.7645953750405736
                }
            ]
        }
    }
}