{
    "14": {
        "RFRBoost": {
            "score_train": [
                -0.9631249904632568,
                -0.9312499761581421,
                -0.9649999737739563,
                -0.9156249761581421,
                -0.9881250262260437
            ],
            "score_test": [
                -0.8224999904632568,
                -0.8399999737739563,
                -0.8125,
                -0.8550000190734863,
                -0.8149999976158142
            ],
            "t_fit": [
                1.4407340437173843,
                1.6133515946567059,
                0.9380653314292431,
                0.6639118678867817,
                0.6792899928987026
            ],
            "t_inference": [
                0.12427165359258652,
                0.13671011105179787,
                0.0856136791408062,
                0.05625315010547638,
                0.06034516170620918
            ],
            "hyperparams": [
                {
                    "in_dim": 76,
                    "n_classes": 10,
                    "feature_type": "SWIM",
                    "upscale_type": "SWIM",
                    "randfeat_xt_dim": 512,
                    "randfeat_x0_dim": 512,
                    "activation": "tanh",
                    "use_batchnorm": true,
                    "do_linesearch": true,
                    "n_layers": 5,
                    "hidden_dim": 76,
                    "l2_cls": 0.01232582239993141,
                    "l2_ghat": 0.010111609619192458,
                    "boost_lr": 0.40655407289577616,
                    "SWIM_scale": 0.9617669109666905
                },
                {
                    "in_dim": 76,
                    "n_classes": 10,
                    "feature_type": "SWIM",
                    "upscale_type": "SWIM",
                    "randfeat_xt_dim": 512,
                    "randfeat_x0_dim": 512,
                    "activation": "tanh",
                    "use_batchnorm": true,
                    "do_linesearch": true,
                    "n_layers": 5,
                    "hidden_dim": 76,
                    "l2_cls": 0.016931176449368295,
                    "l2_ghat": 0.0008686459839417625,
                    "boost_lr": 0.15749418354324618,
                    "SWIM_scale": 0.5824755338779786
                },
                {
                    "in_dim": 76,
                    "n_classes": 10,
                    "feature_type": "SWIM",
                    "upscale_type": "SWIM",
                    "randfeat_xt_dim": 512,
                    "randfeat_x0_dim": 512,
                    "activation": "tanh",
                    "use_batchnorm": true,
                    "do_linesearch": true,
                    "n_layers": 3,
                    "hidden_dim": 76,
                    "l2_cls": 0.023337442884000293,
                    "l2_ghat": 0.00044362421735766685,
                    "boost_lr": 0.1880713958742548,
                    "SWIM_scale": 0.9521198702927587
                },
                {
                    "in_dim": 76,
                    "n_classes": 10,
                    "feature_type": "SWIM",
                    "upscale_type": "SWIM",
                    "randfeat_xt_dim": 512,
                    "randfeat_x0_dim": 512,
                    "activation": "tanh",
                    "use_batchnorm": true,
                    "do_linesearch": true,
                    "n_layers": 2,
                    "hidden_dim": 76,
                    "l2_cls": 0.0198124302382876,
                    "l2_ghat": 0.011655757095050292,
                    "boost_lr": 0.18696682504914325,
                    "SWIM_scale": 1.684071874906641
                },
                {
                    "in_dim": 76,
                    "n_classes": 10,
                    "feature_type": "SWIM",
                    "upscale_type": "SWIM",
                    "randfeat_xt_dim": 512,
                    "randfeat_x0_dim": 512,
                    "activation": "tanh",
                    "use_batchnorm": true,
                    "do_linesearch": true,
                    "n_layers": 2,
                    "hidden_dim": 76,
                    "l2_cls": 0.02216233539213546,
                    "l2_ghat": 0.0006436064755232984,
                    "boost_lr": 0.3204597639647984,
                    "SWIM_scale": 1.5796021026126137
                }
            ]
        }
    }
}