{
    "40983": {
        "RFRBoost_ID": {
            "score_train": [
                -0.989666759967804,
                -0.9894084334373474,
                -0.9922500848770142,
                -0.9909583926200867,
                -0.9896694421768188
            ],
            "score_test": [
                -0.9865702390670776,
                -0.9814049601554871,
                -0.9845041036605835,
                -0.9865702390670776,
                -0.9927611351013184
            ],
            "t_fit": [
                2.4718915969133377,
                1.578328251838684,
                1.6928467079997063,
                1.7523826286196709,
                1.1815839223563671
            ],
            "t_inference": [
                0.2709852010011673,
                0.17494404688477516,
                0.17980051040649414,
                0.21631165593862534,
                0.11906974762678146
            ],
            "hyperparams": [
                {
                    "in_dim": 5,
                    "n_classes": 2,
                    "feature_type": "SWIM",
                    "upscale_type": "identity",
                    "randfeat_xt_dim": 512,
                    "randfeat_x0_dim": 512,
                    "activation": "tanh",
                    "use_batchnorm": true,
                    "do_linesearch": true,
                    "n_layers": 5,
                    "hidden_dim": 111,
                    "l2_cls": 8.841408067777733e-06,
                    "l2_ghat": 0.031049181271548116,
                    "boost_lr": 0.9551663433937236,
                    "SWIM_scale": 0.3563542682579681
                },
                {
                    "in_dim": 5,
                    "n_classes": 2,
                    "feature_type": "SWIM",
                    "upscale_type": "identity",
                    "randfeat_xt_dim": 512,
                    "randfeat_x0_dim": 512,
                    "activation": "tanh",
                    "use_batchnorm": true,
                    "do_linesearch": true,
                    "n_layers": 3,
                    "hidden_dim": 40,
                    "l2_cls": 1.8255373100804043e-05,
                    "l2_ghat": 0.016476174267295515,
                    "boost_lr": 0.986387522804272,
                    "SWIM_scale": 0.4578895261081865
                },
                {
                    "in_dim": 5,
                    "n_classes": 2,
                    "feature_type": "SWIM",
                    "upscale_type": "identity",
                    "randfeat_xt_dim": 512,
                    "randfeat_x0_dim": 512,
                    "activation": "tanh",
                    "use_batchnorm": true,
                    "do_linesearch": true,
                    "n_layers": 5,
                    "hidden_dim": 445,
                    "l2_cls": 0.0001369771243678678,
                    "l2_ghat": 0.2570841125903543,
                    "boost_lr": 0.9106264356664396,
                    "SWIM_scale": 1.7440454190738526
                },
                {
                    "in_dim": 5,
                    "n_classes": 2,
                    "feature_type": "SWIM",
                    "upscale_type": "identity",
                    "randfeat_xt_dim": 512,
                    "randfeat_x0_dim": 512,
                    "activation": "tanh",
                    "use_batchnorm": true,
                    "do_linesearch": true,
                    "n_layers": 4,
                    "hidden_dim": 75,
                    "l2_cls": 3.317003245764456e-05,
                    "l2_ghat": 0.3361305563261056,
                    "boost_lr": 0.9623015176609072,
                    "SWIM_scale": 1.2246480635799923
                },
                {
                    "in_dim": 5,
                    "n_classes": 2,
                    "feature_type": "SWIM",
                    "upscale_type": "identity",
                    "randfeat_xt_dim": 512,
                    "randfeat_x0_dim": 512,
                    "activation": "tanh",
                    "use_batchnorm": true,
                    "do_linesearch": true,
                    "n_layers": 3,
                    "hidden_dim": 65,
                    "l2_cls": 3.859300100185433e-05,
                    "l2_ghat": 0.27558379238271746,
                    "boost_lr": 0.9092166629997284,
                    "SWIM_scale": 1.3239335807325097
                }
            ]
        }
    }
}