{
    "188": {
        "RFNN": {
            "score_train": [
                -0.8010203838348389,
                -0.7657045722007751,
                -0.7368420958518982,
                -0.7928692698478699,
                -0.7724957466125488
            ],
            "score_test": [
                -0.6418918967247009,
                -0.6530612111091614,
                -0.7074829936027527,
                -0.5782312750816345,
                -0.6734693646430969
            ],
            "t_fit": [
                0.41528325993567705,
                0.2735991240479052,
                0.19110688706859946,
                0.31643659668043256,
                0.264119862113148
            ],
            "t_inference": [
                0.004786335863173008,
                0.004971211310476065,
                0.0024610450491309166,
                0.00469170231372118,
                0.0036717820912599564
            ],
            "hyperparams": [
                {
                    "n_layers": 0,
                    "in_dim": 91,
                    "n_classes": 5,
                    "upscale_type": "SWIM",
                    "activation": "tanh",
                    "use_batchnorm": false,
                    "hidden_dim": 462,
                    "SWIM_scale": 1.5220182523700423,
                    "l2_cls": 0.002053181850389852
                },
                {
                    "n_layers": 0,
                    "in_dim": 91,
                    "n_classes": 5,
                    "upscale_type": "SWIM",
                    "activation": "tanh",
                    "use_batchnorm": false,
                    "hidden_dim": 494,
                    "SWIM_scale": 1.2628927288168392,
                    "l2_cls": 0.0037575610420207363
                },
                {
                    "n_layers": 0,
                    "in_dim": 91,
                    "n_classes": 5,
                    "upscale_type": "SWIM",
                    "activation": "tanh",
                    "use_batchnorm": false,
                    "hidden_dim": 221,
                    "SWIM_scale": 1.254825200047727,
                    "l2_cls": 0.001285166424340379
                },
                {
                    "n_layers": 0,
                    "in_dim": 91,
                    "n_classes": 5,
                    "upscale_type": "SWIM",
                    "activation": "tanh",
                    "use_batchnorm": false,
                    "hidden_dim": 462,
                    "SWIM_scale": 1.5220182523700423,
                    "l2_cls": 0.002053181850389852
                },
                {
                    "n_layers": 0,
                    "in_dim": 91,
                    "n_classes": 5,
                    "upscale_type": "SWIM",
                    "activation": "tanh",
                    "use_batchnorm": false,
                    "hidden_dim": 453,
                    "SWIM_scale": 1.204186085058577,
                    "l2_cls": 0.0015170523353009112
                }
            ]
        }
    }
}