{
    "1497": {
        "RFRBoost_ID": {
            "score_train": [
                -0.9794999957084656,
                -0.9890000224113464,
                -0.9745000004768372,
                -0.9737499952316284,
                -0.9789999723434448
            ],
            "score_test": [
                -0.9210000038146973,
                -0.9350000023841858,
                -0.9150000214576721,
                -0.9139999747276306,
                -0.9279999732971191
            ],
            "t_fit": [
                2.459931742399931,
                3.3602484203875065,
                1.3643093518912792,
                1.5668145529925823,
                3.100622482597828
            ],
            "t_inference": [
                0.2787341773509979,
                0.3966040126979351,
                0.15924354270100594,
                0.17227888107299805,
                0.3645433969795704
            ],
            "hyperparams": [
                {
                    "in_dim": 24,
                    "n_classes": 4,
                    "feature_type": "SWIM",
                    "upscale_type": "identity",
                    "randfeat_xt_dim": 512,
                    "randfeat_x0_dim": 512,
                    "activation": "tanh",
                    "use_batchnorm": true,
                    "do_linesearch": true,
                    "n_layers": 6,
                    "hidden_dim": 24,
                    "l2_cls": 0.015631360973893112,
                    "l2_ghat": 0.0014157150288083534,
                    "boost_lr": 0.45164794345645554,
                    "SWIM_scale": 1.21242634736264
                },
                {
                    "in_dim": 24,
                    "n_classes": 4,
                    "feature_type": "SWIM",
                    "upscale_type": "identity",
                    "randfeat_xt_dim": 512,
                    "randfeat_x0_dim": 512,
                    "activation": "tanh",
                    "use_batchnorm": true,
                    "do_linesearch": true,
                    "n_layers": 7,
                    "hidden_dim": 24,
                    "l2_cls": 0.04508495728400893,
                    "l2_ghat": 0.0007034615091690592,
                    "boost_lr": 0.20575857582373755,
                    "SWIM_scale": 1.7166737447348377
                },
                {
                    "in_dim": 24,
                    "n_classes": 4,
                    "feature_type": "SWIM",
                    "upscale_type": "identity",
                    "randfeat_xt_dim": 512,
                    "randfeat_x0_dim": 512,
                    "activation": "tanh",
                    "use_batchnorm": true,
                    "do_linesearch": true,
                    "n_layers": 3,
                    "hidden_dim": 24,
                    "l2_cls": 0.009968837499778607,
                    "l2_ghat": 4.526349658520723e-05,
                    "boost_lr": 0.2532994191781575,
                    "SWIM_scale": 1.1985828078834697
                },
                {
                    "in_dim": 24,
                    "n_classes": 4,
                    "feature_type": "SWIM",
                    "upscale_type": "identity",
                    "randfeat_xt_dim": 512,
                    "randfeat_x0_dim": 512,
                    "activation": "tanh",
                    "use_batchnorm": true,
                    "do_linesearch": true,
                    "n_layers": 4,
                    "hidden_dim": 24,
                    "l2_cls": 0.010743935680943817,
                    "l2_ghat": 0.0003149748276852701,
                    "boost_lr": 0.6375823148065173,
                    "SWIM_scale": 1.0723713361148304
                },
                {
                    "in_dim": 24,
                    "n_classes": 4,
                    "feature_type": "SWIM",
                    "upscale_type": "identity",
                    "randfeat_xt_dim": 512,
                    "randfeat_x0_dim": 512,
                    "activation": "tanh",
                    "use_batchnorm": true,
                    "do_linesearch": true,
                    "n_layers": 9,
                    "hidden_dim": 24,
                    "l2_cls": 0.006001880245663275,
                    "l2_ghat": 0.013652884760153255,
                    "boost_lr": 0.5108464865568155,
                    "SWIM_scale": 1.943639427337512
                }
            ]
        }
    }
}