{
    "38": {
        "RFRBoost_batchnormFalse": {
            "score_train": [
                -0.9970169067382812,
                -0.9960225224494934,
                -0.9927104115486145,
                -0.9970179200172424,
                -0.9910537004470825
            ],
            "score_test": [
                -0.9827814698219299,
                -0.9708608984947205,
                -0.9734748005867004,
                -0.9787798523902893,
                -0.9920424222946167
            ],
            "t_fit": [
                3.7739820890128613,
                1.983053334057331,
                5.2867249473929405,
                3.741132479161024,
                4.150991402566433
            ],
            "t_inference": [
                0.525378480553627,
                0.3063603304326534,
                0.738724660128355,
                0.5633921809494495,
                0.5537991523742676
            ],
            "hyperparams": [
                {
                    "in_dim": 53,
                    "n_classes": 2,
                    "feature_type": "SWIM",
                    "upscale_type": "SWIM",
                    "randfeat_xt_dim": 512,
                    "randfeat_x0_dim": 512,
                    "activation": "tanh",
                    "use_batchnorm": false,
                    "do_linesearch": true,
                    "n_layers": 8,
                    "hidden_dim": 154,
                    "l2_cls": 0.02484981183398615,
                    "l2_ghat": 0.00011909914585823779,
                    "boost_lr": 0.3013067151215744,
                    "SWIM_scale": 0.9561027374265569
                },
                {
                    "in_dim": 53,
                    "n_classes": 2,
                    "feature_type": "SWIM",
                    "upscale_type": "SWIM",
                    "randfeat_xt_dim": 512,
                    "randfeat_x0_dim": 512,
                    "activation": "tanh",
                    "use_batchnorm": false,
                    "do_linesearch": true,
                    "n_layers": 7,
                    "hidden_dim": 70,
                    "l2_cls": 0.004136175915472902,
                    "l2_ghat": 1.308299540184121e-05,
                    "boost_lr": 0.28752584025788974,
                    "SWIM_scale": 0.5563988210137902
                },
                {
                    "in_dim": 53,
                    "n_classes": 2,
                    "feature_type": "SWIM",
                    "upscale_type": "SWIM",
                    "randfeat_xt_dim": 512,
                    "randfeat_x0_dim": 512,
                    "activation": "tanh",
                    "use_batchnorm": false,
                    "do_linesearch": true,
                    "n_layers": 10,
                    "hidden_dim": 72,
                    "l2_cls": 0.00023852431738550746,
                    "l2_ghat": 0.03095143186931031,
                    "boost_lr": 0.6936408279844603,
                    "SWIM_scale": 0.9771255554768121
                },
                {
                    "in_dim": 53,
                    "n_classes": 2,
                    "feature_type": "SWIM",
                    "upscale_type": "SWIM",
                    "randfeat_xt_dim": 512,
                    "randfeat_x0_dim": 512,
                    "activation": "tanh",
                    "use_batchnorm": false,
                    "do_linesearch": true,
                    "n_layers": 7,
                    "hidden_dim": 146,
                    "l2_cls": 0.0005898935240399046,
                    "l2_ghat": 0.00037596534860398815,
                    "boost_lr": 0.2554427352939474,
                    "SWIM_scale": 1.3118453042399947
                },
                {
                    "in_dim": 53,
                    "n_classes": 2,
                    "feature_type": "SWIM",
                    "upscale_type": "SWIM",
                    "randfeat_xt_dim": 512,
                    "randfeat_x0_dim": 512,
                    "activation": "tanh",
                    "use_batchnorm": false,
                    "do_linesearch": true,
                    "n_layers": 7,
                    "hidden_dim": 48,
                    "l2_cls": 0.006304424841785155,
                    "l2_ghat": 0.00045660428061599853,
                    "boost_lr": 0.20523393393896075,
                    "SWIM_scale": 0.8731596408362388
                }
            ]
        }
    }
}