{
    "3": {
        "RFNN_iid": {
            "score_train": [
                -1.0,
                -1.0,
                -1.0,
                -1.0,
                -1.0
            ],
            "score_test": [
                -0.9906250238418579,
                -0.9890453815460205,
                -0.9937402009963989,
                -0.9953051805496216,
                -0.9953051805496216
            ],
            "t_fit": [
                1.1425905786454678,
                0.8483267463743687,
                0.9312031865119934,
                0.6549878567457199,
                0.8169882409274578
            ],
            "t_inference": [
                0.021160144358873367,
                0.02096499130129814,
                0.02308604121208191,
                0.020702939480543137,
                0.021587420254945755
            ],
            "hyperparams": [
                {
                    "n_layers": 0,
                    "in_dim": 74,
                    "n_classes": 2,
                    "upscale_type": "iid",
                    "activation": "tanh",
                    "use_batchnorm": false,
                    "hidden_dim": 509,
                    "iid_scale": 0.6910441659813689,
                    "l2_cls": 2.5710877206509215e-07
                },
                {
                    "n_layers": 0,
                    "in_dim": 74,
                    "n_classes": 2,
                    "upscale_type": "iid",
                    "activation": "tanh",
                    "use_batchnorm": false,
                    "hidden_dim": 511,
                    "iid_scale": 1.8761267542436841,
                    "l2_cls": 4.83680203385476e-07
                },
                {
                    "n_layers": 0,
                    "in_dim": 74,
                    "n_classes": 2,
                    "upscale_type": "iid",
                    "activation": "tanh",
                    "use_batchnorm": false,
                    "hidden_dim": 508,
                    "iid_scale": 1.9666294587464193,
                    "l2_cls": 1.7251349727039867e-05
                },
                {
                    "n_layers": 0,
                    "in_dim": 74,
                    "n_classes": 2,
                    "upscale_type": "iid",
                    "activation": "tanh",
                    "use_batchnorm": false,
                    "hidden_dim": 453,
                    "iid_scale": 1.2845973634382775,
                    "l2_cls": 4.85945494299772e-06
                },
                {
                    "n_layers": 0,
                    "in_dim": 74,
                    "n_classes": 2,
                    "upscale_type": "iid",
                    "activation": "tanh",
                    "use_batchnorm": false,
                    "hidden_dim": 511,
                    "iid_scale": 1.5002759136134707,
                    "l2_cls": 3.1789658104268697e-06
                }
            ]
        }
    }
}