{
    "1068": {
        "RFRBoost_ID_linesearchFalse_batchnormFalse": {
            "score_train": [
                -0.9413754343986511,
                -0.9391206502914429,
                -0.9379932284355164,
                -0.9391206502914429,
                -0.9481981992721558
            ],
            "score_test": [
                -0.9369369149208069,
                -0.9189189076423645,
                -0.9279279112815857,
                -0.9459459185600281,
                -0.918552041053772
            ],
            "t_fit": [
                0.6685951612889767,
                0.4726824723184109,
                0.4617491401731968,
                0.469726387411356,
                0.8946377784013748
            ],
            "t_inference": [
                0.05408399552106857,
                0.03987888619303703,
                0.044361662119627,
                0.035663630813360214,
                0.08190179616212845
            ],
            "hyperparams": [
                {
                    "in_dim": 21,
                    "n_classes": 2,
                    "feature_type": "SWIM",
                    "upscale_type": "identity",
                    "randfeat_xt_dim": 512,
                    "randfeat_x0_dim": 512,
                    "activation": "tanh",
                    "use_batchnorm": false,
                    "do_linesearch": false,
                    "n_layers": 4,
                    "hidden_dim": 51,
                    "l2_cls": 0.06811536285485965,
                    "l2_ghat": 0.07596091338978152,
                    "boost_lr": 0.38503876135350684,
                    "SWIM_scale": 1.264960931910939
                },
                {
                    "in_dim": 21,
                    "n_classes": 2,
                    "feature_type": "SWIM",
                    "upscale_type": "identity",
                    "randfeat_xt_dim": 512,
                    "randfeat_x0_dim": 512,
                    "activation": "tanh",
                    "use_batchnorm": false,
                    "do_linesearch": false,
                    "n_layers": 2,
                    "hidden_dim": 21,
                    "l2_cls": 0.009508489548979489,
                    "l2_ghat": 0.43061679567167105,
                    "boost_lr": 0.41489661005536227,
                    "SWIM_scale": 0.5031414170729835
                },
                {
                    "in_dim": 21,
                    "n_classes": 2,
                    "feature_type": "SWIM",
                    "upscale_type": "identity",
                    "randfeat_xt_dim": 512,
                    "randfeat_x0_dim": 512,
                    "activation": "tanh",
                    "use_batchnorm": false,
                    "do_linesearch": false,
                    "n_layers": 2,
                    "hidden_dim": 30,
                    "l2_cls": 0.06569128640939181,
                    "l2_ghat": 0.15887756931672567,
                    "boost_lr": 0.8699593128513319,
                    "SWIM_scale": 1.8159478632483854
                },
                {
                    "in_dim": 21,
                    "n_classes": 2,
                    "feature_type": "SWIM",
                    "upscale_type": "identity",
                    "randfeat_xt_dim": 512,
                    "randfeat_x0_dim": 512,
                    "activation": "tanh",
                    "use_batchnorm": false,
                    "do_linesearch": false,
                    "n_layers": 2,
                    "hidden_dim": 17,
                    "l2_cls": 0.051883129700139016,
                    "l2_ghat": 0.10201475927128521,
                    "boost_lr": 0.7673912364873949,
                    "SWIM_scale": 1.999876947486659
                },
                {
                    "in_dim": 21,
                    "n_classes": 2,
                    "feature_type": "SWIM",
                    "upscale_type": "identity",
                    "randfeat_xt_dim": 512,
                    "randfeat_x0_dim": 512,
                    "activation": "tanh",
                    "use_batchnorm": false,
                    "do_linesearch": false,
                    "n_layers": 4,
                    "hidden_dim": 118,
                    "l2_cls": 0.004448394172851872,
                    "l2_ghat": 0.4032886853568421,
                    "boost_lr": 0.39428504405839354,
                    "SWIM_scale": 1.3712712186728175
                }
            ]
        }
    }
}