{
    "4538": {
        "RFRBoost_linesearchFalse_batchnormFalse": {
            "score_train": [
                -0.6637499928474426,
                -0.656000018119812,
                -0.6690000295639038,
                -0.6582499742507935,
                -0.6312500238418579
            ],
            "score_test": [
                -0.5640000104904175,
                -0.578000009059906,
                -0.5550000071525574,
                -0.5400000214576721,
                -0.5080000162124634
            ],
            "t_fit": [
                5.278676776215434,
                3.4578507095575333,
                6.389744736254215,
                5.695699358358979,
                7.071282623335719
            ],
            "t_inference": [
                0.7707928493618965,
                0.47082553058862686,
                1.157262396067381,
                0.9437122959643602,
                1.0718016400933266
            ],
            "hyperparams": [
                {
                    "in_dim": 32,
                    "n_classes": 5,
                    "feature_type": "SWIM",
                    "upscale_type": "SWIM",
                    "randfeat_xt_dim": 512,
                    "randfeat_x0_dim": 512,
                    "activation": "tanh",
                    "use_batchnorm": false,
                    "do_linesearch": false,
                    "n_layers": 3,
                    "hidden_dim": 434,
                    "l2_cls": 0.027483348022115023,
                    "l2_ghat": 0.00010694474087954705,
                    "boost_lr": 0.31467855199878303,
                    "SWIM_scale": 1.2282834750620615
                },
                {
                    "in_dim": 32,
                    "n_classes": 5,
                    "feature_type": "SWIM",
                    "upscale_type": "SWIM",
                    "randfeat_xt_dim": 512,
                    "randfeat_x0_dim": 512,
                    "activation": "tanh",
                    "use_batchnorm": false,
                    "do_linesearch": false,
                    "n_layers": 4,
                    "hidden_dim": 169,
                    "l2_cls": 0.006825128877278455,
                    "l2_ghat": 0.002122300783559172,
                    "boost_lr": 0.35775923444658375,
                    "SWIM_scale": 0.9419489870672885
                },
                {
                    "in_dim": 32,
                    "n_classes": 5,
                    "feature_type": "SWIM",
                    "upscale_type": "SWIM",
                    "randfeat_xt_dim": 512,
                    "randfeat_x0_dim": 512,
                    "activation": "tanh",
                    "use_batchnorm": false,
                    "do_linesearch": false,
                    "n_layers": 5,
                    "hidden_dim": 489,
                    "l2_cls": 0.028158979896385803,
                    "l2_ghat": 0.00757467495509777,
                    "boost_lr": 0.7184658565294012,
                    "SWIM_scale": 1.0038082875164007
                },
                {
                    "in_dim": 32,
                    "n_classes": 5,
                    "feature_type": "SWIM",
                    "upscale_type": "SWIM",
                    "randfeat_xt_dim": 512,
                    "randfeat_x0_dim": 512,
                    "activation": "tanh",
                    "use_batchnorm": false,
                    "do_linesearch": false,
                    "n_layers": 4,
                    "hidden_dim": 508,
                    "l2_cls": 0.026364484392830578,
                    "l2_ghat": 0.00022432965879735166,
                    "boost_lr": 0.3344405050470536,
                    "SWIM_scale": 0.9060670866653785
                },
                {
                    "in_dim": 32,
                    "n_classes": 5,
                    "feature_type": "SWIM",
                    "upscale_type": "SWIM",
                    "randfeat_xt_dim": 512,
                    "randfeat_x0_dim": 512,
                    "activation": "tanh",
                    "use_batchnorm": false,
                    "do_linesearch": false,
                    "n_layers": 5,
                    "hidden_dim": 423,
                    "l2_cls": 0.004668141094013763,
                    "l2_ghat": 0.03955088786848627,
                    "boost_lr": 0.7628811133742189,
                    "SWIM_scale": 0.5025048790032507
                }
            ]
        }
    }
}