{
    "182": {
        "RFRBoost_ID_linesearchFalse": {
            "score_train": [
                -0.9272500276565552,
                -0.9537500143051147,
                -0.9589999914169312,
                -0.9599999785423279,
                -0.949999988079071
            ],
            "score_test": [
                -0.9089999794960022,
                -0.9079999923706055,
                -0.9020000100135803,
                -0.925000011920929,
                -0.9169999957084656
            ],
            "t_fit": [
                3.846733808517456,
                0.9103522337973118,
                2.699720110744238,
                2.4466810300946236,
                1.1628550328314304
            ],
            "t_inference": [
                0.42324769869446754,
                0.08777681365609169,
                0.42535946890711784,
                0.3295467682182789,
                0.09658604860305786
            ],
            "hyperparams": [
                {
                    "in_dim": 36,
                    "n_classes": 6,
                    "feature_type": "SWIM",
                    "upscale_type": "identity",
                    "randfeat_xt_dim": 512,
                    "randfeat_x0_dim": 512,
                    "activation": "tanh",
                    "use_batchnorm": true,
                    "do_linesearch": false,
                    "n_layers": 4,
                    "hidden_dim": 37,
                    "l2_cls": 0.0001941437566659805,
                    "l2_ghat": 0.011931827952959285,
                    "boost_lr": 0.734014740229523,
                    "SWIM_scale": 0.8351109975164064
                },
                {
                    "in_dim": 36,
                    "n_classes": 6,
                    "feature_type": "SWIM",
                    "upscale_type": "identity",
                    "randfeat_xt_dim": 512,
                    "randfeat_x0_dim": 512,
                    "activation": "tanh",
                    "use_batchnorm": true,
                    "do_linesearch": false,
                    "n_layers": 1,
                    "hidden_dim": 230,
                    "l2_cls": 0.0007134903525253866,
                    "l2_ghat": 5.4561924947119715e-06,
                    "boost_lr": 0.7563363793924966,
                    "SWIM_scale": 1.3824027552838984
                },
                {
                    "in_dim": 36,
                    "n_classes": 6,
                    "feature_type": "SWIM",
                    "upscale_type": "identity",
                    "randfeat_xt_dim": 512,
                    "randfeat_x0_dim": 512,
                    "activation": "tanh",
                    "use_batchnorm": true,
                    "do_linesearch": false,
                    "n_layers": 4,
                    "hidden_dim": 160,
                    "l2_cls": 0.016823067394957567,
                    "l2_ghat": 0.0007086585647322325,
                    "boost_lr": 0.9309558585546212,
                    "SWIM_scale": 1.8550746014494515
                },
                {
                    "in_dim": 36,
                    "n_classes": 6,
                    "feature_type": "SWIM",
                    "upscale_type": "identity",
                    "randfeat_xt_dim": 512,
                    "randfeat_x0_dim": 512,
                    "activation": "tanh",
                    "use_batchnorm": true,
                    "do_linesearch": false,
                    "n_layers": 3,
                    "hidden_dim": 448,
                    "l2_cls": 0.0020474361408843364,
                    "l2_ghat": 0.0007204778988589438,
                    "boost_lr": 0.9067557937259194,
                    "SWIM_scale": 1.6875127401223218
                },
                {
                    "in_dim": 36,
                    "n_classes": 6,
                    "feature_type": "SWIM",
                    "upscale_type": "identity",
                    "randfeat_xt_dim": 512,
                    "randfeat_x0_dim": 512,
                    "activation": "tanh",
                    "use_batchnorm": true,
                    "do_linesearch": false,
                    "n_layers": 1,
                    "hidden_dim": 227,
                    "l2_cls": 0.00046054530271056465,
                    "l2_ghat": 4.447140817453968e-05,
                    "boost_lr": 0.5549105376514331,
                    "SWIM_scale": 1.854738017378638
                }
            ]
        }
    }
}