{
    "32": {
        "RFRBoost_upscaleiid": {
            "score_train": [
                -0.999750018119812,
                -0.999750018119812,
                -0.999750018119812,
                -0.9992499947547913,
                -0.9982500076293945
            ],
            "score_test": [
                -0.9900000095367432,
                -0.9869999885559082,
                -0.9950000047683716,
                -0.9940000176429749,
                -0.9929999709129333
            ],
            "t_fit": [
                2.366290830075741,
                20.600079767405987,
                5.174831531941891,
                1.060865767300129,
                0.9865116328001022
            ],
            "t_inference": [
                0.24758291244506836,
                1.782936193048954,
                0.4447798430919647,
                0.10663532465696335,
                0.1355174109339714
            ],
            "hyperparams": [
                {
                    "in_dim": 16,
                    "n_classes": 10,
                    "feature_type": "SWIM",
                    "upscale_type": "iid",
                    "randfeat_xt_dim": 512,
                    "randfeat_x0_dim": 512,
                    "activation": "tanh",
                    "use_batchnorm": true,
                    "do_linesearch": true,
                    "n_layers": 4,
                    "hidden_dim": 55,
                    "l2_cls": 0.007970155266604101,
                    "l2_ghat": 4.7742932021547536e-05,
                    "boost_lr": 0.4350598587917534,
                    "SWIM_scale": 1.072988902886649
                },
                {
                    "in_dim": 16,
                    "n_classes": 10,
                    "feature_type": "SWIM",
                    "upscale_type": "iid",
                    "randfeat_xt_dim": 512,
                    "randfeat_x0_dim": 512,
                    "activation": "tanh",
                    "use_batchnorm": true,
                    "do_linesearch": true,
                    "n_layers": 9,
                    "hidden_dim": 500,
                    "l2_cls": 0.001147430067538907,
                    "l2_ghat": 5.650124023455721e-05,
                    "boost_lr": 0.19322524553505369,
                    "SWIM_scale": 1.207824181384829
                },
                {
                    "in_dim": 16,
                    "n_classes": 10,
                    "feature_type": "SWIM",
                    "upscale_type": "iid",
                    "randfeat_xt_dim": 512,
                    "randfeat_x0_dim": 512,
                    "activation": "tanh",
                    "use_batchnorm": true,
                    "do_linesearch": true,
                    "n_layers": 9,
                    "hidden_dim": 32,
                    "l2_cls": 0.0025934136731450915,
                    "l2_ghat": 0.00026051368262824324,
                    "boost_lr": 0.2152482042282581,
                    "SWIM_scale": 0.6288335781258619
                },
                {
                    "in_dim": 16,
                    "n_classes": 10,
                    "feature_type": "SWIM",
                    "upscale_type": "iid",
                    "randfeat_xt_dim": 512,
                    "randfeat_x0_dim": 512,
                    "activation": "tanh",
                    "use_batchnorm": true,
                    "do_linesearch": true,
                    "n_layers": 2,
                    "hidden_dim": 45,
                    "l2_cls": 0.009580319182301506,
                    "l2_ghat": 4.269910003339735e-05,
                    "boost_lr": 0.25174216896633783,
                    "SWIM_scale": 0.9810350213846069
                },
                {
                    "in_dim": 16,
                    "n_classes": 10,
                    "feature_type": "SWIM",
                    "upscale_type": "iid",
                    "randfeat_xt_dim": 512,
                    "randfeat_x0_dim": 512,
                    "activation": "tanh",
                    "use_batchnorm": true,
                    "do_linesearch": true,
                    "n_layers": 2,
                    "hidden_dim": 55,
                    "l2_cls": 0.17668154793647292,
                    "l2_ghat": 8.411321972252087e-05,
                    "boost_lr": 0.40886536183989214,
                    "SWIM_scale": 0.8544686430119498
                }
            ]
        }
    }
}