{
    "16": {
        "RFRBoost_upscaleiid_linesearchFalse": {
            "score_train": [
                -1.0,
                -1.0,
                -1.0,
                -0.9956250190734863,
                -1.0
            ],
            "score_test": [
                -0.9775000214576721,
                -0.9700000286102295,
                -0.9775000214576721,
                -0.9549999833106995,
                -0.9725000262260437
            ],
            "t_fit": [
                8.75348699092865,
                4.503117993474007,
                2.9250253438949585,
                4.486331436783075,
                3.870818331837654
            ],
            "t_inference": [
                1.2623730450868607,
                0.6357894204556942,
                0.3271045610308647,
                0.701568279415369,
                0.4232247471809387
            ],
            "hyperparams": [
                {
                    "in_dim": 64,
                    "n_classes": 10,
                    "feature_type": "SWIM",
                    "upscale_type": "iid",
                    "randfeat_xt_dim": 512,
                    "randfeat_x0_dim": 512,
                    "activation": "tanh",
                    "use_batchnorm": true,
                    "do_linesearch": false,
                    "n_layers": 10,
                    "hidden_dim": 437,
                    "l2_cls": 0.002323799983803214,
                    "l2_ghat": 0.0013151126564834462,
                    "boost_lr": 0.7082975885817376,
                    "SWIM_scale": 1.5142312964959843
                },
                {
                    "in_dim": 64,
                    "n_classes": 10,
                    "feature_type": "SWIM",
                    "upscale_type": "iid",
                    "randfeat_xt_dim": 512,
                    "randfeat_x0_dim": 512,
                    "activation": "tanh",
                    "use_batchnorm": true,
                    "do_linesearch": false,
                    "n_layers": 9,
                    "hidden_dim": 193,
                    "l2_cls": 0.002775580849219055,
                    "l2_ghat": 0.0004467646510877526,
                    "boost_lr": 0.4167313233754527,
                    "SWIM_scale": 1.9606037907070009
                },
                {
                    "in_dim": 64,
                    "n_classes": 10,
                    "feature_type": "SWIM",
                    "upscale_type": "iid",
                    "randfeat_xt_dim": 512,
                    "randfeat_x0_dim": 512,
                    "activation": "tanh",
                    "use_batchnorm": true,
                    "do_linesearch": false,
                    "n_layers": 8,
                    "hidden_dim": 124,
                    "l2_cls": 0.006431396634341753,
                    "l2_ghat": 0.00024000308656124762,
                    "boost_lr": 0.2947661090221699,
                    "SWIM_scale": 1.5837973848687183
                },
                {
                    "in_dim": 64,
                    "n_classes": 10,
                    "feature_type": "SWIM",
                    "upscale_type": "iid",
                    "randfeat_xt_dim": 512,
                    "randfeat_x0_dim": 512,
                    "activation": "tanh",
                    "use_batchnorm": true,
                    "do_linesearch": false,
                    "n_layers": 9,
                    "hidden_dim": 329,
                    "l2_cls": 0.10626751016345114,
                    "l2_ghat": 0.005692218640731354,
                    "boost_lr": 0.5537405395288929,
                    "SWIM_scale": 1.4506813907365013
                },
                {
                    "in_dim": 64,
                    "n_classes": 10,
                    "feature_type": "SWIM",
                    "upscale_type": "iid",
                    "randfeat_xt_dim": 512,
                    "randfeat_x0_dim": 512,
                    "activation": "tanh",
                    "use_batchnorm": true,
                    "do_linesearch": false,
                    "n_layers": 8,
                    "hidden_dim": 119,
                    "l2_cls": 0.00017771761902445296,
                    "l2_ghat": 0.0011123067745519295,
                    "boost_lr": 0.9223508354797141,
                    "SWIM_scale": 1.9482965904960514
                }
            ]
        }
    }
}