{
    "1461": {
        "RFRBoost_linesearchFalse": {
            "score_train": [
                -0.9047499895095825,
                -0.9070000052452087,
                -0.9022499918937683,
                -0.9067500233650208,
                -0.9047499895095825
            ],
            "score_test": [
                -0.9010000228881836,
                -0.8880000114440918,
                -0.9079999923706055,
                -0.8939999938011169,
                -0.9120000004768372
            ],
            "t_fit": [
                3.52208698913455,
                3.4985497519373894,
                1.374390136450529,
                1.95624515786767,
                5.753633387386799
            ],
            "t_inference": [
                0.5411069914698601,
                0.49011174589395523,
                0.1282932125031948,
                0.2438906729221344,
                0.6194941066205502
            ],
            "hyperparams": [
                {
                    "in_dim": 51,
                    "n_classes": 2,
                    "feature_type": "SWIM",
                    "upscale_type": "SWIM",
                    "randfeat_xt_dim": 512,
                    "randfeat_x0_dim": 512,
                    "activation": "tanh",
                    "use_batchnorm": true,
                    "do_linesearch": false,
                    "n_layers": 5,
                    "hidden_dim": 51,
                    "l2_cls": 0.0013155561421145812,
                    "l2_ghat": 0.7950772069407462,
                    "boost_lr": 0.2144079954452384,
                    "SWIM_scale": 0.6647572017673647
                },
                {
                    "in_dim": 51,
                    "n_classes": 2,
                    "feature_type": "SWIM",
                    "upscale_type": "SWIM",
                    "randfeat_xt_dim": 512,
                    "randfeat_x0_dim": 512,
                    "activation": "tanh",
                    "use_batchnorm": true,
                    "do_linesearch": false,
                    "n_layers": 4,
                    "hidden_dim": 51,
                    "l2_cls": 2.4886347635961623e-07,
                    "l2_ghat": 7.922990219334607,
                    "boost_lr": 0.6974371304207194,
                    "SWIM_scale": 1.8226987022459162
                },
                {
                    "in_dim": 51,
                    "n_classes": 2,
                    "feature_type": "SWIM",
                    "upscale_type": "SWIM",
                    "randfeat_xt_dim": 512,
                    "randfeat_x0_dim": 512,
                    "activation": "tanh",
                    "use_batchnorm": true,
                    "do_linesearch": false,
                    "n_layers": 1,
                    "hidden_dim": 51,
                    "l2_cls": 2.203728112525835e-05,
                    "l2_ghat": 0.6305724710870159,
                    "boost_lr": 0.11630897612358307,
                    "SWIM_scale": 0.28686964613976784
                },
                {
                    "in_dim": 51,
                    "n_classes": 2,
                    "feature_type": "SWIM",
                    "upscale_type": "SWIM",
                    "randfeat_xt_dim": 512,
                    "randfeat_x0_dim": 512,
                    "activation": "tanh",
                    "use_batchnorm": true,
                    "do_linesearch": false,
                    "n_layers": 2,
                    "hidden_dim": 51,
                    "l2_cls": 3.059652631256965e-05,
                    "l2_ghat": 0.07059779414131453,
                    "boost_lr": 0.21678466458944168,
                    "SWIM_scale": 0.4470963153386131
                },
                {
                    "in_dim": 51,
                    "n_classes": 2,
                    "feature_type": "SWIM",
                    "upscale_type": "SWIM",
                    "randfeat_xt_dim": 512,
                    "randfeat_x0_dim": 512,
                    "activation": "tanh",
                    "use_batchnorm": true,
                    "do_linesearch": false,
                    "n_layers": 5,
                    "hidden_dim": 51,
                    "l2_cls": 2.43417275781847e-07,
                    "l2_ghat": 0.259997484274398,
                    "boost_lr": 0.1562888260791894,
                    "SWIM_scale": 1.0553641025364195
                }
            ]
        }
    }
}