{
    "40701": {
        "RFRBoost_upscaleiid": {
            "score_train": [
                -0.9612500071525574,
                -0.9607499837875366,
                -0.971750020980835,
                -0.9704999923706055,
                -0.9704999923706055
            ],
            "score_test": [
                -0.9369999766349792,
                -0.9359999895095825,
                -0.9139999747276306,
                -0.9179999828338623,
                -0.9350000023841858
            ],
            "t_fit": [
                0.7799980398267508,
                1.2944657653570175,
                1.1169762276113033,
                1.294217262417078,
                0.5197637099772692
            ],
            "t_inference": [
                0.13513623550534248,
                0.21137173473834991,
                0.17195073701441288,
                0.22394620068371296,
                0.08559419587254524
            ],
            "hyperparams": [
                {
                    "in_dim": 33,
                    "n_classes": 2,
                    "feature_type": "SWIM",
                    "upscale_type": "iid",
                    "randfeat_xt_dim": 512,
                    "randfeat_x0_dim": 512,
                    "activation": "tanh",
                    "use_batchnorm": true,
                    "do_linesearch": true,
                    "n_layers": 3,
                    "hidden_dim": 33,
                    "l2_cls": 0.015722501512072603,
                    "l2_ghat": 0.004061951418437536,
                    "boost_lr": 0.28751706720934395,
                    "SWIM_scale": 1.3981852299246524
                },
                {
                    "in_dim": 33,
                    "n_classes": 2,
                    "feature_type": "SWIM",
                    "upscale_type": "iid",
                    "randfeat_xt_dim": 512,
                    "randfeat_x0_dim": 512,
                    "activation": "tanh",
                    "use_batchnorm": true,
                    "do_linesearch": true,
                    "n_layers": 5,
                    "hidden_dim": 33,
                    "l2_cls": 0.09579231160605886,
                    "l2_ghat": 0.011799490106964097,
                    "boost_lr": 0.23770906765636549,
                    "SWIM_scale": 1.5956123853393813
                },
                {
                    "in_dim": 33,
                    "n_classes": 2,
                    "feature_type": "SWIM",
                    "upscale_type": "iid",
                    "randfeat_xt_dim": 512,
                    "randfeat_x0_dim": 512,
                    "activation": "tanh",
                    "use_batchnorm": true,
                    "do_linesearch": true,
                    "n_layers": 4,
                    "hidden_dim": 33,
                    "l2_cls": 0.0027793121166039252,
                    "l2_ghat": 0.00023706829811289854,
                    "boost_lr": 0.24169709817456106,
                    "SWIM_scale": 0.884979557356676
                },
                {
                    "in_dim": 33,
                    "n_classes": 2,
                    "feature_type": "SWIM",
                    "upscale_type": "iid",
                    "randfeat_xt_dim": 512,
                    "randfeat_x0_dim": 512,
                    "activation": "tanh",
                    "use_batchnorm": true,
                    "do_linesearch": true,
                    "n_layers": 5,
                    "hidden_dim": 33,
                    "l2_cls": 0.024169686317590287,
                    "l2_ghat": 7.593260892917254e-07,
                    "boost_lr": 0.17936888509468402,
                    "SWIM_scale": 0.30645144691989373
                },
                {
                    "in_dim": 33,
                    "n_classes": 2,
                    "feature_type": "SWIM",
                    "upscale_type": "iid",
                    "randfeat_xt_dim": 512,
                    "randfeat_x0_dim": 512,
                    "activation": "tanh",
                    "use_batchnorm": true,
                    "do_linesearch": true,
                    "n_layers": 2,
                    "hidden_dim": 33,
                    "l2_cls": 0.09877236042742542,
                    "l2_ghat": 6.158212504966442e-05,
                    "boost_lr": 0.41324301224462445,
                    "SWIM_scale": 0.8336311482669396
                }
            ]
        }
    }
}