{
    "31": {
        "RFRBoost_linesearchFalse_batchnormFalse": {
            "score_train": [
                -0.7862499952316284,
                -0.7862499952316284,
                -0.8324999809265137,
                -0.7762500047683716,
                -0.8050000071525574
            ],
            "score_test": [
                -0.7250000238418579,
                -0.7400000095367432,
                -0.7549999952316284,
                -0.7950000166893005,
                -0.7900000214576721
            ],
            "t_fit": [
                0.598149798810482,
                0.4229465052485466,
                0.3149651475250721,
                1.91964815184474,
                0.847727507352829
            ],
            "t_inference": [
                0.05676746368408203,
                0.04958707094192505,
                0.021056856960058212,
                0.23158109933137894,
                0.08323286101222038
            ],
            "hyperparams": [
                {
                    "in_dim": 63,
                    "n_classes": 2,
                    "feature_type": "SWIM",
                    "upscale_type": "SWIM",
                    "randfeat_xt_dim": 512,
                    "randfeat_x0_dim": 512,
                    "activation": "tanh",
                    "use_batchnorm": false,
                    "do_linesearch": false,
                    "n_layers": 1,
                    "hidden_dim": 321,
                    "l2_cls": 0.040428727350273294,
                    "l2_ghat": 0.1771884735480681,
                    "boost_lr": 0.10485387725194621,
                    "SWIM_scale": 1.94734224128349
                },
                {
                    "in_dim": 63,
                    "n_classes": 2,
                    "feature_type": "SWIM",
                    "upscale_type": "SWIM",
                    "randfeat_xt_dim": 512,
                    "randfeat_x0_dim": 512,
                    "activation": "tanh",
                    "use_batchnorm": false,
                    "do_linesearch": false,
                    "n_layers": 3,
                    "hidden_dim": 143,
                    "l2_cls": 0.0008242080248114252,
                    "l2_ghat": 0.2870041965560436,
                    "boost_lr": 0.1866129932391746,
                    "SWIM_scale": 0.7331566135707536
                },
                {
                    "in_dim": 63,
                    "n_classes": 2,
                    "feature_type": "SWIM",
                    "upscale_type": "SWIM",
                    "randfeat_xt_dim": 512,
                    "randfeat_x0_dim": 512,
                    "activation": "tanh",
                    "use_batchnorm": false,
                    "do_linesearch": false,
                    "n_layers": 1,
                    "hidden_dim": 48,
                    "l2_cls": 0.0046821212292704525,
                    "l2_ghat": 0.0001679182572178046,
                    "boost_lr": 0.12829535644894297,
                    "SWIM_scale": 1.0184648277135053
                },
                {
                    "in_dim": 63,
                    "n_classes": 2,
                    "feature_type": "SWIM",
                    "upscale_type": "SWIM",
                    "randfeat_xt_dim": 512,
                    "randfeat_x0_dim": 512,
                    "activation": "tanh",
                    "use_batchnorm": false,
                    "do_linesearch": false,
                    "n_layers": 10,
                    "hidden_dim": 281,
                    "l2_cls": 0.02676214073371838,
                    "l2_ghat": 2.233886421383687,
                    "boost_lr": 0.1318874284061597,
                    "SWIM_scale": 1.8309239631086267
                },
                {
                    "in_dim": 63,
                    "n_classes": 2,
                    "feature_type": "SWIM",
                    "upscale_type": "SWIM",
                    "randfeat_xt_dim": 512,
                    "randfeat_x0_dim": 512,
                    "activation": "tanh",
                    "use_batchnorm": false,
                    "do_linesearch": false,
                    "n_layers": 5,
                    "hidden_dim": 133,
                    "l2_cls": 0.007542993014994776,
                    "l2_ghat": 0.13751142401969327,
                    "boost_lr": 0.16655827183188043,
                    "SWIM_scale": 1.7843282856288603
                }
            ]
        }
    }
}