{
    "23": {
        "RFRBoost_upscaleiid_batchnormFalse": {
            "score_train": [
                -0.5704584121704102,
                -0.5857385396957397,
                -0.5806451439857483,
                -0.5869380831718445,
                -0.5810008645057678
            ],
            "score_test": [
                -0.5355932116508484,
                -0.498305082321167,
                -0.5661016702651978,
                -0.5510203838348389,
                -0.5884353518486023
            ],
            "t_fit": [
                0.15495198592543602,
                0.4337453469634056,
                0.1706247217953205,
                0.8025152832269669,
                0.5237998217344284
            ],
            "t_inference": [
                0.012692615389823914,
                0.040746740996837616,
                0.013141028583049774,
                0.06635447591543198,
                0.03708108887076378
            ],
            "hyperparams": [
                {
                    "in_dim": 24,
                    "n_classes": 3,
                    "feature_type": "SWIM",
                    "upscale_type": "iid",
                    "randfeat_xt_dim": 512,
                    "randfeat_x0_dim": 512,
                    "activation": "tanh",
                    "use_batchnorm": false,
                    "do_linesearch": true,
                    "n_layers": 1,
                    "hidden_dim": 24,
                    "l2_cls": 0.0506157688875231,
                    "l2_ghat": 0.0717714192799201,
                    "boost_lr": 0.3968793330444371,
                    "SWIM_scale": 0.5230326207742639
                },
                {
                    "in_dim": 24,
                    "n_classes": 3,
                    "feature_type": "SWIM",
                    "upscale_type": "iid",
                    "randfeat_xt_dim": 512,
                    "randfeat_x0_dim": 512,
                    "activation": "tanh",
                    "use_batchnorm": false,
                    "do_linesearch": true,
                    "n_layers": 3,
                    "hidden_dim": 24,
                    "l2_cls": 0.09922210859886425,
                    "l2_ghat": 0.18914145482909783,
                    "boost_lr": 0.2934558378215945,
                    "SWIM_scale": 0.36649965530247974
                },
                {
                    "in_dim": 24,
                    "n_classes": 3,
                    "feature_type": "SWIM",
                    "upscale_type": "iid",
                    "randfeat_xt_dim": 512,
                    "randfeat_x0_dim": 512,
                    "activation": "tanh",
                    "use_batchnorm": false,
                    "do_linesearch": true,
                    "n_layers": 1,
                    "hidden_dim": 24,
                    "l2_cls": 0.04116378558295893,
                    "l2_ghat": 0.24256297653370287,
                    "boost_lr": 0.4141604468685071,
                    "SWIM_scale": 1.1289204822277725
                },
                {
                    "in_dim": 24,
                    "n_classes": 3,
                    "feature_type": "SWIM",
                    "upscale_type": "iid",
                    "randfeat_xt_dim": 512,
                    "randfeat_x0_dim": 512,
                    "activation": "tanh",
                    "use_batchnorm": false,
                    "do_linesearch": true,
                    "n_layers": 5,
                    "hidden_dim": 24,
                    "l2_cls": 0.0346588932286617,
                    "l2_ghat": 0.29720870050317205,
                    "boost_lr": 0.4769171754567528,
                    "SWIM_scale": 0.5244720598807149
                },
                {
                    "in_dim": 24,
                    "n_classes": 3,
                    "feature_type": "SWIM",
                    "upscale_type": "iid",
                    "randfeat_xt_dim": 512,
                    "randfeat_x0_dim": 512,
                    "activation": "tanh",
                    "use_batchnorm": false,
                    "do_linesearch": true,
                    "n_layers": 3,
                    "hidden_dim": 24,
                    "l2_cls": 0.0018973483106901712,
                    "l2_ghat": 0.08261556305691868,
                    "boost_lr": 0.49868772387234594,
                    "SWIM_scale": 0.35272248586824706
                }
            ]
        }
    }
}