{
    "6332": {
        "RFRBoost_batchnormFalse": {
            "score_train": [
                -0.9120370149612427,
                -1.0,
                -0.9976851940155029,
                -0.9212962985038757,
                -0.9976851940155029
            ],
            "score_test": [
                -0.8055555820465088,
                -0.7407407164573669,
                -0.8611111044883728,
                -0.7407407164573669,
                -0.8148148059844971
            ],
            "t_fit": [
                4.4083813689649105,
                10.204043962061405,
                1.3631829768419266,
                0.9622485265135765,
                2.6227992847561836
            ],
            "t_inference": [
                0.09627539664506912,
                0.0958661288022995,
                0.07448886707425117,
                0.046290572732686996,
                0.09072969108819962
            ],
            "hyperparams": [
                {
                    "in_dim": 173,
                    "n_classes": 2,
                    "feature_type": "SWIM",
                    "upscale_type": "SWIM",
                    "randfeat_xt_dim": 512,
                    "randfeat_x0_dim": 512,
                    "activation": "tanh",
                    "use_batchnorm": false,
                    "do_linesearch": true,
                    "n_layers": 3,
                    "hidden_dim": 173,
                    "l2_cls": 1.5777663630582458e-06,
                    "l2_ghat": 0.0012997969313168253,
                    "boost_lr": 0.3912141628549695,
                    "SWIM_scale": 0.331288222259996
                },
                {
                    "in_dim": 173,
                    "n_classes": 2,
                    "feature_type": "SWIM",
                    "upscale_type": "SWIM",
                    "randfeat_xt_dim": 512,
                    "randfeat_x0_dim": 512,
                    "activation": "tanh",
                    "use_batchnorm": false,
                    "do_linesearch": true,
                    "n_layers": 5,
                    "hidden_dim": 173,
                    "l2_cls": 4.981045190471494e-07,
                    "l2_ghat": 1.3428205405686782e-05,
                    "boost_lr": 0.12019254683244,
                    "SWIM_scale": 0.9462033756412698
                },
                {
                    "in_dim": 173,
                    "n_classes": 2,
                    "feature_type": "SWIM",
                    "upscale_type": "SWIM",
                    "randfeat_xt_dim": 512,
                    "randfeat_x0_dim": 512,
                    "activation": "tanh",
                    "use_batchnorm": false,
                    "do_linesearch": true,
                    "n_layers": 4,
                    "hidden_dim": 173,
                    "l2_cls": 0.000227474074954236,
                    "l2_ghat": 0.0010300496994405395,
                    "boost_lr": 0.12911147190079666,
                    "SWIM_scale": 1.1571249728137418
                },
                {
                    "in_dim": 173,
                    "n_classes": 2,
                    "feature_type": "SWIM",
                    "upscale_type": "SWIM",
                    "randfeat_xt_dim": 512,
                    "randfeat_x0_dim": 512,
                    "activation": "tanh",
                    "use_batchnorm": false,
                    "do_linesearch": true,
                    "n_layers": 2,
                    "hidden_dim": 173,
                    "l2_cls": 4.491819101894868e-05,
                    "l2_ghat": 0.0036545454835062805,
                    "boost_lr": 0.5182994100358573,
                    "SWIM_scale": 0.6351328327811648
                },
                {
                    "in_dim": 173,
                    "n_classes": 2,
                    "feature_type": "SWIM",
                    "upscale_type": "SWIM",
                    "randfeat_xt_dim": 512,
                    "randfeat_x0_dim": 512,
                    "activation": "tanh",
                    "use_batchnorm": false,
                    "do_linesearch": true,
                    "n_layers": 4,
                    "hidden_dim": 173,
                    "l2_cls": 0.00018628500673528205,
                    "l2_ghat": 0.0006518478364997176,
                    "boost_lr": 0.11333237499991917,
                    "SWIM_scale": 1.5803030153802577
                }
            ]
        }
    }
}