{
    "40966": {
        "RFRBoost_upscaleiid_linesearchFalse": {
            "score_train": [
                -1.0,
                -1.0,
                -1.0,
                -1.0,
                -1.0
            ],
            "score_test": [
                -1.0,
                -1.0,
                -1.0,
                -0.9953703880310059,
                -1.0
            ],
            "t_fit": [
                0.5925000049173832,
                1.28700041025877,
                1.3348717503249645,
                0.7185930982232094,
                0.8911912478506565
            ],
            "t_inference": [
                0.05263949930667877,
                0.08236895874142647,
                0.0856669507920742,
                0.06084989383816719,
                0.06740488111972809
            ],
            "hyperparams": [
                {
                    "in_dim": 77,
                    "n_classes": 8,
                    "feature_type": "SWIM",
                    "upscale_type": "iid",
                    "randfeat_xt_dim": 512,
                    "randfeat_x0_dim": 512,
                    "activation": "tanh",
                    "use_batchnorm": true,
                    "do_linesearch": false,
                    "n_layers": 4,
                    "hidden_dim": 77,
                    "l2_cls": 0.0019517815257576914,
                    "l2_ghat": 1.0440218097409776e-05,
                    "boost_lr": 0.383755536029707,
                    "SWIM_scale": 0.648983012644355
                },
                {
                    "in_dim": 77,
                    "n_classes": 8,
                    "feature_type": "SWIM",
                    "upscale_type": "iid",
                    "randfeat_xt_dim": 512,
                    "randfeat_x0_dim": 512,
                    "activation": "tanh",
                    "use_batchnorm": true,
                    "do_linesearch": false,
                    "n_layers": 4,
                    "hidden_dim": 77,
                    "l2_cls": 1.035526394035649e-05,
                    "l2_ghat": 0.00022832476411821807,
                    "boost_lr": 0.2128067119146172,
                    "SWIM_scale": 0.8672394354667825
                },
                {
                    "in_dim": 77,
                    "n_classes": 8,
                    "feature_type": "SWIM",
                    "upscale_type": "iid",
                    "randfeat_xt_dim": 512,
                    "randfeat_x0_dim": 512,
                    "activation": "tanh",
                    "use_batchnorm": true,
                    "do_linesearch": false,
                    "n_layers": 5,
                    "hidden_dim": 77,
                    "l2_cls": 1.0863833419456783e-07,
                    "l2_ghat": 1.1380793078628729e-05,
                    "boost_lr": 0.10422259339479667,
                    "SWIM_scale": 1.2398229086924557
                },
                {
                    "in_dim": 77,
                    "n_classes": 8,
                    "feature_type": "SWIM",
                    "upscale_type": "iid",
                    "randfeat_xt_dim": 512,
                    "randfeat_x0_dim": 512,
                    "activation": "tanh",
                    "use_batchnorm": true,
                    "do_linesearch": false,
                    "n_layers": 4,
                    "hidden_dim": 77,
                    "l2_cls": 0.0018796339218850743,
                    "l2_ghat": 3.49620566400677e-05,
                    "boost_lr": 0.23911823836113516,
                    "SWIM_scale": 0.9485333547473173
                },
                {
                    "in_dim": 77,
                    "n_classes": 8,
                    "feature_type": "SWIM",
                    "upscale_type": "iid",
                    "randfeat_xt_dim": 512,
                    "randfeat_x0_dim": 512,
                    "activation": "tanh",
                    "use_batchnorm": true,
                    "do_linesearch": false,
                    "n_layers": 4,
                    "hidden_dim": 77,
                    "l2_cls": 0.0005156152468682352,
                    "l2_ghat": 7.930199752381245e-06,
                    "boost_lr": 0.2128067119146172,
                    "SWIM_scale": 0.6372396733822583
                }
            ]
        }
    }
}