{
    "1480": {
        "RFNN": {
            "score_train": [
                -0.7360514998435974,
                -0.7532188892364502,
                -0.7274678349494934,
                -0.7665953040122986,
                -0.7152034044265747
            ],
            "score_test": [
                -0.7008547186851501,
                -0.7179487347602844,
                -0.692307710647583,
                -0.6982758641242981,
                -0.7068965435028076
            ],
            "t_fit": [
                0.03812025114893913,
                0.17421798408031464,
                0.03526034206151962,
                0.06422897428274155,
                0.023928042501211166
            ],
            "t_inference": [
                0.0005489327013492584,
                0.0005838125944137573,
                0.000499337911605835,
                0.0004889778792858124,
                0.0013932622969150543
            ],
            "hyperparams": [
                {
                    "n_layers": 0,
                    "in_dim": 11,
                    "n_classes": 2,
                    "upscale_type": "SWIM",
                    "activation": "tanh",
                    "use_batchnorm": false,
                    "hidden_dim": 34,
                    "SWIM_scale": 1.1902776963771138,
                    "l2_cls": 0.005728325534180662
                },
                {
                    "n_layers": 0,
                    "in_dim": 11,
                    "n_classes": 2,
                    "upscale_type": "SWIM",
                    "activation": "tanh",
                    "use_batchnorm": false,
                    "hidden_dim": 45,
                    "SWIM_scale": 0.738933731489496,
                    "l2_cls": 5.0775564766026366e-05
                },
                {
                    "n_layers": 0,
                    "in_dim": 11,
                    "n_classes": 2,
                    "upscale_type": "SWIM",
                    "activation": "tanh",
                    "use_batchnorm": false,
                    "hidden_dim": 25,
                    "SWIM_scale": 0.5443952755225445,
                    "l2_cls": 0.0015782327810795573
                },
                {
                    "n_layers": 0,
                    "in_dim": 11,
                    "n_classes": 2,
                    "upscale_type": "SWIM",
                    "activation": "tanh",
                    "use_batchnorm": false,
                    "hidden_dim": 44,
                    "SWIM_scale": 0.7363809668711552,
                    "l2_cls": 0.0001753333592140832
                },
                {
                    "n_layers": 0,
                    "in_dim": 11,
                    "n_classes": 2,
                    "upscale_type": "SWIM",
                    "activation": "tanh",
                    "use_batchnorm": false,
                    "hidden_dim": 344,
                    "SWIM_scale": 0.6021288805297436,
                    "l2_cls": 0.48337171756591807
                }
            ]
        }
    }
}