{
    "15": {
        "RFRBoost_upscaleiid_linesearchFalse_batchnormFalse": {
            "score_train": [
                -0.9749552607536316,
                -0.9856887459754944,
                -0.971377432346344,
                -0.991055428981781,
                -0.9803571701049805
            ],
            "score_test": [
                -0.9571428298950195,
                -0.9428571462631226,
                -0.9642857313156128,
                -0.949999988079071,
                -0.9928057789802551
            ],
            "t_fit": [
                0.6428572237491608,
                0.21121421083807945,
                0.15883682668209076,
                0.11234794929623604,
                0.13347835466265678
            ],
            "t_inference": [
                0.024513117969036102,
                0.010479971766471863,
                0.008736696094274521,
                0.00563884899020195,
                0.0056859590113162994
            ],
            "hyperparams": [
                {
                    "in_dim": 9,
                    "n_classes": 2,
                    "feature_type": "SWIM",
                    "upscale_type": "iid",
                    "randfeat_xt_dim": 512,
                    "randfeat_x0_dim": 512,
                    "activation": "tanh",
                    "use_batchnorm": false,
                    "do_linesearch": false,
                    "n_layers": 5,
                    "hidden_dim": 9,
                    "l2_cls": 1.0863833419456783e-07,
                    "l2_ghat": 5.705541732383841,
                    "boost_lr": 0.10422259339479667,
                    "SWIM_scale": 1.5429814114585607
                },
                {
                    "in_dim": 9,
                    "n_classes": 2,
                    "feature_type": "SWIM",
                    "upscale_type": "iid",
                    "randfeat_xt_dim": 512,
                    "randfeat_x0_dim": 512,
                    "activation": "tanh",
                    "use_batchnorm": false,
                    "do_linesearch": false,
                    "n_layers": 2,
                    "hidden_dim": 9,
                    "l2_cls": 0.0005885999128327171,
                    "l2_ghat": 4.704720536985536e-05,
                    "boost_lr": 0.25185514256420033,
                    "SWIM_scale": 0.2569868264969684
                },
                {
                    "in_dim": 9,
                    "n_classes": 2,
                    "feature_type": "SWIM",
                    "upscale_type": "iid",
                    "randfeat_xt_dim": 512,
                    "randfeat_x0_dim": 512,
                    "activation": "tanh",
                    "use_batchnorm": false,
                    "do_linesearch": false,
                    "n_layers": 1,
                    "hidden_dim": 9,
                    "l2_cls": 0.0031921154757229837,
                    "l2_ghat": 0.9682050823786725,
                    "boost_lr": 0.6454105620963514,
                    "SWIM_scale": 1.7404915539712287
                },
                {
                    "in_dim": 9,
                    "n_classes": 2,
                    "feature_type": "SWIM",
                    "upscale_type": "iid",
                    "randfeat_xt_dim": 512,
                    "randfeat_x0_dim": 512,
                    "activation": "tanh",
                    "use_batchnorm": false,
                    "do_linesearch": false,
                    "n_layers": 1,
                    "hidden_dim": 9,
                    "l2_cls": 0.0007360842540480781,
                    "l2_ghat": 0.008729565216878232,
                    "boost_lr": 0.27351374050171756,
                    "SWIM_scale": 1.613606099840453
                },
                {
                    "in_dim": 9,
                    "n_classes": 2,
                    "feature_type": "SWIM",
                    "upscale_type": "iid",
                    "randfeat_xt_dim": 512,
                    "randfeat_x0_dim": 512,
                    "activation": "tanh",
                    "use_batchnorm": false,
                    "do_linesearch": false,
                    "n_layers": 1,
                    "hidden_dim": 9,
                    "l2_cls": 0.00017109283150278573,
                    "l2_ghat": 0.0690593878767455,
                    "boost_lr": 0.46536364192714597,
                    "SWIM_scale": 0.9646731560405756
                }
            ]
        }
    }
}