{
    "1053": {
        "RFRBoost_ID_linesearchFalse": {
            "score_train": [
                -0.8197500109672546,
                -0.815500020980835,
                -0.8144999742507935,
                -0.8202499747276306,
                -0.812749981880188
            ],
            "score_test": [
                -0.8119999766349792,
                -0.796999990940094,
                -0.8180000185966492,
                -0.7929999828338623,
                -0.8199999928474426
            ],
            "t_fit": [
                0.8510350845754147,
                1.4398347474634647,
                1.4002160020172596,
                1.7148502208292484,
                1.7160348184406757
            ],
            "t_inference": [
                0.14136426523327827,
                0.23570048809051514,
                0.23454056307673454,
                0.28610068187117577,
                0.28471333906054497
            ],
            "hyperparams": [
                {
                    "in_dim": 21,
                    "n_classes": 2,
                    "feature_type": "SWIM",
                    "upscale_type": "identity",
                    "randfeat_xt_dim": 512,
                    "randfeat_x0_dim": 512,
                    "activation": "tanh",
                    "use_batchnorm": true,
                    "do_linesearch": false,
                    "n_layers": 3,
                    "hidden_dim": 330,
                    "l2_cls": 0.02089192216366981,
                    "l2_ghat": 0.010156195838553114,
                    "boost_lr": 0.3461081621898712,
                    "SWIM_scale": 1.1817130864284302
                },
                {
                    "in_dim": 21,
                    "n_classes": 2,
                    "feature_type": "SWIM",
                    "upscale_type": "identity",
                    "randfeat_xt_dim": 512,
                    "randfeat_x0_dim": 512,
                    "activation": "tanh",
                    "use_batchnorm": true,
                    "do_linesearch": false,
                    "n_layers": 5,
                    "hidden_dim": 226,
                    "l2_cls": 0.03711550219088975,
                    "l2_ghat": 0.42073071714085847,
                    "boost_lr": 0.9777136617024763,
                    "SWIM_scale": 1.2788388548732357
                },
                {
                    "in_dim": 21,
                    "n_classes": 2,
                    "feature_type": "SWIM",
                    "upscale_type": "identity",
                    "randfeat_xt_dim": 512,
                    "randfeat_x0_dim": 512,
                    "activation": "tanh",
                    "use_batchnorm": true,
                    "do_linesearch": false,
                    "n_layers": 4,
                    "hidden_dim": 233,
                    "l2_cls": 0.022381118432837247,
                    "l2_ghat": 0.15825905496496445,
                    "boost_lr": 0.5880242157544863,
                    "SWIM_scale": 1.5512605825728052
                },
                {
                    "in_dim": 21,
                    "n_classes": 2,
                    "feature_type": "SWIM",
                    "upscale_type": "identity",
                    "randfeat_xt_dim": 512,
                    "randfeat_x0_dim": 512,
                    "activation": "tanh",
                    "use_batchnorm": true,
                    "do_linesearch": false,
                    "n_layers": 5,
                    "hidden_dim": 213,
                    "l2_cls": 0.041600520316208194,
                    "l2_ghat": 0.2750440050085886,
                    "boost_lr": 0.8801353755495122,
                    "SWIM_scale": 1.4957585042160937
                },
                {
                    "in_dim": 21,
                    "n_classes": 2,
                    "feature_type": "SWIM",
                    "upscale_type": "identity",
                    "randfeat_xt_dim": 512,
                    "randfeat_x0_dim": 512,
                    "activation": "tanh",
                    "use_batchnorm": true,
                    "do_linesearch": false,
                    "n_layers": 5,
                    "hidden_dim": 51,
                    "l2_cls": 0.03396344091420732,
                    "l2_ghat": 0.31824099786422055,
                    "boost_lr": 0.8817822904568999,
                    "SWIM_scale": 0.966456861659808
                }
            ]
        }
    }
}