{
    "1475": {
        "RFRBoost_ID_batchnormFalse": {
            "score_train": [
                -0.7590000033378601,
                -0.7315000295639038,
                -0.7289999723434448,
                -0.625,
                -0.7360000014305115
            ],
            "score_test": [
                -0.5429999828338623,
                -0.5540000200271606,
                -0.5550000071525574,
                -0.5529999732971191,
                -0.5640000104904175
            ],
            "t_fit": [
                1.7454224154353142,
                8.205310896039009,
                5.262869045138359,
                2.116391658782959,
                3.831384338438511
            ],
            "t_inference": [
                0.16561580449342728,
                0.5035343170166016,
                0.3167121633887291,
                0.27000170946121216,
                0.28254686295986176
            ],
            "hyperparams": [
                {
                    "in_dim": 51,
                    "n_classes": 6,
                    "feature_type": "SWIM",
                    "upscale_type": "identity",
                    "randfeat_xt_dim": 512,
                    "randfeat_x0_dim": 512,
                    "activation": "tanh",
                    "use_batchnorm": false,
                    "do_linesearch": true,
                    "n_layers": 3,
                    "hidden_dim": 86,
                    "l2_cls": 0.0007561182994795541,
                    "l2_ghat": 1.5708772066455143e-05,
                    "boost_lr": 0.30580253316103506,
                    "SWIM_scale": 1.244352241433167
                },
                {
                    "in_dim": 51,
                    "n_classes": 6,
                    "feature_type": "SWIM",
                    "upscale_type": "identity",
                    "randfeat_xt_dim": 512,
                    "randfeat_x0_dim": 512,
                    "activation": "tanh",
                    "use_batchnorm": false,
                    "do_linesearch": true,
                    "n_layers": 5,
                    "hidden_dim": 48,
                    "l2_cls": 6.304424841785152e-05,
                    "l2_ghat": 1.6319993126898424e-05,
                    "boost_lr": 0.20523393393896075,
                    "SWIM_scale": 0.8731596408362388
                },
                {
                    "in_dim": 51,
                    "n_classes": 6,
                    "feature_type": "SWIM",
                    "upscale_type": "identity",
                    "randfeat_xt_dim": 512,
                    "randfeat_x0_dim": 512,
                    "activation": "tanh",
                    "use_batchnorm": false,
                    "do_linesearch": true,
                    "n_layers": 4,
                    "hidden_dim": 38,
                    "l2_cls": 0.00023014795610795669,
                    "l2_ghat": 7.968557434937439e-07,
                    "boost_lr": 0.12433752686157304,
                    "SWIM_scale": 1.206314287978589
                },
                {
                    "in_dim": 51,
                    "n_classes": 6,
                    "feature_type": "SWIM",
                    "upscale_type": "identity",
                    "randfeat_xt_dim": 512,
                    "randfeat_x0_dim": 512,
                    "activation": "tanh",
                    "use_batchnorm": false,
                    "do_linesearch": true,
                    "n_layers": 3,
                    "hidden_dim": 22,
                    "l2_cls": 0.030869143492882126,
                    "l2_ghat": 0.0015210619615021199,
                    "boost_lr": 0.13241791364299796,
                    "SWIM_scale": 1.8981163235585043
                },
                {
                    "in_dim": 51,
                    "n_classes": 6,
                    "feature_type": "SWIM",
                    "upscale_type": "identity",
                    "randfeat_xt_dim": 512,
                    "randfeat_x0_dim": 512,
                    "activation": "tanh",
                    "use_batchnorm": false,
                    "do_linesearch": true,
                    "n_layers": 4,
                    "hidden_dim": 103,
                    "l2_cls": 0.0003224331530949963,
                    "l2_ghat": 1.7666786638002096e-05,
                    "boost_lr": 0.15075672893920616,
                    "SWIM_scale": 1.5575238031437406
                }
            ]
        }
    }
}