{
    "40668": {
        "RFNN": {
            "score_train": [
                -0.7882500290870667,
                -0.7854999899864197,
                -0.8077499866485596,
                -0.7925000190734863,
                -0.8004999756813049
            ],
            "score_test": [
                -0.7710000276565552,
                -0.7590000033378601,
                -0.7250000238418579,
                -0.7799999713897705,
                -0.7599999904632568
            ],
            "t_fit": [
                1.4595493637025356,
                1.5760883837938309,
                2.6039686240255833,
                2.0134321600198746,
                1.3108643628656864
            ],
            "t_inference": [
                0.029143046587705612,
                0.02752024680376053,
                0.04403989762067795,
                0.030264146625995636,
                0.026666708290576935
            ],
            "hyperparams": [
                {
                    "n_layers": 0,
                    "in_dim": 126,
                    "n_classes": 3,
                    "upscale_type": "SWIM",
                    "activation": "tanh",
                    "use_batchnorm": false,
                    "hidden_dim": 505,
                    "SWIM_scale": 1.010954551087237,
                    "l2_cls": 2.7600695072007122e-05
                },
                {
                    "n_layers": 0,
                    "in_dim": 126,
                    "n_classes": 3,
                    "upscale_type": "SWIM",
                    "activation": "tanh",
                    "use_batchnorm": false,
                    "hidden_dim": 383,
                    "SWIM_scale": 1.028964889486662,
                    "l2_cls": 2.6883483259110934e-05
                },
                {
                    "n_layers": 0,
                    "in_dim": 126,
                    "n_classes": 3,
                    "upscale_type": "SWIM",
                    "activation": "tanh",
                    "use_batchnorm": false,
                    "hidden_dim": 453,
                    "SWIM_scale": 1.6759476708852994,
                    "l2_cls": 0.00012111064596658254
                },
                {
                    "n_layers": 0,
                    "in_dim": 126,
                    "n_classes": 3,
                    "upscale_type": "SWIM",
                    "activation": "tanh",
                    "use_batchnorm": false,
                    "hidden_dim": 509,
                    "SWIM_scale": 1.0157028574143363,
                    "l2_cls": 1.5995636099899647e-05
                },
                {
                    "n_layers": 0,
                    "in_dim": 126,
                    "n_classes": 3,
                    "upscale_type": "SWIM",
                    "activation": "tanh",
                    "use_batchnorm": false,
                    "hidden_dim": 427,
                    "SWIM_scale": 1.4434199651907234,
                    "l2_cls": 5.5829819869080345e-05
                }
            ]
        }
    }
}