{
    "1068": {
        "RFRBoost_linesearchFalse": {
            "score_train": [
                -0.9391206502914429,
                -0.9425027966499329,
                -0.9357384443283081,
                -0.9447575807571411,
                -0.9358108043670654
            ],
            "score_test": [
                -0.9369369149208069,
                -0.9279279112815857,
                -0.9279279112815857,
                -0.9369369149208069,
                -0.9321267008781433
            ],
            "t_fit": [
                0.797871395945549,
                1.090281393378973,
                1.0222768001258373,
                1.2301054894924164,
                0.8652062937617302
            ],
            "t_inference": [
                0.06731333956122398,
                0.09269597381353378,
                0.0671069286763668,
                0.11160114035010338,
                0.05564466863870621
            ],
            "hyperparams": [
                {
                    "in_dim": 21,
                    "n_classes": 2,
                    "feature_type": "SWIM",
                    "upscale_type": "SWIM",
                    "randfeat_xt_dim": 512,
                    "randfeat_x0_dim": 512,
                    "activation": "tanh",
                    "use_batchnorm": true,
                    "do_linesearch": false,
                    "n_layers": 4,
                    "hidden_dim": 21,
                    "l2_cls": 0.011912923733274792,
                    "l2_ghat": 0.001781730633295283,
                    "boost_lr": 0.12026665041834203,
                    "SWIM_scale": 0.3044057441506778
                },
                {
                    "in_dim": 21,
                    "n_classes": 2,
                    "feature_type": "SWIM",
                    "upscale_type": "SWIM",
                    "randfeat_xt_dim": 512,
                    "randfeat_x0_dim": 512,
                    "activation": "tanh",
                    "use_batchnorm": true,
                    "do_linesearch": false,
                    "n_layers": 5,
                    "hidden_dim": 21,
                    "l2_cls": 0.04118346765536123,
                    "l2_ghat": 0.018348081230265954,
                    "boost_lr": 0.21872714960873102,
                    "SWIM_scale": 0.5174187794074453
                },
                {
                    "in_dim": 21,
                    "n_classes": 2,
                    "feature_type": "SWIM",
                    "upscale_type": "SWIM",
                    "randfeat_xt_dim": 512,
                    "randfeat_x0_dim": 512,
                    "activation": "tanh",
                    "use_batchnorm": true,
                    "do_linesearch": false,
                    "n_layers": 4,
                    "hidden_dim": 21,
                    "l2_cls": 0.0004462462903422943,
                    "l2_ghat": 1.882928284141527,
                    "boost_lr": 0.11112054008750297,
                    "SWIM_scale": 0.5005409494805573
                },
                {
                    "in_dim": 21,
                    "n_classes": 2,
                    "feature_type": "SWIM",
                    "upscale_type": "SWIM",
                    "randfeat_xt_dim": 512,
                    "randfeat_x0_dim": 512,
                    "activation": "tanh",
                    "use_batchnorm": true,
                    "do_linesearch": false,
                    "n_layers": 5,
                    "hidden_dim": 21,
                    "l2_cls": 0.03826895127538008,
                    "l2_ghat": 0.0025162705400398016,
                    "boost_lr": 0.20110627927061242,
                    "SWIM_scale": 0.5709697732185912
                },
                {
                    "in_dim": 21,
                    "n_classes": 2,
                    "feature_type": "SWIM",
                    "upscale_type": "SWIM",
                    "randfeat_xt_dim": 512,
                    "randfeat_x0_dim": 512,
                    "activation": "tanh",
                    "use_batchnorm": true,
                    "do_linesearch": false,
                    "n_layers": 4,
                    "hidden_dim": 21,
                    "l2_cls": 0.005355609210022392,
                    "l2_ghat": 1.1730243660975141,
                    "boost_lr": 0.209464967768954,
                    "SWIM_scale": 0.6574726020637889
                }
            ]
        }
    }
}