{
    "11": {
        "RFRBoost": {
            "score_train": [
                -0.9980000257492065,
                -0.9980000257492065,
                -0.9139999747276306,
                -0.9879999756813049,
                -0.9919999837875366
            ],
            "score_test": [
                -0.9279999732971191,
                -0.984000027179718,
                -0.9120000004768372,
                -0.9599999785423279,
                -0.8960000276565552
            ],
            "t_fit": [
                0.6388078220188618,
                0.3791273981332779,
                0.2213250696659088,
                0.5433306284248829,
                0.8091102503240108
            ],
            "t_inference": [
                0.022720735520124435,
                0.021164417266845703,
                0.011598974466323853,
                0.026610419154167175,
                0.024871807545423508
            ],
            "hyperparams": [
                {
                    "in_dim": 4,
                    "n_classes": 3,
                    "feature_type": "SWIM",
                    "upscale_type": "SWIM",
                    "randfeat_xt_dim": 512,
                    "randfeat_x0_dim": 512,
                    "activation": "tanh",
                    "use_batchnorm": true,
                    "do_linesearch": true,
                    "n_layers": 3,
                    "hidden_dim": 4,
                    "l2_cls": 5.564333877619469e-05,
                    "l2_ghat": 0.0014313731336659536,
                    "boost_lr": 0.8688761135975775,
                    "SWIM_scale": 0.5472051599877347
                },
                {
                    "in_dim": 4,
                    "n_classes": 3,
                    "feature_type": "SWIM",
                    "upscale_type": "SWIM",
                    "randfeat_xt_dim": 512,
                    "randfeat_x0_dim": 512,
                    "activation": "tanh",
                    "use_batchnorm": true,
                    "do_linesearch": true,
                    "n_layers": 2,
                    "hidden_dim": 4,
                    "l2_cls": 0.001954662894457837,
                    "l2_ghat": 3.5619391914503315e-06,
                    "boost_lr": 0.517507126312882,
                    "SWIM_scale": 0.32836717338826593
                },
                {
                    "in_dim": 4,
                    "n_classes": 3,
                    "feature_type": "SWIM",
                    "upscale_type": "SWIM",
                    "randfeat_xt_dim": 512,
                    "randfeat_x0_dim": 512,
                    "activation": "tanh",
                    "use_batchnorm": true,
                    "do_linesearch": true,
                    "n_layers": 1,
                    "hidden_dim": 4,
                    "l2_cls": 0.004597557351824553,
                    "l2_ghat": 5.15226571838915e-05,
                    "boost_lr": 0.3487948803825043,
                    "SWIM_scale": 0.31010159813189697
                },
                {
                    "in_dim": 4,
                    "n_classes": 3,
                    "feature_type": "SWIM",
                    "upscale_type": "SWIM",
                    "randfeat_xt_dim": 512,
                    "randfeat_x0_dim": 512,
                    "activation": "tanh",
                    "use_batchnorm": true,
                    "do_linesearch": true,
                    "n_layers": 3,
                    "hidden_dim": 4,
                    "l2_cls": 0.01994860060428933,
                    "l2_ghat": 0.03154100197974204,
                    "boost_lr": 0.8235927463910874,
                    "SWIM_scale": 1.0908498729570777
                },
                {
                    "in_dim": 4,
                    "n_classes": 3,
                    "feature_type": "SWIM",
                    "upscale_type": "SWIM",
                    "randfeat_xt_dim": 512,
                    "randfeat_x0_dim": 512,
                    "activation": "tanh",
                    "use_batchnorm": true,
                    "do_linesearch": true,
                    "n_layers": 4,
                    "hidden_dim": 4,
                    "l2_cls": 1.5235833799690828e-05,
                    "l2_ghat": 0.0045938210446892684,
                    "boost_lr": 0.7242381798241176,
                    "SWIM_scale": 0.30289385450100664
                }
            ]
        }
    }
}