{
    "1486": {
        "RFNN": {
            "score_train": [
                -0.9612500071525574,
                -0.9599999785423279,
                -0.9574999809265137,
                -0.9539999961853027,
                -0.9574999809265137
            ],
            "score_test": [
                -0.9430000185966492,
                -0.9359999895095825,
                -0.9509999752044678,
                -0.9440000057220459,
                -0.949999988079071
            ],
            "t_fit": [
                2.1429979354143143,
                2.303016308695078,
                1.8090138286352158,
                1.1455730944871902,
                1.062947642058134
            ],
            "t_inference": [
                0.033300552517175674,
                0.03884723410010338,
                0.03813180699944496,
                0.028132081031799316,
                0.031396567821502686
            ],
            "hyperparams": [
                {
                    "n_layers": 0,
                    "in_dim": 174,
                    "n_classes": 2,
                    "upscale_type": "SWIM",
                    "activation": "tanh",
                    "use_batchnorm": false,
                    "hidden_dim": 410,
                    "SWIM_scale": 0.4566821222392251,
                    "l2_cls": 1.9433734807045672e-07
                },
                {
                    "n_layers": 0,
                    "in_dim": 174,
                    "n_classes": 2,
                    "upscale_type": "SWIM",
                    "activation": "tanh",
                    "use_batchnorm": false,
                    "hidden_dim": 476,
                    "SWIM_scale": 0.4013679708992328,
                    "l2_cls": 4.230099428970865e-07
                },
                {
                    "n_layers": 0,
                    "in_dim": 174,
                    "n_classes": 2,
                    "upscale_type": "SWIM",
                    "activation": "tanh",
                    "use_batchnorm": false,
                    "hidden_dim": 469,
                    "SWIM_scale": 0.3695069892921642,
                    "l2_cls": 1.349064918126888e-07
                },
                {
                    "n_layers": 0,
                    "in_dim": 174,
                    "n_classes": 2,
                    "upscale_type": "SWIM",
                    "activation": "tanh",
                    "use_batchnorm": false,
                    "hidden_dim": 415,
                    "SWIM_scale": 0.3581300513050153,
                    "l2_cls": 3.373443099655246e-07
                },
                {
                    "n_layers": 0,
                    "in_dim": 174,
                    "n_classes": 2,
                    "upscale_type": "SWIM",
                    "activation": "tanh",
                    "use_batchnorm": false,
                    "hidden_dim": 463,
                    "SWIM_scale": 0.6380819906877081,
                    "l2_cls": 1.931746132628282e-06
                }
            ]
        }
    }
}