{
    "37": {
        "RFRBoost_ID_batchnormFalse": {
            "score_train": [
                -0.7850162982940674,
                -0.7785016298294067,
                -0.7899022698402405,
                -0.7983739972114563,
                -0.8065040707588196
            ],
            "score_test": [
                -0.7662337422370911,
                -0.7792207598686218,
                -0.7532467246055603,
                -0.7124183177947998,
                -0.7712418437004089
            ],
            "t_fit": [
                0.13224173337221146,
                1.0530572719871998,
                0.22334029898047447,
                0.11786368489265442,
                0.11579655855894089
            ],
            "t_inference": [
                0.007557649165391922,
                0.04890301078557968,
                0.011218037456274033,
                0.007079020142555237,
                0.005416464060544968
            ],
            "hyperparams": [
                {
                    "in_dim": 8,
                    "n_classes": 2,
                    "feature_type": "SWIM",
                    "upscale_type": "identity",
                    "randfeat_xt_dim": 512,
                    "randfeat_x0_dim": 512,
                    "activation": "tanh",
                    "use_batchnorm": false,
                    "do_linesearch": true,
                    "n_layers": 1,
                    "hidden_dim": 8,
                    "l2_cls": 0.0036295432188834832,
                    "l2_ghat": 0.4256885343195369,
                    "boost_lr": 0.11249761499918487,
                    "SWIM_scale": 1.9053082326730284
                },
                {
                    "in_dim": 8,
                    "n_classes": 2,
                    "feature_type": "SWIM",
                    "upscale_type": "identity",
                    "randfeat_xt_dim": 512,
                    "randfeat_x0_dim": 512,
                    "activation": "tanh",
                    "use_batchnorm": false,
                    "do_linesearch": true,
                    "n_layers": 10,
                    "hidden_dim": 8,
                    "l2_cls": 0.03828106846388141,
                    "l2_ghat": 0.9745407311072902,
                    "boost_lr": 0.10180682272499747,
                    "SWIM_scale": 0.26149347516524934
                },
                {
                    "in_dim": 8,
                    "n_classes": 2,
                    "feature_type": "SWIM",
                    "upscale_type": "identity",
                    "randfeat_xt_dim": 512,
                    "randfeat_x0_dim": 512,
                    "activation": "tanh",
                    "use_batchnorm": false,
                    "do_linesearch": true,
                    "n_layers": 2,
                    "hidden_dim": 8,
                    "l2_cls": 0.0014678218833234615,
                    "l2_ghat": 0.9622842354081899,
                    "boost_lr": 0.18082381817112445,
                    "SWIM_scale": 0.3257424581763383
                },
                {
                    "in_dim": 8,
                    "n_classes": 2,
                    "feature_type": "SWIM",
                    "upscale_type": "identity",
                    "randfeat_xt_dim": 512,
                    "randfeat_x0_dim": 512,
                    "activation": "tanh",
                    "use_batchnorm": false,
                    "do_linesearch": true,
                    "n_layers": 1,
                    "hidden_dim": 8,
                    "l2_cls": 4.749592347126398e-06,
                    "l2_ghat": 0.3623408578481187,
                    "boost_lr": 0.16714063132148374,
                    "SWIM_scale": 1.5753726416197522
                },
                {
                    "in_dim": 8,
                    "n_classes": 2,
                    "feature_type": "SWIM",
                    "upscale_type": "identity",
                    "randfeat_xt_dim": 512,
                    "randfeat_x0_dim": 512,
                    "activation": "tanh",
                    "use_batchnorm": false,
                    "do_linesearch": true,
                    "n_layers": 1,
                    "hidden_dim": 8,
                    "l2_cls": 7.007292258142065e-06,
                    "l2_ghat": 0.5765940076384088,
                    "boost_lr": 0.4585088603215912,
                    "SWIM_scale": 1.6173140554573153
                }
            ]
        }
    }
}