{
    "1063": {
        "RFNN": {
            "score_train": [
                -0.8273381590843201,
                -0.8393285274505615,
                -0.8779904246330261,
                -0.8468899726867676,
                -0.8588516712188721
            ],
            "score_test": [
                -0.8666666746139526,
                -0.8380952477455139,
                -0.807692289352417,
                -0.8461538553237915,
                -0.8365384340286255
            ],
            "t_fit": [
                0.020230311900377274,
                0.023420874029397964,
                0.2992962524294853,
                0.018341489136219025,
                0.056877825409173965
            ],
            "t_inference": [
                0.0005656592547893524,
                0.00043623894453048706,
                0.002138059586286545,
                0.00044476985931396484,
                0.0006462521851062775
            ],
            "hyperparams": [
                {
                    "n_layers": 0,
                    "in_dim": 21,
                    "n_classes": 2,
                    "upscale_type": "SWIM",
                    "activation": "tanh",
                    "use_batchnorm": false,
                    "hidden_dim": 46,
                    "SWIM_scale": 0.19235616664490351,
                    "l2_cls": 0.008125044959683424
                },
                {
                    "n_layers": 0,
                    "in_dim": 21,
                    "n_classes": 2,
                    "upscale_type": "SWIM",
                    "activation": "tanh",
                    "use_batchnorm": false,
                    "hidden_dim": 16,
                    "SWIM_scale": 0.6637194625992476,
                    "l2_cls": 0.0063005227446971115
                },
                {
                    "n_layers": 0,
                    "in_dim": 21,
                    "n_classes": 2,
                    "upscale_type": "SWIM",
                    "activation": "tanh",
                    "use_batchnorm": false,
                    "hidden_dim": 376,
                    "SWIM_scale": 0.274694664074819,
                    "l2_cls": 4.528724622254653e-05
                },
                {
                    "n_layers": 0,
                    "in_dim": 21,
                    "n_classes": 2,
                    "upscale_type": "SWIM",
                    "activation": "tanh",
                    "use_batchnorm": false,
                    "hidden_dim": 23,
                    "SWIM_scale": 0.3445232114241512,
                    "l2_cls": 0.009484021182571141
                },
                {
                    "n_layers": 0,
                    "in_dim": 21,
                    "n_classes": 2,
                    "upscale_type": "SWIM",
                    "activation": "tanh",
                    "use_batchnorm": false,
                    "hidden_dim": 39,
                    "SWIM_scale": 1.0682154467640104,
                    "l2_cls": 0.001696384827894096
                }
            ]
        }
    }
}