{
    "307": {
        "RFRBoost_batchnormFalse": {
            "score_train": [
                -1.0,
                -1.0,
                -1.0,
                -1.0,
                -1.0
            ],
            "score_test": [
                -1.0,
                -0.9898989796638489,
                -0.9848484992980957,
                -0.9747474789619446,
                -1.0
            ],
            "t_fit": [
                1.4623004794120789,
                2.021156892180443,
                1.192700032144785,
                1.6135161705315113,
                1.2977128513157368
            ],
            "t_inference": [
                0.09735013172030449,
                0.10571307316422462,
                0.08797807991504669,
                0.08638603612780571,
                0.06076214089989662
            ],
            "hyperparams": [
                {
                    "in_dim": 27,
                    "n_classes": 11,
                    "feature_type": "SWIM",
                    "upscale_type": "SWIM",
                    "randfeat_xt_dim": 512,
                    "randfeat_x0_dim": 512,
                    "activation": "tanh",
                    "use_batchnorm": false,
                    "do_linesearch": true,
                    "n_layers": 5,
                    "hidden_dim": 27,
                    "l2_cls": 0.03711624482468975,
                    "l2_ghat": 0.00048029040383451013,
                    "boost_lr": 0.2770185819115581,
                    "SWIM_scale": 1.7797826706384001
                },
                {
                    "in_dim": 27,
                    "n_classes": 11,
                    "feature_type": "SWIM",
                    "upscale_type": "SWIM",
                    "randfeat_xt_dim": 512,
                    "randfeat_x0_dim": 512,
                    "activation": "tanh",
                    "use_batchnorm": false,
                    "do_linesearch": true,
                    "n_layers": 5,
                    "hidden_dim": 27,
                    "l2_cls": 0.008604268208471443,
                    "l2_ghat": 0.0003434069193527783,
                    "boost_lr": 0.29526211658889984,
                    "SWIM_scale": 1.002058356604868
                },
                {
                    "in_dim": 27,
                    "n_classes": 11,
                    "feature_type": "SWIM",
                    "upscale_type": "SWIM",
                    "randfeat_xt_dim": 512,
                    "randfeat_x0_dim": 512,
                    "activation": "tanh",
                    "use_batchnorm": false,
                    "do_linesearch": true,
                    "n_layers": 4,
                    "hidden_dim": 27,
                    "l2_cls": 0.0018412310629389499,
                    "l2_ghat": 3.957467079902145e-05,
                    "boost_lr": 0.2208615298945231,
                    "SWIM_scale": 0.4561152268572944
                },
                {
                    "in_dim": 27,
                    "n_classes": 11,
                    "feature_type": "SWIM",
                    "upscale_type": "SWIM",
                    "randfeat_xt_dim": 512,
                    "randfeat_x0_dim": 512,
                    "activation": "tanh",
                    "use_batchnorm": false,
                    "do_linesearch": true,
                    "n_layers": 4,
                    "hidden_dim": 27,
                    "l2_cls": 0.0053844513275394966,
                    "l2_ghat": 0.0017106485496332776,
                    "boost_lr": 0.3993327341728071,
                    "SWIM_scale": 1.1037256432774432
                },
                {
                    "in_dim": 27,
                    "n_classes": 11,
                    "feature_type": "SWIM",
                    "upscale_type": "SWIM",
                    "randfeat_xt_dim": 512,
                    "randfeat_x0_dim": 512,
                    "activation": "tanh",
                    "use_batchnorm": false,
                    "do_linesearch": true,
                    "n_layers": 4,
                    "hidden_dim": 27,
                    "l2_cls": 0.053160230806865785,
                    "l2_ghat": 5.822850885279028e-05,
                    "boost_lr": 0.3679255132598149,
                    "SWIM_scale": 1.4466256944352671
                }
            ]
        }
    }
}