{
    "41027": {
        "RFRBoost_ID_batchnormFalse": {
            "score_train": [
                -0.9182500243186951,
                -0.8982499837875366,
                -0.8924999833106995,
                -0.8705000281333923,
                -0.8899999856948853
            ],
            "score_test": [
                -0.8199999928474426,
                -0.7960000038146973,
                -0.7889999747276306,
                -0.8080000281333923,
                -0.8149999976158142
            ],
            "t_fit": [
                1.5900832079350948,
                1.1738701611757278,
                1.2136824913322926,
                1.3228961117565632,
                1.3695774860680103
            ],
            "t_inference": [
                0.17467205598950386,
                0.11016765609383583,
                0.11310078948736191,
                0.11787394061684608,
                0.14393823221325874
            ],
            "hyperparams": [
                {
                    "in_dim": 6,
                    "n_classes": 3,
                    "feature_type": "SWIM",
                    "upscale_type": "identity",
                    "randfeat_xt_dim": 512,
                    "randfeat_x0_dim": 512,
                    "activation": "tanh",
                    "use_batchnorm": false,
                    "do_linesearch": true,
                    "n_layers": 5,
                    "hidden_dim": 319,
                    "l2_cls": 4.218307854119319e-06,
                    "l2_ghat": 4.348274735790577e-06,
                    "boost_lr": 0.30059654741039565,
                    "SWIM_scale": 0.9518680683662735
                },
                {
                    "in_dim": 6,
                    "n_classes": 3,
                    "feature_type": "SWIM",
                    "upscale_type": "identity",
                    "randfeat_xt_dim": 512,
                    "randfeat_x0_dim": 512,
                    "activation": "tanh",
                    "use_batchnorm": false,
                    "do_linesearch": true,
                    "n_layers": 3,
                    "hidden_dim": 23,
                    "l2_cls": 2.2576262967644214e-07,
                    "l2_ghat": 3.812608210754549e-07,
                    "boost_lr": 0.4461957034944619,
                    "SWIM_scale": 0.5721316730728779
                },
                {
                    "in_dim": 6,
                    "n_classes": 3,
                    "feature_type": "SWIM",
                    "upscale_type": "identity",
                    "randfeat_xt_dim": 512,
                    "randfeat_x0_dim": 512,
                    "activation": "tanh",
                    "use_batchnorm": false,
                    "do_linesearch": true,
                    "n_layers": 3,
                    "hidden_dim": 48,
                    "l2_cls": 0.00020697490002699292,
                    "l2_ghat": 0.006899076836509067,
                    "boost_lr": 0.5836519243272852,
                    "SWIM_scale": 1.8784733979124124
                },
                {
                    "in_dim": 6,
                    "n_classes": 3,
                    "feature_type": "SWIM",
                    "upscale_type": "identity",
                    "randfeat_xt_dim": 512,
                    "randfeat_x0_dim": 512,
                    "activation": "tanh",
                    "use_batchnorm": false,
                    "do_linesearch": true,
                    "n_layers": 3,
                    "hidden_dim": 38,
                    "l2_cls": 0.0009291712604891431,
                    "l2_ghat": 0.0007294922325643732,
                    "boost_lr": 0.31922649911034423,
                    "SWIM_scale": 1.4866547900826312
                },
                {
                    "in_dim": 6,
                    "n_classes": 3,
                    "feature_type": "SWIM",
                    "upscale_type": "identity",
                    "randfeat_xt_dim": 512,
                    "randfeat_x0_dim": 512,
                    "activation": "tanh",
                    "use_batchnorm": false,
                    "do_linesearch": true,
                    "n_layers": 3,
                    "hidden_dim": 168,
                    "l2_cls": 4.880891859987193e-05,
                    "l2_ghat": 8.64496144597283e-05,
                    "boost_lr": 0.3117623634986006,
                    "SWIM_scale": 1.3590464508696787
                }
            ]
        }
    }
}