{
    "31": {
        "RFRBoost_linesearchFalse": {
            "score_train": [
                -0.7837499976158142,
                -0.8224999904632568,
                -0.7724999785423279,
                -0.7762500047683716,
                -0.7737500071525574
            ],
            "score_test": [
                -0.7250000238418579,
                -0.75,
                -0.7250000238418579,
                -0.7850000262260437,
                -0.7950000166893005
            ],
            "t_fit": [
                0.9410264492034912,
                0.7614932097494602,
                0.6500028818845749,
                0.780963271856308,
                1.1134284660220146
            ],
            "t_inference": [
                0.10293572023510933,
                0.07921652868390083,
                0.07410569861531258,
                0.07908220961689949,
                0.10550770536065102
            ],
            "hyperparams": [
                {
                    "in_dim": 63,
                    "n_classes": 2,
                    "feature_type": "SWIM",
                    "upscale_type": "SWIM",
                    "randfeat_xt_dim": 512,
                    "randfeat_x0_dim": 512,
                    "activation": "tanh",
                    "use_batchnorm": true,
                    "do_linesearch": false,
                    "n_layers": 4,
                    "hidden_dim": 63,
                    "l2_cls": 0.009941905822066634,
                    "l2_ghat": 0.04600796001224859,
                    "boost_lr": 0.167409194630297,
                    "SWIM_scale": 0.5677905351991704
                },
                {
                    "in_dim": 63,
                    "n_classes": 2,
                    "feature_type": "SWIM",
                    "upscale_type": "SWIM",
                    "randfeat_xt_dim": 512,
                    "randfeat_x0_dim": 512,
                    "activation": "tanh",
                    "use_batchnorm": true,
                    "do_linesearch": false,
                    "n_layers": 3,
                    "hidden_dim": 63,
                    "l2_cls": 0.022922000133089523,
                    "l2_ghat": 0.009898147875539344,
                    "boost_lr": 0.24434780796589672,
                    "SWIM_scale": 1.2093371460742164
                },
                {
                    "in_dim": 63,
                    "n_classes": 2,
                    "feature_type": "SWIM",
                    "upscale_type": "SWIM",
                    "randfeat_xt_dim": 512,
                    "randfeat_x0_dim": 512,
                    "activation": "tanh",
                    "use_batchnorm": true,
                    "do_linesearch": false,
                    "n_layers": 3,
                    "hidden_dim": 63,
                    "l2_cls": 0.053281986304864935,
                    "l2_ghat": 1.080670113141964,
                    "boost_lr": 0.16058570926259566,
                    "SWIM_scale": 1.684312920021827
                },
                {
                    "in_dim": 63,
                    "n_classes": 2,
                    "feature_type": "SWIM",
                    "upscale_type": "SWIM",
                    "randfeat_xt_dim": 512,
                    "randfeat_x0_dim": 512,
                    "activation": "tanh",
                    "use_batchnorm": true,
                    "do_linesearch": false,
                    "n_layers": 3,
                    "hidden_dim": 63,
                    "l2_cls": 0.012086192075494117,
                    "l2_ghat": 0.016369464558845304,
                    "boost_lr": 0.8274266990850033,
                    "SWIM_scale": 0.5111432893244834
                },
                {
                    "in_dim": 63,
                    "n_classes": 2,
                    "feature_type": "SWIM",
                    "upscale_type": "SWIM",
                    "randfeat_xt_dim": 512,
                    "randfeat_x0_dim": 512,
                    "activation": "tanh",
                    "use_batchnorm": true,
                    "do_linesearch": false,
                    "n_layers": 4,
                    "hidden_dim": 63,
                    "l2_cls": 0.03838066238147921,
                    "l2_ghat": 6.52807320657761,
                    "boost_lr": 0.24984707686863222,
                    "SWIM_scale": 0.3167225945661925
                }
            ]
        }
    }
}