{
    "40701": {
        "RFRBoost_ID_batchnormFalse": {
            "score_train": [
                -0.9704999923706055,
                -0.9607499837875366,
                -0.9662500023841858,
                -0.9672499895095825,
                -0.9610000252723694
            ],
            "score_test": [
                -0.9380000233650208,
                -0.9390000104904175,
                -0.9300000071525574,
                -0.9319999814033508,
                -0.9440000057220459
            ],
            "t_fit": [
                3.3084701001644135,
                2.2997999861836433,
                3.0942396335303783,
                3.2657125405967236,
                3.0700884014368057
            ],
            "t_inference": [
                0.3728333152830601,
                0.33323105424642563,
                0.46619419008493423,
                0.44498616456985474,
                0.3950156457722187
            ],
            "hyperparams": [
                {
                    "in_dim": 33,
                    "n_classes": 2,
                    "feature_type": "SWIM",
                    "upscale_type": "identity",
                    "randfeat_xt_dim": 512,
                    "randfeat_x0_dim": 512,
                    "activation": "tanh",
                    "use_batchnorm": false,
                    "do_linesearch": true,
                    "n_layers": 4,
                    "hidden_dim": 51,
                    "l2_cls": 0.00013989910217692046,
                    "l2_ghat": 0.016522251687247403,
                    "boost_lr": 0.3256374328626501,
                    "SWIM_scale": 1.5455619917314474
                },
                {
                    "in_dim": 33,
                    "n_classes": 2,
                    "feature_type": "SWIM",
                    "upscale_type": "identity",
                    "randfeat_xt_dim": 512,
                    "randfeat_x0_dim": 512,
                    "activation": "tanh",
                    "use_batchnorm": false,
                    "do_linesearch": true,
                    "n_layers": 3,
                    "hidden_dim": 104,
                    "l2_cls": 0.006487186638219093,
                    "l2_ghat": 0.02979793569250368,
                    "boost_lr": 0.7185752974141708,
                    "SWIM_scale": 1.7041023368914094
                },
                {
                    "in_dim": 33,
                    "n_classes": 2,
                    "feature_type": "SWIM",
                    "upscale_type": "identity",
                    "randfeat_xt_dim": 512,
                    "randfeat_x0_dim": 512,
                    "activation": "tanh",
                    "use_batchnorm": false,
                    "do_linesearch": true,
                    "n_layers": 4,
                    "hidden_dim": 409,
                    "l2_cls": 0.003887734646886513,
                    "l2_ghat": 0.04198729931372829,
                    "boost_lr": 0.5743545400545617,
                    "SWIM_scale": 1.6397849751287883
                },
                {
                    "in_dim": 33,
                    "n_classes": 2,
                    "feature_type": "SWIM",
                    "upscale_type": "identity",
                    "randfeat_xt_dim": 512,
                    "randfeat_x0_dim": 512,
                    "activation": "tanh",
                    "use_batchnorm": false,
                    "do_linesearch": true,
                    "n_layers": 5,
                    "hidden_dim": 92,
                    "l2_cls": 0.00019085438485825685,
                    "l2_ghat": 0.26823995629413566,
                    "boost_lr": 0.4857149833454799,
                    "SWIM_scale": 1.8921131141895349
                },
                {
                    "in_dim": 33,
                    "n_classes": 2,
                    "feature_type": "SWIM",
                    "upscale_type": "identity",
                    "randfeat_xt_dim": 512,
                    "randfeat_x0_dim": 512,
                    "activation": "tanh",
                    "use_batchnorm": false,
                    "do_linesearch": true,
                    "n_layers": 4,
                    "hidden_dim": 121,
                    "l2_cls": 5.7006410139397924e-05,
                    "l2_ghat": 0.31457790183826223,
                    "boost_lr": 0.4702988345987546,
                    "SWIM_scale": 1.8855583066080088
                }
            ]
        }
    }
}