{
    "40983": {
        "RFNN_iid": {
            "score_train": [
                -0.989666759967804,
                -0.990183413028717,
                -0.990183413028717,
                -0.9899250864982605,
                -0.9886363744735718
            ],
            "score_test": [
                -0.9865702390670776,
                -0.9845041036605835,
                -0.9855371713638306,
                -0.9886363744735718,
                -0.9917269945144653
            ],
            "t_fit": [
                0.5539533905684948,
                0.4715530723333359,
                0.43077636137604713,
                0.6848720870912075,
                0.39119459316134453
            ],
            "t_inference": [
                0.010261941701173782,
                0.00545414537191391,
                0.004562262445688248,
                0.006810348480939865,
                0.009231597185134888
            ],
            "hyperparams": [
                {
                    "n_layers": 0,
                    "in_dim": 5,
                    "n_classes": 2,
                    "upscale_type": "iid",
                    "activation": "tanh",
                    "use_batchnorm": false,
                    "hidden_dim": 347,
                    "iid_scale": 0.5743765441252928,
                    "l2_cls": 1.062380749066779e-07
                },
                {
                    "n_layers": 0,
                    "in_dim": 5,
                    "n_classes": 2,
                    "upscale_type": "iid",
                    "activation": "tanh",
                    "use_batchnorm": false,
                    "hidden_dim": 194,
                    "iid_scale": 0.8667925273798054,
                    "l2_cls": 9.767164548557128e-07
                },
                {
                    "n_layers": 0,
                    "in_dim": 5,
                    "n_classes": 2,
                    "upscale_type": "iid",
                    "activation": "tanh",
                    "use_batchnorm": false,
                    "hidden_dim": 113,
                    "iid_scale": 1.0973387179711445,
                    "l2_cls": 2.4716533275756307e-06
                },
                {
                    "n_layers": 0,
                    "in_dim": 5,
                    "n_classes": 2,
                    "upscale_type": "iid",
                    "activation": "tanh",
                    "use_batchnorm": false,
                    "hidden_dim": 174,
                    "iid_scale": 1.2268473524552754,
                    "l2_cls": 1.7932852518338383e-06
                },
                {
                    "n_layers": 0,
                    "in_dim": 5,
                    "n_classes": 2,
                    "upscale_type": "iid",
                    "activation": "tanh",
                    "use_batchnorm": false,
                    "hidden_dim": 237,
                    "iid_scale": 1.1315668705581028,
                    "l2_cls": 8.032760594101536e-06
                }
            ]
        }
    }
}