{
    "40966": {
        "RFRBoost_upscaleiid_linesearchFalse_batchnormFalse": {
            "score_train": [
                -1.0,
                -1.0,
                -1.0,
                -1.0,
                -1.0
            ],
            "score_test": [
                -0.9953703880310059,
                -1.0,
                -1.0,
                -1.0,
                -1.0
            ],
            "t_fit": [
                0.6596313267946243,
                0.5860614106059074,
                1.0411072745919228,
                0.5474010296165943,
                0.6452765911817551
            ],
            "t_inference": [
                0.039386920630931854,
                0.05228126794099808,
                0.05776636675000191,
                0.05770421773195267,
                0.0693725049495697
            ],
            "hyperparams": [
                {
                    "in_dim": 77,
                    "n_classes": 8,
                    "feature_type": "SWIM",
                    "upscale_type": "iid",
                    "randfeat_xt_dim": 512,
                    "randfeat_x0_dim": 512,
                    "activation": "tanh",
                    "use_batchnorm": false,
                    "do_linesearch": false,
                    "n_layers": 3,
                    "hidden_dim": 77,
                    "l2_cls": 5.786268626252157e-06,
                    "l2_ghat": 0.00010272515254887488,
                    "boost_lr": 0.2862897326708123,
                    "SWIM_scale": 0.4184908387365178
                },
                {
                    "in_dim": 77,
                    "n_classes": 8,
                    "feature_type": "SWIM",
                    "upscale_type": "iid",
                    "randfeat_xt_dim": 512,
                    "randfeat_x0_dim": 512,
                    "activation": "tanh",
                    "use_batchnorm": false,
                    "do_linesearch": false,
                    "n_layers": 4,
                    "hidden_dim": 77,
                    "l2_cls": 0.00027699393748300524,
                    "l2_ghat": 0.0002720058096546876,
                    "boost_lr": 0.605583544927972,
                    "SWIM_scale": 0.6582026061880807
                },
                {
                    "in_dim": 77,
                    "n_classes": 8,
                    "feature_type": "SWIM",
                    "upscale_type": "iid",
                    "randfeat_xt_dim": 512,
                    "randfeat_x0_dim": 512,
                    "activation": "tanh",
                    "use_batchnorm": false,
                    "do_linesearch": false,
                    "n_layers": 3,
                    "hidden_dim": 77,
                    "l2_cls": 5.972002558118352e-07,
                    "l2_ghat": 0.0008945370876691479,
                    "boost_lr": 0.13915751301346777,
                    "SWIM_scale": 1.8143360275204587
                },
                {
                    "in_dim": 77,
                    "n_classes": 8,
                    "feature_type": "SWIM",
                    "upscale_type": "iid",
                    "randfeat_xt_dim": 512,
                    "randfeat_x0_dim": 512,
                    "activation": "tanh",
                    "use_batchnorm": false,
                    "do_linesearch": false,
                    "n_layers": 3,
                    "hidden_dim": 77,
                    "l2_cls": 0.0013715751458761149,
                    "l2_ghat": 5.992472014205633e-05,
                    "boost_lr": 0.6146842221672117,
                    "SWIM_scale": 0.8583585033690195
                },
                {
                    "in_dim": 77,
                    "n_classes": 8,
                    "feature_type": "SWIM",
                    "upscale_type": "iid",
                    "randfeat_xt_dim": 512,
                    "randfeat_x0_dim": 512,
                    "activation": "tanh",
                    "use_batchnorm": false,
                    "do_linesearch": false,
                    "n_layers": 5,
                    "hidden_dim": 77,
                    "l2_cls": 0.005525019224854454,
                    "l2_ghat": 2.9144420122814597e-06,
                    "boost_lr": 0.33782300012053623,
                    "SWIM_scale": 0.36698819602957833
                }
            ]
        }
    }
}