{
    "1489": {
        "RFNN": {
            "score_train": [
                -0.8899999856948853,
                -0.8794999718666077,
                -0.890999972820282,
                -0.8870000243186951,
                -0.8812500238418579
            ],
            "score_test": [
                -0.8460000157356262,
                -0.8529999852180481,
                -0.8709999918937683,
                -0.8560000061988831,
                -0.8659999966621399
            ],
            "t_fit": [
                5.5863086096942425,
                4.860413037240505,
                5.91963941603899,
                6.85965508967638,
                5.314572401344776
            ],
            "t_inference": [
                0.05062304064631462,
                0.04669680446386337,
                0.052358273416757584,
                0.053196657449007034,
                0.03708302229642868
            ],
            "hyperparams": [
                {
                    "n_layers": 0,
                    "in_dim": 5,
                    "n_classes": 2,
                    "upscale_type": "SWIM",
                    "activation": "tanh",
                    "use_batchnorm": false,
                    "hidden_dim": 437,
                    "SWIM_scale": 1.2804446100679323,
                    "l2_cls": 1.092243267043922e-05
                },
                {
                    "n_layers": 0,
                    "in_dim": 5,
                    "n_classes": 2,
                    "upscale_type": "SWIM",
                    "activation": "tanh",
                    "use_batchnorm": false,
                    "hidden_dim": 423,
                    "SWIM_scale": 0.9044487126475812,
                    "l2_cls": 1.109900164845442e-05
                },
                {
                    "n_layers": 0,
                    "in_dim": 5,
                    "n_classes": 2,
                    "upscale_type": "SWIM",
                    "activation": "tanh",
                    "use_batchnorm": false,
                    "hidden_dim": 471,
                    "SWIM_scale": 1.4593357043765651,
                    "l2_cls": 1.8794394688261755e-05
                },
                {
                    "n_layers": 0,
                    "in_dim": 5,
                    "n_classes": 2,
                    "upscale_type": "SWIM",
                    "activation": "tanh",
                    "use_batchnorm": false,
                    "hidden_dim": 452,
                    "SWIM_scale": 1.3297904384758208,
                    "l2_cls": 1.1056542280855436e-05
                },
                {
                    "n_layers": 0,
                    "in_dim": 5,
                    "n_classes": 2,
                    "upscale_type": "SWIM",
                    "activation": "tanh",
                    "use_batchnorm": false,
                    "hidden_dim": 351,
                    "SWIM_scale": 1.4948993410827702,
                    "l2_cls": 3.6780910544864304e-05
                }
            ]
        }
    }
}