{
    "15": {
        "RFRBoost_ID_batchnormFalse": {
            "score_train": [
                -0.9821109175682068,
                -0.9731663465499878,
                -0.969588577747345,
                -0.9874776601791382,
                -0.9696428775787354
            ],
            "score_test": [
                -0.9571428298950195,
                -0.9642857313156128,
                -0.9642857313156128,
                -0.9428571462631226,
                -0.9928057789802551
            ],
            "t_fit": [
                0.5964962616562843,
                0.22380013763904572,
                0.1858166605234146,
                0.3739515170454979,
                1.0249744579195976
            ],
            "t_inference": [
                0.02557387948036194,
                0.008935332298278809,
                0.010377131402492523,
                0.02422245591878891,
                0.05275949090719223
            ],
            "hyperparams": [
                {
                    "in_dim": 9,
                    "n_classes": 2,
                    "feature_type": "SWIM",
                    "upscale_type": "identity",
                    "randfeat_xt_dim": 512,
                    "randfeat_x0_dim": 512,
                    "activation": "tanh",
                    "use_batchnorm": false,
                    "do_linesearch": true,
                    "n_layers": 3,
                    "hidden_dim": 71,
                    "l2_cls": 2.1491104466121017e-05,
                    "l2_ghat": 1.2207174675335606,
                    "boost_lr": 0.8479330171019045,
                    "SWIM_scale": 1.9202526185842173
                },
                {
                    "in_dim": 9,
                    "n_classes": 2,
                    "feature_type": "SWIM",
                    "upscale_type": "identity",
                    "randfeat_xt_dim": 512,
                    "randfeat_x0_dim": 512,
                    "activation": "tanh",
                    "use_batchnorm": false,
                    "do_linesearch": true,
                    "n_layers": 1,
                    "hidden_dim": 152,
                    "l2_cls": 1.14170661553572e-06,
                    "l2_ghat": 1.495828835583669,
                    "boost_lr": 0.9933414016786491,
                    "SWIM_scale": 1.3582790895315309
                },
                {
                    "in_dim": 9,
                    "n_classes": 2,
                    "feature_type": "SWIM",
                    "upscale_type": "identity",
                    "randfeat_xt_dim": 512,
                    "randfeat_x0_dim": 512,
                    "activation": "tanh",
                    "use_batchnorm": false,
                    "do_linesearch": true,
                    "n_layers": 1,
                    "hidden_dim": 32,
                    "l2_cls": 0.0039537349482864845,
                    "l2_ghat": 0.9275035318307513,
                    "boost_lr": 0.15982792554941305,
                    "SWIM_scale": 1.6886183692190844
                },
                {
                    "in_dim": 9,
                    "n_classes": 2,
                    "feature_type": "SWIM",
                    "upscale_type": "identity",
                    "randfeat_xt_dim": 512,
                    "randfeat_x0_dim": 512,
                    "activation": "tanh",
                    "use_batchnorm": false,
                    "do_linesearch": true,
                    "n_layers": 2,
                    "hidden_dim": 172,
                    "l2_cls": 0.0006016856588616536,
                    "l2_ghat": 0.04056746083911788,
                    "boost_lr": 0.22747046065588292,
                    "SWIM_scale": 1.685875313894303
                },
                {
                    "in_dim": 9,
                    "n_classes": 2,
                    "feature_type": "SWIM",
                    "upscale_type": "identity",
                    "randfeat_xt_dim": 512,
                    "randfeat_x0_dim": 512,
                    "activation": "tanh",
                    "use_batchnorm": false,
                    "do_linesearch": true,
                    "n_layers": 5,
                    "hidden_dim": 61,
                    "l2_cls": 1.516641520087773e-05,
                    "l2_ghat": 5.797513453190623,
                    "boost_lr": 0.665875553392481,
                    "SWIM_scale": 1.5449614957036726
                }
            ]
        }
    }
}