{
    "458": {
        "RFRBoost_ID_batchnormFalse": {
            "score_train": [
                -1.0,
                -0.9985141158103943,
                -1.0,
                -1.0,
                -1.0
            ],
            "score_test": [
                -0.9940828680992126,
                -0.9940476417541504,
                -0.9940476417541504,
                -0.9940476417541504,
                -0.9940476417541504
            ],
            "t_fit": [
                1.1605763025581837,
                0.9069977253675461,
                3.6189926750957966,
                3.463228151202202,
                1.9636216349899769
            ],
            "t_inference": [
                0.07152410596609116,
                0.05971997231245041,
                0.2004786916077137,
                0.22767391055822372,
                0.14870412647724152
            ],
            "hyperparams": [
                {
                    "in_dim": 70,
                    "n_classes": 4,
                    "feature_type": "SWIM",
                    "upscale_type": "identity",
                    "randfeat_xt_dim": 512,
                    "randfeat_x0_dim": 512,
                    "activation": "tanh",
                    "use_batchnorm": false,
                    "do_linesearch": true,
                    "n_layers": 4,
                    "hidden_dim": 70,
                    "l2_cls": 2.270198667584959,
                    "l2_ghat": 0.15442230066955348,
                    "boost_lr": 0.8805937599452525,
                    "SWIM_scale": 1.378938806424023
                },
                {
                    "in_dim": 70,
                    "n_classes": 4,
                    "feature_type": "SWIM",
                    "upscale_type": "identity",
                    "randfeat_xt_dim": 512,
                    "randfeat_x0_dim": 512,
                    "activation": "tanh",
                    "use_batchnorm": false,
                    "do_linesearch": true,
                    "n_layers": 2,
                    "hidden_dim": 70,
                    "l2_cls": 5.061576888752303,
                    "l2_ghat": 0.24658329458549094,
                    "boost_lr": 0.3968793330444371,
                    "SWIM_scale": 0.3606251645972893
                },
                {
                    "in_dim": 70,
                    "n_classes": 4,
                    "feature_type": "SWIM",
                    "upscale_type": "identity",
                    "randfeat_xt_dim": 512,
                    "randfeat_x0_dim": 512,
                    "activation": "tanh",
                    "use_batchnorm": false,
                    "do_linesearch": true,
                    "n_layers": 10,
                    "hidden_dim": 70,
                    "l2_cls": 0.5231283179105183,
                    "l2_ghat": 0.0011624599410567742,
                    "boost_lr": 0.1861237887751558,
                    "SWIM_scale": 1.1391661163793279
                },
                {
                    "in_dim": 70,
                    "n_classes": 4,
                    "feature_type": "SWIM",
                    "upscale_type": "identity",
                    "randfeat_xt_dim": 512,
                    "randfeat_x0_dim": 512,
                    "activation": "tanh",
                    "use_batchnorm": false,
                    "do_linesearch": true,
                    "n_layers": 8,
                    "hidden_dim": 70,
                    "l2_cls": 0.002352350207808267,
                    "l2_ghat": 0.006274480070200763,
                    "boost_lr": 0.5790841510329907,
                    "SWIM_scale": 1.108545078393004
                },
                {
                    "in_dim": 70,
                    "n_classes": 4,
                    "feature_type": "SWIM",
                    "upscale_type": "identity",
                    "randfeat_xt_dim": 512,
                    "randfeat_x0_dim": 512,
                    "activation": "tanh",
                    "use_batchnorm": false,
                    "do_linesearch": true,
                    "n_layers": 6,
                    "hidden_dim": 70,
                    "l2_cls": 0.0006724850206557243,
                    "l2_ghat": 3.855073690026178e-05,
                    "boost_lr": 0.48331806324884646,
                    "SWIM_scale": 0.7442058665484618
                }
            ]
        }
    }
}