{
    "1489": {
        "RFRBoost_linesearchFalse": {
            "score_train": [
                -0.9247499704360962,
                -0.9292500019073486,
                -0.9432500004768372,
                -0.9417499899864197,
                -0.9434999823570251
            ],
            "score_test": [
                -0.8650000095367432,
                -0.8769999742507935,
                -0.8980000019073486,
                -0.8690000176429749,
                -0.8930000066757202
            ],
            "t_fit": [
                7.571898125112057,
                3.9142762161791325,
                10.418984793126583,
                1.5758606381714344,
                6.398260831832886
            ],
            "t_inference": [
                1.300772812217474,
                0.4569881148636341,
                1.2307670451700687,
                0.1828356795012951,
                1.4695845432579517
            ],
            "hyperparams": [
                {
                    "in_dim": 5,
                    "n_classes": 2,
                    "feature_type": "SWIM",
                    "upscale_type": "SWIM",
                    "randfeat_xt_dim": 512,
                    "randfeat_x0_dim": 512,
                    "activation": "tanh",
                    "use_batchnorm": true,
                    "do_linesearch": false,
                    "n_layers": 7,
                    "hidden_dim": 418,
                    "l2_cls": 0.0005945186451009334,
                    "l2_ghat": 6.095785535926871e-05,
                    "boost_lr": 0.10879403106091852,
                    "SWIM_scale": 1.1014563989603094
                },
                {
                    "in_dim": 5,
                    "n_classes": 2,
                    "feature_type": "SWIM",
                    "upscale_type": "SWIM",
                    "randfeat_xt_dim": 512,
                    "randfeat_x0_dim": 512,
                    "activation": "tanh",
                    "use_batchnorm": true,
                    "do_linesearch": false,
                    "n_layers": 7,
                    "hidden_dim": 68,
                    "l2_cls": 0.00040213896135651145,
                    "l2_ghat": 0.0004119033508891423,
                    "boost_lr": 0.10914921370391052,
                    "SWIM_scale": 1.4884589073153291
                },
                {
                    "in_dim": 5,
                    "n_classes": 2,
                    "feature_type": "SWIM",
                    "upscale_type": "SWIM",
                    "randfeat_xt_dim": 512,
                    "randfeat_x0_dim": 512,
                    "activation": "tanh",
                    "use_batchnorm": true,
                    "do_linesearch": false,
                    "n_layers": 6,
                    "hidden_dim": 489,
                    "l2_cls": 0.00014137317862479706,
                    "l2_ghat": 0.0003618600739922726,
                    "boost_lr": 0.10026012633183948,
                    "SWIM_scale": 1.920495402365852
                },
                {
                    "in_dim": 5,
                    "n_classes": 2,
                    "feature_type": "SWIM",
                    "upscale_type": "SWIM",
                    "randfeat_xt_dim": 512,
                    "randfeat_x0_dim": 512,
                    "activation": "tanh",
                    "use_batchnorm": true,
                    "do_linesearch": false,
                    "n_layers": 4,
                    "hidden_dim": 21,
                    "l2_cls": 0.0006922977614068067,
                    "l2_ghat": 3.0415772110085112e-05,
                    "boost_lr": 0.12909107862343439,
                    "SWIM_scale": 1.613881228240914
                },
                {
                    "in_dim": 5,
                    "n_classes": 2,
                    "feature_type": "SWIM",
                    "upscale_type": "SWIM",
                    "randfeat_xt_dim": 512,
                    "randfeat_x0_dim": 512,
                    "activation": "tanh",
                    "use_batchnorm": true,
                    "do_linesearch": false,
                    "n_layers": 9,
                    "hidden_dim": 455,
                    "l2_cls": 0.0008114798548949735,
                    "l2_ghat": 0.0008237622851171024,
                    "boost_lr": 0.25290416871476445,
                    "SWIM_scale": 1.8557822774883308
                }
            ]
        }
    }
}