{
    "40668": {
        "RFRBoost_ID_batchnormFalse": {
            "score_train": [
                -0.8162500262260437,
                -0.862500011920929,
                -0.8332499861717224,
                -0.8262500166893005,
                -0.8355000019073486
            ],
            "score_test": [
                -0.7749999761581421,
                -0.781000018119812,
                -0.7519999742507935,
                -0.7850000262260437,
                -0.7639999985694885
            ],
            "t_fit": [
                10.537285700440407,
                1.533877681940794,
                1.86811114102602,
                4.5019060634076595,
                1.7759199254214764
            ],
            "t_inference": [
                0.6786181926727295,
                0.2529834248125553,
                0.24534009769558907,
                0.5674852579832077,
                0.24593420699238777
            ],
            "hyperparams": [
                {
                    "in_dim": 126,
                    "n_classes": 3,
                    "feature_type": "SWIM",
                    "upscale_type": "identity",
                    "randfeat_xt_dim": 512,
                    "randfeat_x0_dim": 512,
                    "activation": "tanh",
                    "use_batchnorm": false,
                    "do_linesearch": true,
                    "n_layers": 8,
                    "hidden_dim": 126,
                    "l2_cls": 7.2323396946498415e-06,
                    "l2_ghat": 0.06618867137394296,
                    "boost_lr": 0.37011999623103836,
                    "SWIM_scale": 0.8350299738827418
                },
                {
                    "in_dim": 126,
                    "n_classes": 3,
                    "feature_type": "SWIM",
                    "upscale_type": "identity",
                    "randfeat_xt_dim": 512,
                    "randfeat_x0_dim": 512,
                    "activation": "tanh",
                    "use_batchnorm": false,
                    "do_linesearch": true,
                    "n_layers": 3,
                    "hidden_dim": 126,
                    "l2_cls": 0.5250006825374866,
                    "l2_ghat": 3.3345111911507364e-05,
                    "boost_lr": 0.27603856643382285,
                    "SWIM_scale": 0.8636103765608308
                },
                {
                    "in_dim": 126,
                    "n_classes": 3,
                    "feature_type": "SWIM",
                    "upscale_type": "identity",
                    "randfeat_xt_dim": 512,
                    "randfeat_x0_dim": 512,
                    "activation": "tanh",
                    "use_batchnorm": false,
                    "do_linesearch": true,
                    "n_layers": 3,
                    "hidden_dim": 126,
                    "l2_cls": 0.0019706592401485066,
                    "l2_ghat": 0.0015698758324955299,
                    "boost_lr": 0.3606371689859903,
                    "SWIM_scale": 1.084035407969324
                },
                {
                    "in_dim": 126,
                    "n_classes": 3,
                    "feature_type": "SWIM",
                    "upscale_type": "identity",
                    "randfeat_xt_dim": 512,
                    "randfeat_x0_dim": 512,
                    "activation": "tanh",
                    "use_batchnorm": false,
                    "do_linesearch": true,
                    "n_layers": 7,
                    "hidden_dim": 126,
                    "l2_cls": 0.0010319539518549475,
                    "l2_ghat": 0.005634911571499285,
                    "boost_lr": 0.1063773255433551,
                    "SWIM_scale": 1.4992553068213985
                },
                {
                    "in_dim": 126,
                    "n_classes": 3,
                    "feature_type": "SWIM",
                    "upscale_type": "identity",
                    "randfeat_xt_dim": 512,
                    "randfeat_x0_dim": 512,
                    "activation": "tanh",
                    "use_batchnorm": false,
                    "do_linesearch": true,
                    "n_layers": 3,
                    "hidden_dim": 126,
                    "l2_cls": 0.005313748742117417,
                    "l2_ghat": 3.118464994483439e-05,
                    "boost_lr": 0.15702399780898899,
                    "SWIM_scale": 0.8207766209318594
                }
            ]
        }
    }
}