{
    "40982": {
        "End2End_cpu": {
            "score_train": [
                -0.998711347579956,
                -0.9047005772590637,
                -0.9742434024810791,
                -0.9948486685752869,
                -0.9993560910224915
            ],
            "score_test": [
                -0.7634961605072021,
                -0.7319587469100952,
                -0.7938144207000732,
                -0.7757731676101685,
                -0.7731958627700806
            ],
            "t_fit": [
                9.899105306714773,
                1.389480471611023,
                3.6259639095515013,
                5.529930846765637,
                18.762420013546944
            ],
            "t_inference": [
                0.18210795149207115,
                0.026882458478212357,
                0.08566583320498466,
                0.17104721628129482,
                0.16070513799786568
            ],
            "hyperparams": [
                {
                    "in_dim": 27,
                    "out_dim": 7,
                    "loss": "cce",
                    "bottleneck_dim": 512,
                    "n_blocks": 5,
                    "hidden_dim": 502,
                    "lr": 0.00013868871527349686,
                    "end_lr_factor": 0.0630363820933956,
                    "n_epochs": 21,
                    "weight_decay": 3.6120223988200368e-06,
                    "batch_size": 384
                },
                {
                    "in_dim": 27,
                    "out_dim": 7,
                    "loss": "cce",
                    "bottleneck_dim": 512,
                    "n_blocks": 1,
                    "hidden_dim": 322,
                    "lr": 0.007128966460642437,
                    "end_lr_factor": 0.1581781864424132,
                    "n_epochs": 12,
                    "weight_decay": 1.269056992551028e-06,
                    "batch_size": 128
                },
                {
                    "in_dim": 27,
                    "out_dim": 7,
                    "loss": "cce",
                    "bottleneck_dim": 512,
                    "n_blocks": 2,
                    "hidden_dim": 465,
                    "lr": 0.0017039907745048982,
                    "end_lr_factor": 0.09392127485566219,
                    "n_epochs": 17,
                    "weight_decay": 1.9982115417676626e-06,
                    "batch_size": 256
                },
                {
                    "in_dim": 27,
                    "out_dim": 7,
                    "loss": "cce",
                    "bottleneck_dim": 512,
                    "n_blocks": 5,
                    "hidden_dim": 442,
                    "lr": 0.0003511487369846393,
                    "end_lr_factor": 0.09336470423068112,
                    "n_epochs": 10,
                    "weight_decay": 4.6580206005750815e-06,
                    "batch_size": 128
                },
                {
                    "in_dim": 27,
                    "out_dim": 7,
                    "loss": "cce",
                    "bottleneck_dim": 512,
                    "n_blocks": 5,
                    "hidden_dim": 397,
                    "lr": 0.00022235228290615688,
                    "end_lr_factor": 0.23763691561486913,
                    "n_epochs": 45,
                    "weight_decay": 0.00023082888595549991,
                    "batch_size": 256
                }
            ]
        }
    }
}