{
    "40668": {
        "RFNN": {
            "score_train": [
                -0.7885000109672546,
                -0.7817500233650208,
                -0.7987499833106995,
                -0.7864999771118164,
                -0.7919999957084656
            ],
            "score_test": [
                -0.7670000195503235,
                -0.7580000162124634,
                -0.7429999709129333,
                -0.781000018119812,
                -0.7609999775886536
            ],
            "t_fit": [
                2.8944604806602,
                2.4186308085918427,
                4.572277892380953,
                3.3863256983458996,
                3.015100296586752
            ],
            "t_inference": [
                0.030075199902057648,
                0.046275727450847626,
                0.030485618859529495,
                0.03542526811361313,
                0.024512149393558502
            ],
            "hyperparams": [
                {
                    "n_layers": 0,
                    "in_dim": 126,
                    "n_classes": 3,
                    "upscale_type": "SWIM",
                    "activation": "tanh",
                    "use_batchnorm": false,
                    "hidden_dim": 454,
                    "SWIM_scale": 0.9658552178013182,
                    "l2_cls": 1.4571752742213776e-05
                },
                {
                    "n_layers": 0,
                    "in_dim": 126,
                    "n_classes": 3,
                    "upscale_type": "SWIM",
                    "activation": "tanh",
                    "use_batchnorm": false,
                    "hidden_dim": 506,
                    "SWIM_scale": 1.3331432488149901,
                    "l2_cls": 0.00014746667092805393
                },
                {
                    "n_layers": 0,
                    "in_dim": 126,
                    "n_classes": 3,
                    "upscale_type": "SWIM",
                    "activation": "tanh",
                    "use_batchnorm": false,
                    "hidden_dim": 492,
                    "SWIM_scale": 0.8608596507755899,
                    "l2_cls": 1.0945494307720469e-05
                },
                {
                    "n_layers": 0,
                    "in_dim": 126,
                    "n_classes": 3,
                    "upscale_type": "SWIM",
                    "activation": "tanh",
                    "use_batchnorm": false,
                    "hidden_dim": 390,
                    "SWIM_scale": 1.0909583789697055,
                    "l2_cls": 2.5193352332411335e-05
                },
                {
                    "n_layers": 0,
                    "in_dim": 126,
                    "n_classes": 3,
                    "upscale_type": "SWIM",
                    "activation": "tanh",
                    "use_batchnorm": false,
                    "hidden_dim": 358,
                    "SWIM_scale": 0.9842860600912247,
                    "l2_cls": 1.4285393326103188e-05
                }
            ]
        }
    }
}