{
    "40668": {
        "RFRBoost_upscaleiid_linesearchFalse_batchnormFalse": {
            "score_train": [
                -0.8230000138282776,
                -0.8090000152587891,
                -0.8517500162124634,
                -0.8367499709129333,
                -0.8447499871253967
            ],
            "score_test": [
                -0.777999997138977,
                -0.7720000147819519,
                -0.7559999823570251,
                -0.7910000085830688,
                -0.7630000114440918
            ],
            "t_fit": [
                1.9884755089879036,
                1.4077887646853924,
                1.5058037862181664,
                3.4220666475594044,
                2.164551328867674
            ],
            "t_inference": [
                0.4440929777920246,
                0.30470626801252365,
                0.3922000490128994,
                1.0245956517755985,
                0.5487123802304268
            ],
            "hyperparams": [
                {
                    "in_dim": 126,
                    "n_classes": 3,
                    "feature_type": "SWIM",
                    "upscale_type": "iid",
                    "randfeat_xt_dim": 512,
                    "randfeat_x0_dim": 512,
                    "activation": "tanh",
                    "use_batchnorm": false,
                    "do_linesearch": false,
                    "n_layers": 4,
                    "hidden_dim": 199,
                    "l2_cls": 0.0032871537259396154,
                    "l2_ghat": 0.020058943210739102,
                    "boost_lr": 0.5345859274702744,
                    "SWIM_scale": 1.873525288246717
                },
                {
                    "in_dim": 126,
                    "n_classes": 3,
                    "feature_type": "SWIM",
                    "upscale_type": "iid",
                    "randfeat_xt_dim": 512,
                    "randfeat_x0_dim": 512,
                    "activation": "tanh",
                    "use_batchnorm": false,
                    "do_linesearch": false,
                    "n_layers": 3,
                    "hidden_dim": 183,
                    "l2_cls": 0.003918755987085328,
                    "l2_ghat": 0.01817406391110346,
                    "boost_lr": 0.5130636575306114,
                    "SWIM_scale": 1.9833437308925694
                },
                {
                    "in_dim": 126,
                    "n_classes": 3,
                    "feature_type": "SWIM",
                    "upscale_type": "iid",
                    "randfeat_xt_dim": 512,
                    "randfeat_x0_dim": 512,
                    "activation": "tanh",
                    "use_batchnorm": false,
                    "do_linesearch": false,
                    "n_layers": 2,
                    "hidden_dim": 462,
                    "l2_cls": 0.01078487089313881,
                    "l2_ghat": 9.462030813403777e-05,
                    "boost_lr": 0.2993108580849143,
                    "SWIM_scale": 1.726753098683753
                },
                {
                    "in_dim": 126,
                    "n_classes": 3,
                    "feature_type": "SWIM",
                    "upscale_type": "iid",
                    "randfeat_xt_dim": 512,
                    "randfeat_x0_dim": 512,
                    "activation": "tanh",
                    "use_batchnorm": false,
                    "do_linesearch": false,
                    "n_layers": 5,
                    "hidden_dim": 505,
                    "l2_cls": 0.06257395001406386,
                    "l2_ghat": 0.0048846602654106135,
                    "boost_lr": 0.5980929705803463,
                    "SWIM_scale": 1.9694091222302883
                },
                {
                    "in_dim": 126,
                    "n_classes": 3,
                    "feature_type": "SWIM",
                    "upscale_type": "iid",
                    "randfeat_xt_dim": 512,
                    "randfeat_x0_dim": 512,
                    "activation": "tanh",
                    "use_batchnorm": false,
                    "do_linesearch": false,
                    "n_layers": 3,
                    "hidden_dim": 496,
                    "l2_cls": 0.009843284714144349,
                    "l2_ghat": 0.00014479485903949124,
                    "boost_lr": 0.4122465127504294,
                    "SWIM_scale": 0.9970986193356167
                }
            ]
        }
    }
}