{
    "1462": {
        "RFRBoost": {
            "score_train": [
                -1.0,
                -1.0,
                -1.0,
                -1.0,
                -1.0
            ],
            "score_test": [
                -1.0,
                -1.0,
                -1.0,
                -1.0,
                -1.0
            ],
            "t_fit": [
                1.2890246286988258,
                1.037196435034275,
                1.6530269086360931,
                1.7323280274868011,
                0.5840391367673874
            ],
            "t_inference": [
                0.12395470589399338,
                0.13513244688510895,
                0.29832836240530014,
                0.2691071107983589,
                0.07856091111898422
            ],
            "hyperparams": [
                {
                    "in_dim": 4,
                    "n_classes": 2,
                    "feature_type": "SWIM",
                    "upscale_type": "SWIM",
                    "randfeat_xt_dim": 512,
                    "randfeat_x0_dim": 512,
                    "activation": "tanh",
                    "use_batchnorm": true,
                    "do_linesearch": true,
                    "n_layers": 5,
                    "hidden_dim": 131,
                    "l2_cls": 1.0023367383262594e-07,
                    "l2_ghat": 0.38926570513655917,
                    "boost_lr": 0.5957211245034942,
                    "SWIM_scale": 1.5271084809942927
                },
                {
                    "in_dim": 4,
                    "n_classes": 2,
                    "feature_type": "SWIM",
                    "upscale_type": "SWIM",
                    "randfeat_xt_dim": 512,
                    "randfeat_x0_dim": 512,
                    "activation": "tanh",
                    "use_batchnorm": true,
                    "do_linesearch": true,
                    "n_layers": 4,
                    "hidden_dim": 247,
                    "l2_cls": 1.489234402506122e-07,
                    "l2_ghat": 3.424116072222751e-05,
                    "boost_lr": 0.10496218769915618,
                    "SWIM_scale": 1.5829028725331937
                },
                {
                    "in_dim": 4,
                    "n_classes": 2,
                    "feature_type": "SWIM",
                    "upscale_type": "SWIM",
                    "randfeat_xt_dim": 512,
                    "randfeat_x0_dim": 512,
                    "activation": "tanh",
                    "use_batchnorm": true,
                    "do_linesearch": true,
                    "n_layers": 5,
                    "hidden_dim": 501,
                    "l2_cls": 1.0232776130728695e-07,
                    "l2_ghat": 0.004216149836792897,
                    "boost_lr": 0.7510674408319757,
                    "SWIM_scale": 1.8676397148749864
                },
                {
                    "in_dim": 4,
                    "n_classes": 2,
                    "feature_type": "SWIM",
                    "upscale_type": "SWIM",
                    "randfeat_xt_dim": 512,
                    "randfeat_x0_dim": 512,
                    "activation": "tanh",
                    "use_batchnorm": true,
                    "do_linesearch": true,
                    "n_layers": 4,
                    "hidden_dim": 473,
                    "l2_cls": 1.006859593670305e-07,
                    "l2_ghat": 0.10512388389838938,
                    "boost_lr": 0.5165814023053178,
                    "SWIM_scale": 1.453691105284334
                },
                {
                    "in_dim": 4,
                    "n_classes": 2,
                    "feature_type": "SWIM",
                    "upscale_type": "SWIM",
                    "randfeat_xt_dim": 512,
                    "randfeat_x0_dim": 512,
                    "activation": "tanh",
                    "use_batchnorm": true,
                    "do_linesearch": true,
                    "n_layers": 1,
                    "hidden_dim": 510,
                    "l2_cls": 1.0609071384982878e-07,
                    "l2_ghat": 1.51374187199535e-05,
                    "boost_lr": 0.16651224856079,
                    "SWIM_scale": 1.6491038024818698
                }
            ]
        }
    }
}