{
    "1497": {
        "RFRBoost_ID": {
            "score_train": [
                -0.9775000214576721,
                -0.9667500257492065,
                -0.9712499976158142,
                -0.9674999713897705,
                -0.9712499976158142
            ],
            "score_test": [
                -0.9290000200271606,
                -0.9190000295639038,
                -0.9169999957084656,
                -0.9120000004768372,
                -0.9229999780654907
            ],
            "t_fit": [
                3.120322585105896,
                2.4962365850806236,
                1.0058972239494324,
                2.0408284068107605,
                1.921003445982933
            ],
            "t_inference": [
                0.3665538765490055,
                0.3188632018864155,
                0.11271895468235016,
                0.23307523131370544,
                0.22344159707427025
            ],
            "hyperparams": [
                {
                    "in_dim": 24,
                    "n_classes": 4,
                    "feature_type": "SWIM",
                    "upscale_type": "identity",
                    "randfeat_xt_dim": 512,
                    "randfeat_x0_dim": 512,
                    "activation": "tanh",
                    "use_batchnorm": true,
                    "do_linesearch": true,
                    "n_layers": 5,
                    "hidden_dim": 50,
                    "l2_cls": 0.003873736247441532,
                    "l2_ghat": 0.00573797422514966,
                    "boost_lr": 0.41808214791270903,
                    "SWIM_scale": 1.9541800143505612
                },
                {
                    "in_dim": 24,
                    "n_classes": 4,
                    "feature_type": "SWIM",
                    "upscale_type": "identity",
                    "randfeat_xt_dim": 512,
                    "randfeat_x0_dim": 512,
                    "activation": "tanh",
                    "use_batchnorm": true,
                    "do_linesearch": true,
                    "n_layers": 5,
                    "hidden_dim": 113,
                    "l2_cls": 0.0017742911874798317,
                    "l2_ghat": 0.00987622183539166,
                    "boost_lr": 0.4273494009565482,
                    "SWIM_scale": 1.848596207675756
                },
                {
                    "in_dim": 24,
                    "n_classes": 4,
                    "feature_type": "SWIM",
                    "upscale_type": "identity",
                    "randfeat_xt_dim": 512,
                    "randfeat_x0_dim": 512,
                    "activation": "tanh",
                    "use_batchnorm": true,
                    "do_linesearch": true,
                    "n_layers": 2,
                    "hidden_dim": 111,
                    "l2_cls": 0.006477462132999608,
                    "l2_ghat": 8.976111804844957e-06,
                    "boost_lr": 0.48682841138077115,
                    "SWIM_scale": 0.7524711938277747
                },
                {
                    "in_dim": 24,
                    "n_classes": 4,
                    "feature_type": "SWIM",
                    "upscale_type": "identity",
                    "randfeat_xt_dim": 512,
                    "randfeat_x0_dim": 512,
                    "activation": "tanh",
                    "use_batchnorm": true,
                    "do_linesearch": true,
                    "n_layers": 4,
                    "hidden_dim": 141,
                    "l2_cls": 0.0021038039224193605,
                    "l2_ghat": 0.0005589739025287487,
                    "boost_lr": 0.3486735644223767,
                    "SWIM_scale": 1.2618338932831836
                },
                {
                    "in_dim": 24,
                    "n_classes": 4,
                    "feature_type": "SWIM",
                    "upscale_type": "identity",
                    "randfeat_xt_dim": 512,
                    "randfeat_x0_dim": 512,
                    "activation": "tanh",
                    "use_batchnorm": true,
                    "do_linesearch": true,
                    "n_layers": 5,
                    "hidden_dim": 99,
                    "l2_cls": 0.003067448109824187,
                    "l2_ghat": 0.004728096218441411,
                    "boost_lr": 0.42973120556685934,
                    "SWIM_scale": 1.3994157052234972
                }
            ]
        }
    }
}