{
    "40966": {
        "RFRBoost_linesearchFalse": {
            "score_train": [
                -1.0,
                -1.0,
                -1.0,
                -1.0,
                -1.0
            ],
            "score_test": [
                -0.9953703880310059,
                -1.0,
                -1.0,
                -1.0,
                -0.9953703880310059
            ],
            "t_fit": [
                4.018876692280173,
                6.4553566519171,
                4.438678115606308,
                2.385348990559578,
                1.9881066754460335
            ],
            "t_inference": [
                0.09352010861039162,
                0.23092033714056015,
                0.17024921625852585,
                0.1075050812214613,
                0.07265927270054817
            ],
            "hyperparams": [
                {
                    "in_dim": 77,
                    "n_classes": 8,
                    "feature_type": "SWIM",
                    "upscale_type": "SWIM",
                    "randfeat_xt_dim": 512,
                    "randfeat_x0_dim": 512,
                    "activation": "tanh",
                    "use_batchnorm": true,
                    "do_linesearch": false,
                    "n_layers": 4,
                    "hidden_dim": 184,
                    "l2_cls": 4.2406822109886126e-07,
                    "l2_ghat": 0.00014475120086808265,
                    "boost_lr": 0.24202158894827816,
                    "SWIM_scale": 0.8887234273405924
                },
                {
                    "in_dim": 77,
                    "n_classes": 8,
                    "feature_type": "SWIM",
                    "upscale_type": "SWIM",
                    "randfeat_xt_dim": 512,
                    "randfeat_x0_dim": 512,
                    "activation": "tanh",
                    "use_batchnorm": true,
                    "do_linesearch": false,
                    "n_layers": 4,
                    "hidden_dim": 507,
                    "l2_cls": 1.1088575300664525e-06,
                    "l2_ghat": 0.0013440361073695695,
                    "boost_lr": 0.256221114174461,
                    "SWIM_scale": 1.134302318798885
                },
                {
                    "in_dim": 77,
                    "n_classes": 8,
                    "feature_type": "SWIM",
                    "upscale_type": "SWIM",
                    "randfeat_xt_dim": 512,
                    "randfeat_x0_dim": 512,
                    "activation": "tanh",
                    "use_batchnorm": true,
                    "do_linesearch": false,
                    "n_layers": 4,
                    "hidden_dim": 339,
                    "l2_cls": 1.5079180957200292e-05,
                    "l2_ghat": 0.00011350099344158337,
                    "boost_lr": 0.5320800130829031,
                    "SWIM_scale": 0.7814242648139148
                },
                {
                    "in_dim": 77,
                    "n_classes": 8,
                    "feature_type": "SWIM",
                    "upscale_type": "SWIM",
                    "randfeat_xt_dim": 512,
                    "randfeat_x0_dim": 512,
                    "activation": "tanh",
                    "use_batchnorm": true,
                    "do_linesearch": false,
                    "n_layers": 4,
                    "hidden_dim": 181,
                    "l2_cls": 5.615229660207568e-05,
                    "l2_ghat": 7.192578430371037e-06,
                    "boost_lr": 0.5954906643950304,
                    "SWIM_scale": 0.43972954826276617
                },
                {
                    "in_dim": 77,
                    "n_classes": 8,
                    "feature_type": "SWIM",
                    "upscale_type": "SWIM",
                    "randfeat_xt_dim": 512,
                    "randfeat_x0_dim": 512,
                    "activation": "tanh",
                    "use_batchnorm": true,
                    "do_linesearch": false,
                    "n_layers": 5,
                    "hidden_dim": 85,
                    "l2_cls": 6.026814744329824e-06,
                    "l2_ghat": 4.504686413734445e-05,
                    "boost_lr": 0.3485751770628255,
                    "SWIM_scale": 0.5008035706770281
                }
            ]
        }
    }
}