{
    "23517": {
        "RFRBoost_ID_batchnormFalse": {
            "score_train": [
                -0.5249999761581421,
                -0.5242499709129333,
                -0.5304999947547913,
                -0.5375000238418579,
                -0.5235000252723694
            ],
            "score_test": [
                -0.5120000243186951,
                -0.49799999594688416,
                -0.5,
                -0.4830000102519989,
                -0.5130000114440918
            ],
            "t_fit": [
                0.8371748216450214,
                0.2888396792113781,
                0.5574609488248825,
                1.1316604353487492,
                0.5462372899055481
            ],
            "t_inference": [
                0.13659155368804932,
                0.04373467341065407,
                0.08992403373122215,
                0.17119703441858292,
                0.08540073409676552
            ],
            "hyperparams": [
                {
                    "in_dim": 21,
                    "n_classes": 2,
                    "feature_type": "SWIM",
                    "upscale_type": "identity",
                    "randfeat_xt_dim": 512,
                    "randfeat_x0_dim": 512,
                    "activation": "tanh",
                    "use_batchnorm": false,
                    "do_linesearch": true,
                    "n_layers": 3,
                    "hidden_dim": 218,
                    "l2_cls": 0.09919320725521229,
                    "l2_ghat": 6.83008728984585,
                    "boost_lr": 0.16415805428702068,
                    "SWIM_scale": 0.9992244292770489
                },
                {
                    "in_dim": 21,
                    "n_classes": 2,
                    "feature_type": "SWIM",
                    "upscale_type": "identity",
                    "randfeat_xt_dim": 512,
                    "randfeat_x0_dim": 512,
                    "activation": "tanh",
                    "use_batchnorm": false,
                    "do_linesearch": true,
                    "n_layers": 1,
                    "hidden_dim": 120,
                    "l2_cls": 0.09769883680177609,
                    "l2_ghat": 2.3587801627502474,
                    "boost_lr": 0.10007279610030283,
                    "SWIM_scale": 1.5859755695869393
                },
                {
                    "in_dim": 21,
                    "n_classes": 2,
                    "feature_type": "SWIM",
                    "upscale_type": "identity",
                    "randfeat_xt_dim": 512,
                    "randfeat_x0_dim": 512,
                    "activation": "tanh",
                    "use_batchnorm": false,
                    "do_linesearch": true,
                    "n_layers": 2,
                    "hidden_dim": 153,
                    "l2_cls": 0.09949151253425326,
                    "l2_ghat": 5.560434786866973,
                    "boost_lr": 0.705801788133925,
                    "SWIM_scale": 0.5501259471513299
                },
                {
                    "in_dim": 21,
                    "n_classes": 2,
                    "feature_type": "SWIM",
                    "upscale_type": "identity",
                    "randfeat_xt_dim": 512,
                    "randfeat_x0_dim": 512,
                    "activation": "tanh",
                    "use_batchnorm": false,
                    "do_linesearch": true,
                    "n_layers": 4,
                    "hidden_dim": 216,
                    "l2_cls": 0.026162140767009793,
                    "l2_ghat": 2.7053477220541353,
                    "boost_lr": 0.15797738264444275,
                    "SWIM_scale": 0.9922618004042629
                },
                {
                    "in_dim": 21,
                    "n_classes": 2,
                    "feature_type": "SWIM",
                    "upscale_type": "identity",
                    "randfeat_xt_dim": 512,
                    "randfeat_x0_dim": 512,
                    "activation": "tanh",
                    "use_batchnorm": false,
                    "do_linesearch": true,
                    "n_layers": 2,
                    "hidden_dim": 73,
                    "l2_cls": 0.0983269455520926,
                    "l2_ghat": 2.16429681052101,
                    "boost_lr": 0.10099671172540335,
                    "SWIM_scale": 0.5023304009931148
                }
            ]
        }
    }
}