{
    "40982": {
        "RFNN": {
            "score_train": [
                -0.8060566782951355,
                -0.7913715243339539,
                -0.810045063495636,
                -0.8055376410484314,
                -0.8081133365631104
            ],
            "score_test": [
                -0.76606684923172,
                -0.6984536051750183,
                -0.7474226951599121,
                -0.7474226951599121,
                -0.7603092789649963
            ],
            "t_fit": [
                1.9811136326752603,
                1.6766970632597804,
                1.252244820818305,
                1.9216786590404809,
                1.9530398449860513
            ],
            "t_inference": [
                0.0071034859865903854,
                0.00277262507006526,
                0.006278251297771931,
                0.005625491961836815,
                0.00659498106688261
            ],
            "hyperparams": [
                {
                    "n_layers": 0,
                    "in_dim": 27,
                    "n_classes": 7,
                    "upscale_type": "SWIM",
                    "activation": "tanh",
                    "use_batchnorm": false,
                    "hidden_dim": 403,
                    "SWIM_scale": 1.6382659594444537,
                    "l2_cls": 0.0012906646754732023
                },
                {
                    "n_layers": 0,
                    "in_dim": 27,
                    "n_classes": 7,
                    "upscale_type": "SWIM",
                    "activation": "tanh",
                    "use_batchnorm": false,
                    "hidden_dim": 95,
                    "SWIM_scale": 0.48824580948480445,
                    "l2_cls": 3.0427559505120437e-06
                },
                {
                    "n_layers": 0,
                    "in_dim": 27,
                    "n_classes": 7,
                    "upscale_type": "SWIM",
                    "activation": "tanh",
                    "use_batchnorm": false,
                    "hidden_dim": 420,
                    "SWIM_scale": 1.8935414756286486,
                    "l2_cls": 0.0017036248832668925
                },
                {
                    "n_layers": 0,
                    "in_dim": 27,
                    "n_classes": 7,
                    "upscale_type": "SWIM",
                    "activation": "tanh",
                    "use_batchnorm": false,
                    "hidden_dim": 235,
                    "SWIM_scale": 0.7502262990752975,
                    "l2_cls": 3.6508071499313126e-05
                },
                {
                    "n_layers": 0,
                    "in_dim": 27,
                    "n_classes": 7,
                    "upscale_type": "SWIM",
                    "activation": "tanh",
                    "use_batchnorm": false,
                    "hidden_dim": 312,
                    "SWIM_scale": 1.4292369000260963,
                    "l2_cls": 0.0006293561456969173
                }
            ]
        }
    }
}