{
    "4538": {
        "RFNN": {
            "score_train": [
                -0.5715000033378601,
                -0.5855000019073486,
                -0.5742499828338623,
                -0.5720000267028809,
                -0.5877500176429749
            ],
            "score_test": [
                -0.5210000276565552,
                -0.5630000233650208,
                -0.527999997138977,
                -0.4970000088214874,
                -0.5009999871253967
            ],
            "t_fit": [
                1.3416276555508375,
                1.9145427867770195,
                1.514980148524046,
                0.8108944054692984,
                1.015985257923603
            ],
            "t_inference": [
                0.028236186131834984,
                0.03261696733534336,
                0.032359588891267776,
                0.020550938323140144,
                0.022206224501132965
            ],
            "hyperparams": [
                {
                    "n_layers": 0,
                    "in_dim": 32,
                    "n_classes": 5,
                    "upscale_type": "SWIM",
                    "activation": "tanh",
                    "use_batchnorm": false,
                    "hidden_dim": 448,
                    "SWIM_scale": 1.1816803564457186,
                    "l2_cls": 0.008580713729447777
                },
                {
                    "n_layers": 0,
                    "in_dim": 32,
                    "n_classes": 5,
                    "upscale_type": "SWIM",
                    "activation": "tanh",
                    "use_batchnorm": false,
                    "hidden_dim": 506,
                    "SWIM_scale": 1.3088929243087235,
                    "l2_cls": 0.006534783585018098
                },
                {
                    "n_layers": 0,
                    "in_dim": 32,
                    "n_classes": 5,
                    "upscale_type": "SWIM",
                    "activation": "tanh",
                    "use_batchnorm": false,
                    "hidden_dim": 500,
                    "SWIM_scale": 1.2067879131970185,
                    "l2_cls": 0.009165781424899292
                },
                {
                    "n_layers": 0,
                    "in_dim": 32,
                    "n_classes": 5,
                    "upscale_type": "SWIM",
                    "activation": "tanh",
                    "use_batchnorm": false,
                    "hidden_dim": 423,
                    "SWIM_scale": 1.9944039013958716,
                    "l2_cls": 0.015817462179723747
                },
                {
                    "n_layers": 0,
                    "in_dim": 32,
                    "n_classes": 5,
                    "upscale_type": "SWIM",
                    "activation": "tanh",
                    "use_batchnorm": false,
                    "hidden_dim": 414,
                    "SWIM_scale": 1.9638064295880673,
                    "l2_cls": 0.010127262756425906
                }
            ]
        }
    }
}