{
    "23381": {
        "RFRBoost": {
            "score_train": [
                -0.6700000166893005,
                -0.6825000047683716,
                -0.675000011920929,
                -0.6675000190734863,
                -0.6575000286102295
            ],
            "score_test": [
                -0.6100000143051147,
                -0.6200000047683716,
                -0.5699999928474426,
                -0.699999988079071,
                -0.6000000238418579
            ],
            "t_fit": [
                0.3039168640971184,
                0.2549535781145096,
                0.1798139438033104,
                0.27878300845623016,
                0.09674251079559326
            ],
            "t_inference": [
                0.018616683781147003,
                0.014618627727031708,
                0.007087573409080505,
                0.015459708869457245,
                0.006155379116535187
            ],
            "hyperparams": [
                {
                    "in_dim": 156,
                    "n_classes": 2,
                    "feature_type": "SWIM",
                    "upscale_type": "SWIM",
                    "randfeat_xt_dim": 512,
                    "randfeat_x0_dim": 512,
                    "activation": "tanh",
                    "use_batchnorm": true,
                    "do_linesearch": true,
                    "n_layers": 3,
                    "hidden_dim": 28,
                    "l2_cls": 0.04284183249085561,
                    "l2_ghat": 3.8919664682412978,
                    "boost_lr": 0.1485103034050058,
                    "SWIM_scale": 0.7575116837624963
                },
                {
                    "in_dim": 156,
                    "n_classes": 2,
                    "feature_type": "SWIM",
                    "upscale_type": "SWIM",
                    "randfeat_xt_dim": 512,
                    "randfeat_x0_dim": 512,
                    "activation": "tanh",
                    "use_batchnorm": true,
                    "do_linesearch": true,
                    "n_layers": 2,
                    "hidden_dim": 34,
                    "l2_cls": 0.07061787053258703,
                    "l2_ghat": 9.181694696784968,
                    "boost_lr": 0.22389100695048564,
                    "SWIM_scale": 0.5634984966271787
                },
                {
                    "in_dim": 156,
                    "n_classes": 2,
                    "feature_type": "SWIM",
                    "upscale_type": "SWIM",
                    "randfeat_xt_dim": 512,
                    "randfeat_x0_dim": 512,
                    "activation": "tanh",
                    "use_batchnorm": true,
                    "do_linesearch": true,
                    "n_layers": 1,
                    "hidden_dim": 20,
                    "l2_cls": 3.1820224947337573e-07,
                    "l2_ghat": 0.2232320117773033,
                    "boost_lr": 0.12469982622567685,
                    "SWIM_scale": 0.4093935372817552
                },
                {
                    "in_dim": 156,
                    "n_classes": 2,
                    "feature_type": "SWIM",
                    "upscale_type": "SWIM",
                    "randfeat_xt_dim": 512,
                    "randfeat_x0_dim": 512,
                    "activation": "tanh",
                    "use_batchnorm": true,
                    "do_linesearch": true,
                    "n_layers": 2,
                    "hidden_dim": 33,
                    "l2_cls": 0.00967054666485182,
                    "l2_ghat": 9.75694631897514,
                    "boost_lr": 0.5447274869198482,
                    "SWIM_scale": 0.4673331293215846
                },
                {
                    "in_dim": 156,
                    "n_classes": 2,
                    "feature_type": "SWIM",
                    "upscale_type": "SWIM",
                    "randfeat_xt_dim": 512,
                    "randfeat_x0_dim": 512,
                    "activation": "tanh",
                    "use_batchnorm": true,
                    "do_linesearch": true,
                    "n_layers": 1,
                    "hidden_dim": 20,
                    "l2_cls": 0.0703360682114191,
                    "l2_ghat": 9.598357380545972,
                    "boost_lr": 0.20798342499326963,
                    "SWIM_scale": 0.7307825759537911
                }
            ]
        }
    }
}