{
    "1053": {
        "RFRBoost_upscaleiid_linesearchFalse": {
            "score_train": [
                -0.8192499876022339,
                -0.8272500038146973,
                -0.8172500133514404,
                -0.8209999799728394,
                -0.8130000233650208
            ],
            "score_test": [
                -0.8130000233650208,
                -0.7960000038146973,
                -0.8209999799728394,
                -0.7979999780654907,
                -0.8259999752044678
            ],
            "t_fit": [
                4.128288917243481,
                4.016479786485434,
                1.483401633799076,
                2.128268960863352,
                2.3422707729041576
            ],
            "t_inference": [
                1.2509361058473587,
                0.9950640499591827,
                0.24666957929730415,
                0.3571695275604725,
                0.568440705537796
            ],
            "hyperparams": [
                {
                    "in_dim": 21,
                    "n_classes": 2,
                    "feature_type": "SWIM",
                    "upscale_type": "iid",
                    "randfeat_xt_dim": 512,
                    "randfeat_x0_dim": 512,
                    "activation": "tanh",
                    "use_batchnorm": true,
                    "do_linesearch": false,
                    "n_layers": 5,
                    "hidden_dim": 489,
                    "l2_cls": 0.06909528816944953,
                    "l2_ghat": 0.2327601153521052,
                    "boost_lr": 0.8394198631306713,
                    "SWIM_scale": 1.1695915313348675
                },
                {
                    "in_dim": 21,
                    "n_classes": 2,
                    "feature_type": "SWIM",
                    "upscale_type": "iid",
                    "randfeat_xt_dim": 512,
                    "randfeat_x0_dim": 512,
                    "activation": "tanh",
                    "use_batchnorm": true,
                    "do_linesearch": false,
                    "n_layers": 5,
                    "hidden_dim": 362,
                    "l2_cls": 0.012771505630158839,
                    "l2_ghat": 0.3403652257231225,
                    "boost_lr": 0.8841650313208334,
                    "SWIM_scale": 1.0802342254319326
                },
                {
                    "in_dim": 21,
                    "n_classes": 2,
                    "feature_type": "SWIM",
                    "upscale_type": "iid",
                    "randfeat_xt_dim": 512,
                    "randfeat_x0_dim": 512,
                    "activation": "tanh",
                    "use_batchnorm": true,
                    "do_linesearch": false,
                    "n_layers": 4,
                    "hidden_dim": 38,
                    "l2_cls": 0.024602866646824758,
                    "l2_ghat": 0.3105622532652655,
                    "boost_lr": 0.7203713500282887,
                    "SWIM_scale": 1.7094236690572049
                },
                {
                    "in_dim": 21,
                    "n_classes": 2,
                    "feature_type": "SWIM",
                    "upscale_type": "iid",
                    "randfeat_xt_dim": 512,
                    "randfeat_x0_dim": 512,
                    "activation": "tanh",
                    "use_batchnorm": true,
                    "do_linesearch": false,
                    "n_layers": 5,
                    "hidden_dim": 38,
                    "l2_cls": 0.043451018973352254,
                    "l2_ghat": 0.28838199279671944,
                    "boost_lr": 0.8336748920020218,
                    "SWIM_scale": 1.419307946116796
                },
                {
                    "in_dim": 21,
                    "n_classes": 2,
                    "feature_type": "SWIM",
                    "upscale_type": "iid",
                    "randfeat_xt_dim": 512,
                    "randfeat_x0_dim": 512,
                    "activation": "tanh",
                    "use_batchnorm": true,
                    "do_linesearch": false,
                    "n_layers": 5,
                    "hidden_dim": 215,
                    "l2_cls": 0.017889975775855833,
                    "l2_ghat": 0.6401865921297006,
                    "boost_lr": 0.23189093983169895,
                    "SWIM_scale": 1.5070035574765175
                }
            ]
        }
    }
}