{
    "40975": {
        "RFNN_iid": {
            "score_train": [
                -1.0,
                -1.0,
                -1.0,
                -1.0,
                -1.0
            ],
            "score_test": [
                -0.9595375657081604,
                -0.9653179049491882,
                -0.9797688126564026,
                -0.9768115878105164,
                -0.991304337978363
            ],
            "t_fit": [
                1.3685872592031956,
                1.4005031557753682,
                1.3178986022248864,
                0.9613306364044547,
                1.082376611419022
            ],
            "t_inference": [
                0.006560462526977062,
                0.007692420855164528,
                0.0065575893968343735,
                0.0055421749129891396,
                0.005636671558022499
            ],
            "hyperparams": [
                {
                    "n_layers": 0,
                    "in_dim": 21,
                    "n_classes": 4,
                    "upscale_type": "iid",
                    "activation": "tanh",
                    "use_batchnorm": false,
                    "hidden_dim": 511,
                    "iid_scale": 0.9810385773752803,
                    "l2_cls": 1.2288252871537144e-05
                },
                {
                    "n_layers": 0,
                    "in_dim": 21,
                    "n_classes": 4,
                    "upscale_type": "iid",
                    "activation": "tanh",
                    "use_batchnorm": false,
                    "hidden_dim": 475,
                    "iid_scale": 1.0623710496067003,
                    "l2_cls": 7.3031643544784575e-06
                },
                {
                    "n_layers": 0,
                    "in_dim": 21,
                    "n_classes": 4,
                    "upscale_type": "iid",
                    "activation": "tanh",
                    "use_batchnorm": false,
                    "hidden_dim": 510,
                    "iid_scale": 0.9866674183934349,
                    "l2_cls": 7.248086416278684e-06
                },
                {
                    "n_layers": 0,
                    "in_dim": 21,
                    "n_classes": 4,
                    "upscale_type": "iid",
                    "activation": "tanh",
                    "use_batchnorm": false,
                    "hidden_dim": 495,
                    "iid_scale": 1.0351029070280382,
                    "l2_cls": 1.1198269711770252e-05
                },
                {
                    "n_layers": 0,
                    "in_dim": 21,
                    "n_classes": 4,
                    "upscale_type": "iid",
                    "activation": "tanh",
                    "use_batchnorm": false,
                    "hidden_dim": 511,
                    "iid_scale": 0.9166368673586699,
                    "l2_cls": 1.1333933133692443e-06
                }
            ]
        }
    }
}