{
    "41027": {
        "RFRBoost_upscaleiid_linesearchFalse": {
            "score_train": [
                -0.8644999861717224,
                -0.8855000138282776,
                -0.8792499899864197,
                -0.8755000233650208,
                -0.8827499747276306
            ],
            "score_test": [
                -0.8190000057220459,
                -0.8109999895095825,
                -0.7940000295639038,
                -0.8040000200271606,
                -0.8109999895095825
            ],
            "t_fit": [
                7.148648709058762,
                5.599631179124117,
                5.580976158380508,
                2.5846856273710728,
                6.451742853969336
            ],
            "t_inference": [
                0.986949447542429,
                0.7597872875630856,
                0.8644895330071449,
                0.3036014027893543,
                0.9256548769772053
            ],
            "hyperparams": [
                {
                    "in_dim": 6,
                    "n_classes": 3,
                    "feature_type": "SWIM",
                    "upscale_type": "iid",
                    "randfeat_xt_dim": 512,
                    "randfeat_x0_dim": 512,
                    "activation": "tanh",
                    "use_batchnorm": true,
                    "do_linesearch": false,
                    "n_layers": 5,
                    "hidden_dim": 375,
                    "l2_cls": 0.0006371299241950202,
                    "l2_ghat": 0.0013608861167890716,
                    "boost_lr": 0.4095073837298893,
                    "SWIM_scale": 0.9055994812744281
                },
                {
                    "in_dim": 6,
                    "n_classes": 3,
                    "feature_type": "SWIM",
                    "upscale_type": "iid",
                    "randfeat_xt_dim": 512,
                    "randfeat_x0_dim": 512,
                    "activation": "tanh",
                    "use_batchnorm": true,
                    "do_linesearch": false,
                    "n_layers": 5,
                    "hidden_dim": 412,
                    "l2_cls": 0.0007064227405939179,
                    "l2_ghat": 0.0013985932392569882,
                    "boost_lr": 0.1077950342659997,
                    "SWIM_scale": 1.6482306555026194
                },
                {
                    "in_dim": 6,
                    "n_classes": 3,
                    "feature_type": "SWIM",
                    "upscale_type": "iid",
                    "randfeat_xt_dim": 512,
                    "randfeat_x0_dim": 512,
                    "activation": "tanh",
                    "use_batchnorm": true,
                    "do_linesearch": false,
                    "n_layers": 4,
                    "hidden_dim": 407,
                    "l2_cls": 0.0007134947548724546,
                    "l2_ghat": 2.9186191935446555e-05,
                    "boost_lr": 0.12247856166688431,
                    "SWIM_scale": 0.858551398438728
                },
                {
                    "in_dim": 6,
                    "n_classes": 3,
                    "feature_type": "SWIM",
                    "upscale_type": "iid",
                    "randfeat_xt_dim": 512,
                    "randfeat_x0_dim": 512,
                    "activation": "tanh",
                    "use_batchnorm": true,
                    "do_linesearch": false,
                    "n_layers": 5,
                    "hidden_dim": 97,
                    "l2_cls": 0.001139942650677544,
                    "l2_ghat": 0.0010514855490041497,
                    "boost_lr": 0.22861742227083978,
                    "SWIM_scale": 1.3143924008819003
                },
                {
                    "in_dim": 6,
                    "n_classes": 3,
                    "feature_type": "SWIM",
                    "upscale_type": "iid",
                    "randfeat_xt_dim": 512,
                    "randfeat_x0_dim": 512,
                    "activation": "tanh",
                    "use_batchnorm": true,
                    "do_linesearch": false,
                    "n_layers": 5,
                    "hidden_dim": 510,
                    "l2_cls": 0.0009027770088903339,
                    "l2_ghat": 0.00042568372583606177,
                    "boost_lr": 0.11108376850008761,
                    "SWIM_scale": 1.3490829261155426
                }
            ]
        }
    }
}