{
    "40701": {
        "RFRBoost_ID_linesearchFalse": {
            "score_train": [
                -0.9622499942779541,
                -0.9667500257492065,
                -0.96875,
                -0.9647499918937683,
                -0.9637500047683716
            ],
            "score_test": [
                -0.921999990940094,
                -0.9380000233650208,
                -0.9290000200271606,
                -0.9290000200271606,
                -0.9319999814033508
            ],
            "t_fit": [
                1.3822595588862896,
                1.3718810826539993,
                1.357800293713808,
                1.2163559012115002,
                1.0032317377626896
            ],
            "t_inference": [
                0.23586155846714973,
                0.2361084260046482,
                0.22502855956554413,
                0.20739134028553963,
                0.17123980447649956
            ],
            "hyperparams": [
                {
                    "in_dim": 33,
                    "n_classes": 2,
                    "feature_type": "SWIM",
                    "upscale_type": "identity",
                    "randfeat_xt_dim": 512,
                    "randfeat_x0_dim": 512,
                    "activation": "tanh",
                    "use_batchnorm": true,
                    "do_linesearch": false,
                    "n_layers": 5,
                    "hidden_dim": 27,
                    "l2_cls": 0.028823636120967236,
                    "l2_ghat": 0.03039761282919408,
                    "boost_lr": 0.6527343924701448,
                    "SWIM_scale": 1.9506554676239451
                },
                {
                    "in_dim": 33,
                    "n_classes": 2,
                    "feature_type": "SWIM",
                    "upscale_type": "identity",
                    "randfeat_xt_dim": 512,
                    "randfeat_x0_dim": 512,
                    "activation": "tanh",
                    "use_batchnorm": true,
                    "do_linesearch": false,
                    "n_layers": 5,
                    "hidden_dim": 317,
                    "l2_cls": 0.07147409342282104,
                    "l2_ghat": 0.009894115549775708,
                    "boost_lr": 0.9595571701295995,
                    "SWIM_scale": 1.6820867687486845
                },
                {
                    "in_dim": 33,
                    "n_classes": 2,
                    "feature_type": "SWIM",
                    "upscale_type": "identity",
                    "randfeat_xt_dim": 512,
                    "randfeat_x0_dim": 512,
                    "activation": "tanh",
                    "use_batchnorm": true,
                    "do_linesearch": false,
                    "n_layers": 5,
                    "hidden_dim": 217,
                    "l2_cls": 0.06405005479592012,
                    "l2_ghat": 0.0020154529519710064,
                    "boost_lr": 0.76617461000953,
                    "SWIM_scale": 1.2917815929867054
                },
                {
                    "in_dim": 33,
                    "n_classes": 2,
                    "feature_type": "SWIM",
                    "upscale_type": "identity",
                    "randfeat_xt_dim": 512,
                    "randfeat_x0_dim": 512,
                    "activation": "tanh",
                    "use_batchnorm": true,
                    "do_linesearch": false,
                    "n_layers": 5,
                    "hidden_dim": 94,
                    "l2_cls": 0.048581573524512756,
                    "l2_ghat": 0.0053364141829165285,
                    "boost_lr": 0.8720227311067417,
                    "SWIM_scale": 1.379410980953544
                },
                {
                    "in_dim": 33,
                    "n_classes": 2,
                    "feature_type": "SWIM",
                    "upscale_type": "identity",
                    "randfeat_xt_dim": 512,
                    "randfeat_x0_dim": 512,
                    "activation": "tanh",
                    "use_batchnorm": true,
                    "do_linesearch": false,
                    "n_layers": 4,
                    "hidden_dim": 96,
                    "l2_cls": 0.047083337495013707,
                    "l2_ghat": 0.01143285018556305,
                    "boost_lr": 0.8282396007398592,
                    "SWIM_scale": 1.8596047833444551
                }
            ]
        }
    }
}