{
    "44978": {
        "XGBoostRegressor": {
            "score_train": [
                0.05111508071422577,
                0.04640967771410942,
                0.0547482930123806,
                0.052010662853717804,
                0.06243574991822243
            ],
            "score_test": [
                0.1362355351448059,
                0.12306277453899384,
                0.14170238375663757,
                0.12895193696022034,
                0.11531621217727661
            ],
            "t_fit": [
                4.598384903743863,
                11.87368443980813,
                6.1886788215488195,
                2.750743890181184,
                6.116899970918894
            ],
            "t_inference": [
                0.3854529093950987,
                0.9073426648974419,
                0.4241655357182026,
                0.2410535980015993,
                0.45969586446881294
            ],
            "hyperparams": [
                {
                    "objective": "reg:squarederror",
                    "alpha": 0.0023709025521898484,
                    "lambda": 0.010740517272255916,
                    "learning_rate": 0.021297492186933952,
                    "n_estimators": 1262,
                    "max_depth": 5,
                    "subsample": 0.4953301316931406,
                    "colsample_bytree": 0.7976270338043794
                },
                {
                    "objective": "reg:squarederror",
                    "alpha": 0.00111436923199994,
                    "lambda": 0.24669222973728344,
                    "learning_rate": 0.011290964420550177,
                    "n_estimators": 1876,
                    "max_depth": 6,
                    "subsample": 0.37641401396233887,
                    "colsample_bytree": 0.8785690555098958
                },
                {
                    "objective": "reg:squarederror",
                    "alpha": 0.006407199918420752,
                    "lambda": 0.02548269204991317,
                    "learning_rate": 0.013469840010254416,
                    "n_estimators": 1810,
                    "max_depth": 5,
                    "subsample": 0.5022938864923187,
                    "colsample_bytree": 0.8341082762959078
                },
                {
                    "objective": "reg:squarederror",
                    "alpha": 0.005986065829619364,
                    "lambda": 1.7506818037525582,
                    "learning_rate": 0.04483476781324662,
                    "n_estimators": 1231,
                    "max_depth": 4,
                    "subsample": 0.6536156520529286,
                    "colsample_bytree": 0.7779624031294479
                },
                {
                    "objective": "reg:squarederror",
                    "alpha": 1.2680182670642698e-05,
                    "lambda": 0.9715135248065102,
                    "learning_rate": 0.013509831446531338,
                    "n_estimators": 1677,
                    "max_depth": 5,
                    "subsample": 0.46953308787235265,
                    "colsample_bytree": 0.843125530683848
                }
            ]
        }
    }
}