{
    "45402": {
        "GreedyRFRBoostDense": {
            "score_train": [
                0.425182044506073,
                0.4337987005710602,
                0.4380706548690796,
                0.4508202373981476,
                0.4301791191101074
            ],
            "score_test": [
                0.5284071564674377,
                0.5079513192176819,
                0.4714435935020447,
                0.48802676796913147,
                0.47851625084877014
            ],
            "t_fit": [
                8.125838736072183,
                6.395329569932073,
                4.426819020882249,
                8.282383086858317,
                8.903326861094683
            ],
            "t_inference": [
                1.3806627339217812,
                0.9822536301799119,
                0.5598131690640002,
                1.4958240161649883,
                1.591469746781513
            ],
            "hyperparams": [
                {
                    "in_dim": 6,
                    "out_dim": 1,
                    "feature_type": "SWIM",
                    "upscale_type": "iid",
                    "randfeat_xt_dim": 512,
                    "randfeat_x0_dim": 512,
                    "sandwich_solver": "dense",
                    "n_layers": 14,
                    "hidden_dim": 336,
                    "l2_reg": 0.0027180849263076087,
                    "l2_ghat": 0.6597379444911297,
                    "boost_lr": 1.0,
                    "SWIM_scale": 1.2315784451520257
                },
                {
                    "in_dim": 6,
                    "out_dim": 1,
                    "feature_type": "SWIM",
                    "upscale_type": "iid",
                    "randfeat_xt_dim": 512,
                    "randfeat_x0_dim": 512,
                    "sandwich_solver": "dense",
                    "n_layers": 13,
                    "hidden_dim": 240,
                    "l2_reg": 0.0009242307777721021,
                    "l2_ghat": 1.8125234332683018,
                    "boost_lr": 0.9,
                    "SWIM_scale": 1.189129010474862
                },
                {
                    "in_dim": 6,
                    "out_dim": 1,
                    "feature_type": "SWIM",
                    "upscale_type": "iid",
                    "randfeat_xt_dim": 512,
                    "randfeat_x0_dim": 512,
                    "sandwich_solver": "dense",
                    "n_layers": 7,
                    "hidden_dim": 144,
                    "l2_reg": 0.013055662413671268,
                    "l2_ghat": 0.06027549811533512,
                    "boost_lr": 0.5,
                    "SWIM_scale": 1.8507485634362622
                },
                {
                    "in_dim": 6,
                    "out_dim": 1,
                    "feature_type": "SWIM",
                    "upscale_type": "iid",
                    "randfeat_xt_dim": 512,
                    "randfeat_x0_dim": 512,
                    "sandwich_solver": "dense",
                    "n_layers": 12,
                    "hidden_dim": 304,
                    "l2_reg": 0.003638589875810642,
                    "l2_ghat": 1.1499365669810486,
                    "boost_lr": 1.0,
                    "SWIM_scale": 1.4745378031513279
                },
                {
                    "in_dim": 6,
                    "out_dim": 1,
                    "feature_type": "SWIM",
                    "upscale_type": "iid",
                    "randfeat_xt_dim": 512,
                    "randfeat_x0_dim": 512,
                    "sandwich_solver": "dense",
                    "n_layers": 11,
                    "hidden_dim": 400,
                    "l2_reg": 0.005492707644330919,
                    "l2_ghat": 0.22563803218138223,
                    "boost_lr": 0.5,
                    "SWIM_scale": 1.8253417438875112
                }
            ]
        }
    }
}