{
    "44958": {
        "GradientRFRBoost_relu": {
            "score_train": [
                0.2490881234407425,
                0.1691436618566513,
                0.17803199589252472,
                0.20822586119174957,
                0.19453375041484833
            ],
            "score_test": [
                0.2804865837097168,
                0.2537856101989746,
                0.23819953203201294,
                0.2607634365558624,
                0.224859818816185
            ],
            "t_fit": [
                1.76025883667171,
                1.9514775089919567,
                0.6366019304841757,
                0.28703333996236324,
                2.509387042373419
            ],
            "t_inference": [
                0.4439464770257473,
                0.43385552428662777,
                0.16046858206391335,
                0.035561978816986084,
                0.624008422717452
            ],
            "hyperparams": [
                {
                    "in_dim": 16,
                    "out_dim": 1,
                    "feature_type": "SWIM",
                    "upscale_type": "iid",
                    "randfeat_xt_dim": 512,
                    "randfeat_x0_dim": 512,
                    "n_layers": 10,
                    "hidden_dim": 400,
                    "l2_reg": 4.946196667799786,
                    "l2_ghat": 9.773156589590163e-05,
                    "boost_lr": 0.8,
                    "SWIM_scale": 0.16839444647113597
                },
                {
                    "in_dim": 16,
                    "out_dim": 1,
                    "feature_type": "SWIM",
                    "upscale_type": "iid",
                    "randfeat_xt_dim": 512,
                    "randfeat_x0_dim": 512,
                    "n_layers": 14,
                    "hidden_dim": 240,
                    "l2_reg": 7.824634366799123,
                    "l2_ghat": 0.025410208544627375,
                    "boost_lr": 0.5,
                    "SWIM_scale": 1.6890374735230973
                },
                {
                    "in_dim": 16,
                    "out_dim": 1,
                    "feature_type": "SWIM",
                    "upscale_type": "iid",
                    "randfeat_xt_dim": 512,
                    "randfeat_x0_dim": 512,
                    "n_layers": 4,
                    "hidden_dim": 336,
                    "l2_reg": 2.9270297722266663,
                    "l2_ghat": 0.006144042993157955,
                    "boost_lr": 1.0,
                    "SWIM_scale": 1.4191287274289517
                },
                {
                    "in_dim": 16,
                    "out_dim": 1,
                    "feature_type": "SWIM",
                    "upscale_type": "iid",
                    "randfeat_xt_dim": 512,
                    "randfeat_x0_dim": 512,
                    "n_layers": 3,
                    "hidden_dim": 16,
                    "l2_reg": 0.5624315518831523,
                    "l2_ghat": 0.01289128187691691,
                    "boost_lr": 0.9,
                    "SWIM_scale": 1.6616722564707749
                },
                {
                    "in_dim": 16,
                    "out_dim": 1,
                    "feature_type": "SWIM",
                    "upscale_type": "iid",
                    "randfeat_xt_dim": 512,
                    "randfeat_x0_dim": 512,
                    "n_layers": 15,
                    "hidden_dim": 336,
                    "l2_reg": 4.560584675061739,
                    "l2_ghat": 0.022953908979764875,
                    "boost_lr": 0.8,
                    "SWIM_scale": 0.7675238205453794
                }
            ]
        }
    }
}