{
    "44975": {
        "GreedyRFRBoostDiag_relu": {
            "score_train": [
                0.04916727542877197,
                0.04469556361436844,
                0.04313383623957634,
                0.042197395116090775,
                0.0438365712761879
            ],
            "score_test": [
                0.07178966701030731,
                0.061847835779190063,
                0.05610966309905052,
                0.059268269687891006,
                0.055875781923532486
            ],
            "t_fit": [
                2.277421284466982,
                2.7120658960193396,
                2.358973966911435,
                2.378332195803523,
                2.109787855297327
            ],
            "t_inference": [
                0.7650345377624035,
                0.9135549124330282,
                0.8249414004385471,
                0.8223105203360319,
                0.7119861766695976
            ],
            "hyperparams": [
                {
                    "in_dim": 48,
                    "out_dim": 1,
                    "feature_type": "SWIM",
                    "upscale_type": "iid",
                    "randfeat_xt_dim": 512,
                    "randfeat_x0_dim": 512,
                    "sandwich_solver": "diag",
                    "n_layers": 14,
                    "hidden_dim": 464,
                    "l2_reg": 0.02904360204008755,
                    "l2_ghat": 1.8317241517380173e-07,
                    "boost_lr": 0.6,
                    "SWIM_scale": 0.8206535740245021
                },
                {
                    "in_dim": 48,
                    "out_dim": 1,
                    "feature_type": "SWIM",
                    "upscale_type": "iid",
                    "randfeat_xt_dim": 512,
                    "randfeat_x0_dim": 512,
                    "sandwich_solver": "diag",
                    "n_layers": 14,
                    "hidden_dim": 496,
                    "l2_reg": 0.00555014688962648,
                    "l2_ghat": 4.0052097309743767e-07,
                    "boost_lr": 0.5,
                    "SWIM_scale": 0.7154660264319406
                },
                {
                    "in_dim": 48,
                    "out_dim": 1,
                    "feature_type": "SWIM",
                    "upscale_type": "iid",
                    "randfeat_xt_dim": 512,
                    "randfeat_x0_dim": 512,
                    "sandwich_solver": "diag",
                    "n_layers": 14,
                    "hidden_dim": 496,
                    "l2_reg": 0.013609067650110353,
                    "l2_ghat": 2.027946019646872e-06,
                    "boost_lr": 0.8,
                    "SWIM_scale": 1.4387828917374976
                },
                {
                    "in_dim": 48,
                    "out_dim": 1,
                    "feature_type": "SWIM",
                    "upscale_type": "iid",
                    "randfeat_xt_dim": 512,
                    "randfeat_x0_dim": 512,
                    "sandwich_solver": "diag",
                    "n_layers": 14,
                    "hidden_dim": 496,
                    "l2_reg": 0.02114759106812024,
                    "l2_ghat": 3.3623526122585785e-07,
                    "boost_lr": 0.9,
                    "SWIM_scale": 1.1807502754646535
                },
                {
                    "in_dim": 48,
                    "out_dim": 1,
                    "feature_type": "SWIM",
                    "upscale_type": "iid",
                    "randfeat_xt_dim": 512,
                    "randfeat_x0_dim": 512,
                    "sandwich_solver": "diag",
                    "n_layers": 12,
                    "hidden_dim": 496,
                    "l2_reg": 0.007631170783063633,
                    "l2_ghat": 4.029040468549676e-07,
                    "boost_lr": 1.0,
                    "SWIM_scale": 0.8544813649743112
                }
            ]
        }
    }
}