{
    "41021": {
        "GradientRFRBoostID": {
            "score_train": [
                0.2209671437740326,
                0.21130670607089996,
                0.2173442244529724,
                0.2210068255662918,
                0.21649745106697083
            ],
            "score_test": [
                0.22225601971149445,
                0.2578684985637665,
                0.23704449832439423,
                0.25388675928115845,
                0.25664278864860535
            ],
            "t_fit": [
                0.095509875100106,
                0.09573426097631454,
                0.08710052608512342,
                0.08537625498138368,
                0.08857642021030188
            ],
            "t_inference": [
                0.013311513001099229,
                0.01285579800605774,
                0.013257904909551144,
                0.012671438045799732,
                0.012759700883179903
            ],
            "hyperparams": [
                {
                    "in_dim": 72,
                    "out_dim": 1,
                    "feature_type": "SWIM",
                    "upscale_type": "identity",
                    "randfeat_xt_dim": 512,
                    "randfeat_x0_dim": 512,
                    "n_layers": 1,
                    "hidden_dim": 72,
                    "l2_reg": 0.009882553146869843,
                    "l2_ghat": 0.36356440990527517,
                    "boost_lr": 0.7,
                    "SWIM_scale": -0.23159320079145834
                },
                {
                    "in_dim": 72,
                    "out_dim": 1,
                    "feature_type": "SWIM",
                    "upscale_type": "identity",
                    "randfeat_xt_dim": 512,
                    "randfeat_x0_dim": 512,
                    "n_layers": 1,
                    "hidden_dim": 72,
                    "l2_reg": 0.005870232114996775,
                    "l2_ghat": 5.078364439604584,
                    "boost_lr": 0.7,
                    "SWIM_scale": 1.1147634300021427
                },
                {
                    "in_dim": 72,
                    "out_dim": 1,
                    "feature_type": "SWIM",
                    "upscale_type": "identity",
                    "randfeat_xt_dim": 512,
                    "randfeat_x0_dim": 512,
                    "n_layers": 1,
                    "hidden_dim": 72,
                    "l2_reg": 0.006421435633892113,
                    "l2_ghat": 0.1852514897719662,
                    "boost_lr": 0.8,
                    "SWIM_scale": 0.29377115325624353
                },
                {
                    "in_dim": 72,
                    "out_dim": 1,
                    "feature_type": "SWIM",
                    "upscale_type": "identity",
                    "randfeat_xt_dim": 512,
                    "randfeat_x0_dim": 512,
                    "n_layers": 1,
                    "hidden_dim": 72,
                    "l2_reg": 0.011187695011637027,
                    "l2_ghat": 0.25379950456508177,
                    "boost_lr": 0.7,
                    "SWIM_scale": -0.26085734440934183
                },
                {
                    "in_dim": 72,
                    "out_dim": 1,
                    "feature_type": "SWIM",
                    "upscale_type": "identity",
                    "randfeat_xt_dim": 512,
                    "randfeat_x0_dim": 512,
                    "n_layers": 1,
                    "hidden_dim": 72,
                    "l2_reg": 0.007350143803758858,
                    "l2_ghat": 0.14084285768416444,
                    "boost_lr": 0.5,
                    "SWIM_scale": -0.2706387757289904
                }
            ]
        }
    }
}