{
    "44976": {
        "End2End": {
            "score_train": [
                0.071353018283844,
                0.07428215444087982,
                0.08447767794132233,
                0.07604502141475677,
                0.06654912233352661
            ],
            "score_test": [
                0.15848957002162933,
                0.1527239978313446,
                0.15460026264190674,
                0.17133721709251404,
                0.1667584627866745
            ],
            "t_fit": [
                24.260893603786826,
                34.257099302485585,
                14.852996528148651,
                11.220793530344963,
                37.55082271620631
            ],
            "t_inference": [
                0.15421953424811363,
                0.1944807730615139,
                0.08352070488035679,
                0.06626562587916851,
                0.21696625277400017
            ],
            "hyperparams": [
                {
                    "in_dim": 21,
                    "out_dim": 1,
                    "loss": "mse",
                    "bottleneck_dim": 512,
                    "n_blocks": 2,
                    "hidden_dim": 464,
                    "lr": 0.0003848200966610345,
                    "end_lr_factor": 0.015920671709512158,
                    "n_epochs": 47,
                    "weight_decay": 0.0008196956556041224,
                    "batch_size": 128
                },
                {
                    "in_dim": 21,
                    "out_dim": 1,
                    "loss": "mse",
                    "bottleneck_dim": 512,
                    "n_blocks": 3,
                    "hidden_dim": 432,
                    "lr": 0.0006919520196524001,
                    "end_lr_factor": 0.025949284575510087,
                    "n_epochs": 50,
                    "weight_decay": 1.5001083853242038e-06,
                    "batch_size": 128
                },
                {
                    "in_dim": 21,
                    "out_dim": 1,
                    "loss": "mse",
                    "bottleneck_dim": 512,
                    "n_blocks": 2,
                    "hidden_dim": 272,
                    "lr": 0.0009523365369977692,
                    "end_lr_factor": 0.02140228053810705,
                    "n_epochs": 45,
                    "weight_decay": 0.0006601772047030123,
                    "batch_size": 128
                },
                {
                    "in_dim": 21,
                    "out_dim": 1,
                    "loss": "mse",
                    "bottleneck_dim": 512,
                    "n_blocks": 2,
                    "hidden_dim": 208,
                    "lr": 0.0006566767498339956,
                    "end_lr_factor": 0.010039232176924102,
                    "n_epochs": 42,
                    "weight_decay": 7.373529322786519e-06,
                    "batch_size": 128
                },
                {
                    "in_dim": 21,
                    "out_dim": 1,
                    "loss": "mse",
                    "bottleneck_dim": 512,
                    "n_blocks": 4,
                    "hidden_dim": 368,
                    "lr": 0.0005528269759885616,
                    "end_lr_factor": 0.0319070177120951,
                    "n_epochs": 48,
                    "weight_decay": 6.800577088325995e-05,
                    "batch_size": 128
                }
            ]
        }
    }
}