{
    "44957": {
        "GreedyRFRBoostDiag": {
            "score_train": [
                0.21205584704875946,
                0.22231332957744598,
                0.2424357831478119,
                0.2589106857776642,
                0.22302189469337463
            ],
            "score_test": [
                0.39351269602775574,
                0.3151983320713043,
                0.2771371603012085,
                0.38432809710502625,
                0.30590879917144775
            ],
            "t_fit": [
                0.7549080234020948,
                0.6845983676612377,
                0.775848500430584,
                0.602106986567378,
                0.638964869081974
            ],
            "t_inference": [
                0.2260726112872362,
                0.21203157119452953,
                0.23075070790946484,
                0.18042581714689732,
                0.18588978610932827
            ],
            "hyperparams": [
                {
                    "in_dim": 5,
                    "out_dim": 1,
                    "feature_type": "SWIM",
                    "upscale_type": "iid",
                    "randfeat_xt_dim": 512,
                    "randfeat_x0_dim": 512,
                    "sandwich_solver": "diag",
                    "n_layers": 15,
                    "hidden_dim": 496,
                    "l2_reg": 0.0012745039827960988,
                    "l2_ghat": 9.307662835535797e-05,
                    "boost_lr": 0.9,
                    "SWIM_scale": 1.8203011125182789
                },
                {
                    "in_dim": 5,
                    "out_dim": 1,
                    "feature_type": "SWIM",
                    "upscale_type": "iid",
                    "randfeat_xt_dim": 512,
                    "randfeat_x0_dim": 512,
                    "sandwich_solver": "diag",
                    "n_layers": 14,
                    "hidden_dim": 496,
                    "l2_reg": 0.003757175203294981,
                    "l2_ghat": 4.6764043258869785e-07,
                    "boost_lr": 1.0,
                    "SWIM_scale": -0.767700925278258
                },
                {
                    "in_dim": 5,
                    "out_dim": 1,
                    "feature_type": "SWIM",
                    "upscale_type": "iid",
                    "randfeat_xt_dim": 512,
                    "randfeat_x0_dim": 512,
                    "sandwich_solver": "diag",
                    "n_layers": 15,
                    "hidden_dim": 496,
                    "l2_reg": 0.0038321909799208954,
                    "l2_ghat": 2.8965045743464873e-06,
                    "boost_lr": 0.6,
                    "SWIM_scale": -0.9166534232993319
                },
                {
                    "in_dim": 5,
                    "out_dim": 1,
                    "feature_type": "SWIM",
                    "upscale_type": "iid",
                    "randfeat_xt_dim": 512,
                    "randfeat_x0_dim": 512,
                    "sandwich_solver": "diag",
                    "n_layers": 13,
                    "hidden_dim": 464,
                    "l2_reg": 0.008073315143752603,
                    "l2_ghat": 1.7823284426721104e-06,
                    "boost_lr": 1.0,
                    "SWIM_scale": -0.7484506553655558
                },
                {
                    "in_dim": 5,
                    "out_dim": 1,
                    "feature_type": "SWIM",
                    "upscale_type": "iid",
                    "randfeat_xt_dim": 512,
                    "randfeat_x0_dim": 512,
                    "sandwich_solver": "diag",
                    "n_layers": 15,
                    "hidden_dim": 432,
                    "l2_reg": 0.0017029804439907138,
                    "l2_ghat": 1.0596744375467012e-05,
                    "boost_lr": 1.0,
                    "SWIM_scale": -0.9969075608572274
                }
            ]
        }
    }
}