{
    "44962": {
        "GradientRFRBoost_relu": {
            "score_train": [
                0.4619511365890503,
                0.4485776126384735,
                0.4299578070640564,
                0.41571295261383057,
                0.44079911708831787
            ],
            "score_test": [
                0.36256900429725647,
                0.4076647162437439,
                0.479748010635376,
                0.5491671562194824,
                0.44748058915138245
            ],
            "t_fit": [
                0.28287502750754356,
                0.7951020486652851,
                1.140559770166874,
                0.5204112119972706,
                0.33464913815259933
            ],
            "t_inference": [
                0.021604228764772415,
                0.11684858798980713,
                0.1658200565725565,
                0.05076183192431927,
                0.04497580602765083
            ],
            "hyperparams": [
                {
                    "in_dim": 29,
                    "out_dim": 1,
                    "feature_type": "SWIM",
                    "upscale_type": "iid",
                    "randfeat_xt_dim": 512,
                    "randfeat_x0_dim": 512,
                    "n_layers": 6,
                    "hidden_dim": 48,
                    "l2_reg": 5.793790511042957,
                    "l2_ghat": 9.626107915854005,
                    "boost_lr": 0.5,
                    "SWIM_scale": -0.4537958748735924
                },
                {
                    "in_dim": 29,
                    "out_dim": 1,
                    "feature_type": "SWIM",
                    "upscale_type": "iid",
                    "randfeat_xt_dim": 512,
                    "randfeat_x0_dim": 512,
                    "n_layers": 10,
                    "hidden_dim": 400,
                    "l2_reg": 9.950095222108878,
                    "l2_ghat": 1.0120816475916259,
                    "boost_lr": 0.6,
                    "SWIM_scale": 0.07335066512207886
                },
                {
                    "in_dim": 29,
                    "out_dim": 1,
                    "feature_type": "SWIM",
                    "upscale_type": "iid",
                    "randfeat_xt_dim": 512,
                    "randfeat_x0_dim": 512,
                    "n_layers": 15,
                    "hidden_dim": 368,
                    "l2_reg": 6.896415540806766,
                    "l2_ghat": 7.651032608856813,
                    "boost_lr": 0.9,
                    "SWIM_scale": 0.1181986133136676
                },
                {
                    "in_dim": 29,
                    "out_dim": 1,
                    "feature_type": "SWIM",
                    "upscale_type": "iid",
                    "randfeat_xt_dim": 512,
                    "randfeat_x0_dim": 512,
                    "n_layers": 10,
                    "hidden_dim": 112,
                    "l2_reg": 9.473218018829806,
                    "l2_ghat": 3.2290413942060616,
                    "boost_lr": 0.5,
                    "SWIM_scale": -0.04793979422426227
                },
                {
                    "in_dim": 29,
                    "out_dim": 1,
                    "feature_type": "SWIM",
                    "upscale_type": "iid",
                    "randfeat_xt_dim": 512,
                    "randfeat_x0_dim": 512,
                    "n_layers": 5,
                    "hidden_dim": 272,
                    "l2_reg": 8.192770396891596,
                    "l2_ghat": 7.224843324423055,
                    "boost_lr": 0.8,
                    "SWIM_scale": 0.2692931929201714
                }
            ]
        }
    }
}