{
    "44980": {
        "GreedyRFRBoostDiag": {
            "score_train": [
                0.29217201471328735,
                0.23066090047359467,
                0.24678879976272583,
                0.28294897079467773,
                0.24907533824443817
            ],
            "score_test": [
                0.3231925666332245,
                0.3253200948238373,
                0.32298269867897034,
                0.36670640110969543,
                0.36706095933914185
            ],
            "t_fit": [
                2.5226865119766444,
                4.630486346082762,
                4.906602141913027,
                4.158763761864975,
                2.085573083953932
            ],
            "t_inference": [
                0.8620001149829477,
                1.5345673020929098,
                1.649620139040053,
                1.449882776942104,
                0.7474979260005057
            ],
            "hyperparams": [
                {
                    "in_dim": 8,
                    "out_dim": 1,
                    "feature_type": "SWIM",
                    "upscale_type": "iid",
                    "randfeat_xt_dim": 512,
                    "randfeat_x0_dim": 512,
                    "sandwich_solver": "diag",
                    "n_layers": 13,
                    "hidden_dim": 368,
                    "l2_reg": 0.0034058131978801946,
                    "l2_ghat": 6.717357450793839e-06,
                    "boost_lr": 1.0,
                    "SWIM_scale": 1.2801636365610853
                },
                {
                    "in_dim": 8,
                    "out_dim": 1,
                    "feature_type": "SWIM",
                    "upscale_type": "iid",
                    "randfeat_xt_dim": 512,
                    "randfeat_x0_dim": 512,
                    "sandwich_solver": "diag",
                    "n_layers": 14,
                    "hidden_dim": 464,
                    "l2_reg": 0.0008813630600004639,
                    "l2_ghat": 2.2252578775410136e-06,
                    "boost_lr": 0.9,
                    "SWIM_scale": 1.5461538108384487
                },
                {
                    "in_dim": 8,
                    "out_dim": 1,
                    "feature_type": "SWIM",
                    "upscale_type": "iid",
                    "randfeat_xt_dim": 512,
                    "randfeat_x0_dim": 512,
                    "sandwich_solver": "diag",
                    "n_layers": 14,
                    "hidden_dim": 496,
                    "l2_reg": 0.002894022128587649,
                    "l2_ghat": 1.0615920172314016e-06,
                    "boost_lr": 0.6,
                    "SWIM_scale": 1.6477574954112768
                },
                {
                    "in_dim": 8,
                    "out_dim": 1,
                    "feature_type": "SWIM",
                    "upscale_type": "iid",
                    "randfeat_xt_dim": 512,
                    "randfeat_x0_dim": 512,
                    "sandwich_solver": "diag",
                    "n_layers": 11,
                    "hidden_dim": 496,
                    "l2_reg": 0.0015450926863226889,
                    "l2_ghat": 1.146052058530678e-07,
                    "boost_lr": 0.8,
                    "SWIM_scale": -0.9125347201826818
                },
                {
                    "in_dim": 8,
                    "out_dim": 1,
                    "feature_type": "SWIM",
                    "upscale_type": "iid",
                    "randfeat_xt_dim": 512,
                    "randfeat_x0_dim": 512,
                    "sandwich_solver": "diag",
                    "n_layers": 9,
                    "hidden_dim": 464,
                    "l2_reg": 0.0006035764133542515,
                    "l2_ghat": 4.130979034090869e-07,
                    "boost_lr": 0.5,
                    "SWIM_scale": 1.3577291165317698
                }
            ]
        }
    }
}