{
    "44993": {
        "GreedyRFRBoostDiag": {
            "score_train": [
                0.7586851119995117,
                0.7475486993789673,
                0.7488242387771606,
                0.7426535487174988,
                0.7445340752601624
            ],
            "score_test": [
                0.7522576451301575,
                0.7811822295188904,
                0.7682788968086243,
                0.8044458031654358,
                0.7711004018783569
            ],
            "t_fit": [
                3.5289435780141503,
                2.7114249740261585,
                1.5303054410032928,
                4.016262182034552,
                1.405134700005874
            ],
            "t_inference": [
                1.143398918909952,
                0.7956029991619289,
                0.5099568751174957,
                1.3355315870139748,
                0.4484525548759848
            ],
            "hyperparams": [
                {
                    "in_dim": 25,
                    "out_dim": 1,
                    "feature_type": "SWIM",
                    "upscale_type": "iid",
                    "randfeat_xt_dim": 512,
                    "randfeat_x0_dim": 512,
                    "sandwich_solver": "diag",
                    "n_layers": 11,
                    "hidden_dim": 432,
                    "l2_reg": 0.1074392765618841,
                    "l2_ghat": 0.00013273881664976452,
                    "boost_lr": 0.7,
                    "SWIM_scale": 1.9106555691994511
                },
                {
                    "in_dim": 25,
                    "out_dim": 1,
                    "feature_type": "SWIM",
                    "upscale_type": "iid",
                    "randfeat_xt_dim": 512,
                    "randfeat_x0_dim": 512,
                    "sandwich_solver": "diag",
                    "n_layers": 7,
                    "hidden_dim": 496,
                    "l2_reg": 0.11062025858187464,
                    "l2_ghat": 1.026742388890079e-07,
                    "boost_lr": 0.7,
                    "SWIM_scale": -0.6661888392951125
                },
                {
                    "in_dim": 25,
                    "out_dim": 1,
                    "feature_type": "SWIM",
                    "upscale_type": "iid",
                    "randfeat_xt_dim": 512,
                    "randfeat_x0_dim": 512,
                    "sandwich_solver": "diag",
                    "n_layers": 7,
                    "hidden_dim": 400,
                    "l2_reg": 0.20508596849727856,
                    "l2_ghat": 1.015246110474924e-07,
                    "boost_lr": 0.5,
                    "SWIM_scale": -0.9201341715309264
                },
                {
                    "in_dim": 25,
                    "out_dim": 1,
                    "feature_type": "SWIM",
                    "upscale_type": "iid",
                    "randfeat_xt_dim": 512,
                    "randfeat_x0_dim": 512,
                    "sandwich_solver": "diag",
                    "n_layers": 13,
                    "hidden_dim": 464,
                    "l2_reg": 0.1282751989735557,
                    "l2_ghat": 1.5407780364978035e-06,
                    "boost_lr": 0.5,
                    "SWIM_scale": -0.8695598108180167
                },
                {
                    "in_dim": 25,
                    "out_dim": 1,
                    "feature_type": "SWIM",
                    "upscale_type": "iid",
                    "randfeat_xt_dim": 512,
                    "randfeat_x0_dim": 512,
                    "sandwich_solver": "diag",
                    "n_layers": 6,
                    "hidden_dim": 496,
                    "l2_reg": 0.09857938650468512,
                    "l2_ghat": 3.4164098382738215e-07,
                    "boost_lr": 0.8,
                    "SWIM_scale": -0.9498263444742272
                }
            ]
        }
    }
}