{
    "44980": {
        "GreedyRFRBoostDense": {
            "score_train": [
                0.22594405710697174,
                0.21680672466754913,
                0.2243538349866867,
                0.21097223460674286,
                0.21429353952407837
            ],
            "score_test": [
                0.3207395076751709,
                0.3204704821109772,
                0.30884239077568054,
                0.33051803708076477,
                0.34532761573791504
            ],
            "t_fit": [
                12.376319453120232,
                8.178912065923214,
                7.166640479117632,
                6.961590971797705,
                4.541271887719631
            ],
            "t_inference": [
                1.7384525444358587,
                2.0953073240816593,
                1.6822110172361135,
                1.6629444677382708,
                1.0744464974850416
            ],
            "hyperparams": [
                {
                    "in_dim": 8,
                    "out_dim": 1,
                    "feature_type": "SWIM",
                    "upscale_type": "iid",
                    "randfeat_xt_dim": 512,
                    "randfeat_x0_dim": 512,
                    "sandwich_solver": "dense",
                    "n_layers": 15,
                    "hidden_dim": 112,
                    "l2_reg": 0.08895938673153822,
                    "l2_ghat": 1.789107581736594e-05,
                    "boost_lr": 0.9,
                    "SWIM_scale": 0.8196381501542608
                },
                {
                    "in_dim": 8,
                    "out_dim": 1,
                    "feature_type": "SWIM",
                    "upscale_type": "iid",
                    "randfeat_xt_dim": 512,
                    "randfeat_x0_dim": 512,
                    "sandwich_solver": "dense",
                    "n_layers": 8,
                    "hidden_dim": 400,
                    "l2_reg": 0.4862243215005423,
                    "l2_ghat": 2.7417057217518208e-06,
                    "boost_lr": 0.6,
                    "SWIM_scale": 0.9568966943992907
                },
                {
                    "in_dim": 8,
                    "out_dim": 1,
                    "feature_type": "SWIM",
                    "upscale_type": "iid",
                    "randfeat_xt_dim": 512,
                    "randfeat_x0_dim": 512,
                    "sandwich_solver": "dense",
                    "n_layers": 15,
                    "hidden_dim": 368,
                    "l2_reg": 0.2855637641918608,
                    "l2_ghat": 2.272172960629151e-06,
                    "boost_lr": 0.5,
                    "SWIM_scale": 0.7156601419738396
                },
                {
                    "in_dim": 8,
                    "out_dim": 1,
                    "feature_type": "SWIM",
                    "upscale_type": "iid",
                    "randfeat_xt_dim": 512,
                    "randfeat_x0_dim": 512,
                    "sandwich_solver": "dense",
                    "n_layers": 14,
                    "hidden_dim": 368,
                    "l2_reg": 0.4518554670634414,
                    "l2_ghat": 2.5705646306908262e-05,
                    "boost_lr": 0.5,
                    "SWIM_scale": 1.207602065386886
                },
                {
                    "in_dim": 8,
                    "out_dim": 1,
                    "feature_type": "SWIM",
                    "upscale_type": "iid",
                    "randfeat_xt_dim": 512,
                    "randfeat_x0_dim": 512,
                    "sandwich_solver": "dense",
                    "n_layers": 9,
                    "hidden_dim": 368,
                    "l2_reg": 0.30717086397426885,
                    "l2_ghat": 1.064023319564356e-05,
                    "boost_lr": 0.6,
                    "SWIM_scale": 1.155354491209385
                }
            ]
        }
    }
}