{
    "44956": {
        "GreedyRFRBoostDense": {
            "score_train": [
                0.6092367172241211,
                0.5934163331985474,
                0.6013351678848267,
                0.588348388671875,
                0.6048229336738586
            ],
            "score_test": [
                0.5901245474815369,
                0.6019214391708374,
                0.6275012493133545,
                0.648250162601471,
                0.6090681552886963
            ],
            "t_fit": [
                5.432166699320078,
                6.663126591593027,
                4.747225437313318,
                5.603028174489737,
                2.3663933239877224
            ],
            "t_inference": [
                0.9966930598020554,
                1.4071645475924015,
                0.8641884662210941,
                0.9105225093662739,
                0.28107616677880287
            ],
            "hyperparams": [
                {
                    "in_dim": 10,
                    "out_dim": 1,
                    "feature_type": "SWIM",
                    "upscale_type": "SWIM",
                    "randfeat_xt_dim": 512,
                    "randfeat_x0_dim": 512,
                    "sandwich_solver": "dense",
                    "activation": "tanh",
                    "use_batchnorm": true,
                    "n_layers": 10,
                    "l2_reg": 0.07215838653169221,
                    "l2_ghat": 0.0003369996228676099,
                    "boost_lr": 0.14124343598774275,
                    "hidden_dim": 207,
                    "SWIM_scale": 0.30433354107015903
                },
                {
                    "in_dim": 10,
                    "out_dim": 1,
                    "feature_type": "SWIM",
                    "upscale_type": "SWIM",
                    "randfeat_xt_dim": 512,
                    "randfeat_x0_dim": 512,
                    "sandwich_solver": "dense",
                    "activation": "tanh",
                    "use_batchnorm": true,
                    "n_layers": 9,
                    "l2_reg": 0.18461641618509728,
                    "l2_ghat": 8.58675971707962e-05,
                    "boost_lr": 0.19393592146593888,
                    "hidden_dim": 344,
                    "SWIM_scale": 0.3815657269267692
                },
                {
                    "in_dim": 10,
                    "out_dim": 1,
                    "feature_type": "SWIM",
                    "upscale_type": "SWIM",
                    "randfeat_xt_dim": 512,
                    "randfeat_x0_dim": 512,
                    "sandwich_solver": "dense",
                    "activation": "tanh",
                    "use_batchnorm": true,
                    "n_layers": 8,
                    "l2_reg": 0.01993254013996911,
                    "l2_ghat": 0.00013948740125537822,
                    "boost_lr": 0.10856728017207887,
                    "hidden_dim": 276,
                    "SWIM_scale": 0.2736858868920803
                },
                {
                    "in_dim": 10,
                    "out_dim": 1,
                    "feature_type": "SWIM",
                    "upscale_type": "SWIM",
                    "randfeat_xt_dim": 512,
                    "randfeat_x0_dim": 512,
                    "sandwich_solver": "dense",
                    "activation": "tanh",
                    "use_batchnorm": true,
                    "n_layers": 10,
                    "l2_reg": 0.1196742541098674,
                    "l2_ghat": 0.00018337911553330616,
                    "boost_lr": 0.233181750672308,
                    "hidden_dim": 143,
                    "SWIM_scale": 0.25738113510915983
                },
                {
                    "in_dim": 10,
                    "out_dim": 1,
                    "feature_type": "SWIM",
                    "upscale_type": "SWIM",
                    "randfeat_xt_dim": 512,
                    "randfeat_x0_dim": 512,
                    "sandwich_solver": "dense",
                    "activation": "tanh",
                    "use_batchnorm": true,
                    "n_layers": 5,
                    "l2_reg": 0.4037509441145315,
                    "l2_ghat": 0.00019088725410410567,
                    "boost_lr": 0.2335021043534594,
                    "hidden_dim": 75,
                    "SWIM_scale": 0.37042645418953557
                }
            ]
        }
    }
}