{
    "44963": {
        "GreedyRFRBoostScalar": {
            "score_train": [
                0.770318865776062,
                0.744174599647522,
                0.7477892637252808,
                0.7250522971153259,
                0.7523033618927002
            ],
            "score_test": [
                0.7874441742897034,
                0.8064044117927551,
                0.7955329418182373,
                0.7610117793083191,
                0.799535870552063
            ],
            "t_fit": [
                0.1973397582769394,
                0.9138285890221596,
                1.0340305045247078,
                0.36362118273973465,
                1.587634064257145
            ],
            "t_inference": [
                0.07329623401165009,
                0.4041367843747139,
                0.4696814641356468,
                0.14972809702157974,
                0.7150202840566635
            ],
            "hyperparams": [
                {
                    "in_dim": 9,
                    "out_dim": 1,
                    "feature_type": "SWIM",
                    "upscale_type": "SWIM",
                    "randfeat_xt_dim": 512,
                    "randfeat_x0_dim": 512,
                    "sandwich_solver": "scalar",
                    "activation": "tanh",
                    "use_batchnorm": true,
                    "n_layers": 1,
                    "l2_reg": 0.00823446107949533,
                    "l2_ghat": 4.512320200281349e-05,
                    "boost_lr": 0.992099215460475,
                    "hidden_dim": 403,
                    "SWIM_scale": 1.2881532332923091
                },
                {
                    "in_dim": 9,
                    "out_dim": 1,
                    "feature_type": "SWIM",
                    "upscale_type": "SWIM",
                    "randfeat_xt_dim": 512,
                    "randfeat_x0_dim": 512,
                    "sandwich_solver": "scalar",
                    "activation": "tanh",
                    "use_batchnorm": true,
                    "n_layers": 5,
                    "l2_reg": 0.00043060223044660113,
                    "l2_ghat": 0.0022014672667886844,
                    "boost_lr": 0.7734114549614122,
                    "hidden_dim": 439,
                    "SWIM_scale": 0.7900749259676508
                },
                {
                    "in_dim": 9,
                    "out_dim": 1,
                    "feature_type": "SWIM",
                    "upscale_type": "SWIM",
                    "randfeat_xt_dim": 512,
                    "randfeat_x0_dim": 512,
                    "sandwich_solver": "scalar",
                    "activation": "tanh",
                    "use_batchnorm": true,
                    "n_layers": 5,
                    "l2_reg": 0.008787108196265998,
                    "l2_ghat": 0.16091594809757925,
                    "boost_lr": 0.7716733994188194,
                    "hidden_dim": 499,
                    "SWIM_scale": 1.9588642756278323
                },
                {
                    "in_dim": 9,
                    "out_dim": 1,
                    "feature_type": "SWIM",
                    "upscale_type": "SWIM",
                    "randfeat_xt_dim": 512,
                    "randfeat_x0_dim": 512,
                    "sandwich_solver": "scalar",
                    "activation": "tanh",
                    "use_batchnorm": true,
                    "n_layers": 3,
                    "l2_reg": 0.0012362618776365587,
                    "l2_ghat": 0.0021625714410187973,
                    "boost_lr": 0.38238309435092477,
                    "hidden_dim": 432,
                    "SWIM_scale": 1.6367335935297682
                },
                {
                    "in_dim": 9,
                    "out_dim": 1,
                    "feature_type": "SWIM",
                    "upscale_type": "SWIM",
                    "randfeat_xt_dim": 512,
                    "randfeat_x0_dim": 512,
                    "sandwich_solver": "scalar",
                    "activation": "tanh",
                    "use_batchnorm": true,
                    "n_layers": 10,
                    "l2_reg": 0.0010385571047615144,
                    "l2_ghat": 2.7123374199354274e-06,
                    "boost_lr": 0.7939689762029548,
                    "hidden_dim": 429,
                    "SWIM_scale": 1.0411050745745807
                }
            ]
        }
    }
}