{
    "44969": {
        "RFNN_iid": {
            "score_train": [
                0.022968199104070663,
                0.019527090713381767,
                0.022820696234703064,
                0.019443100318312645,
                0.02258923090994358
            ],
            "score_test": [
                0.02258802391588688,
                0.020524106919765472,
                0.023010021075606346,
                0.020671840757131577,
                0.02440769597887993
            ],
            "t_fit": [
                0.049030840396881104,
                0.03390451893210411,
                0.05166081711649895,
                0.033298276364803314,
                0.039981335401535034
            ],
            "t_inference": [
                0.020557645708322525,
                0.022406473755836487,
                0.012484598904848099,
                0.013409264385700226,
                0.013161130249500275
            ],
            "hyperparams": [
                {
                    "n_layers": 0,
                    "in_dim": 14,
                    "out_dim": 1,
                    "upscale_type": "iid",
                    "activation": "tanh",
                    "use_batchnorm": false,
                    "l2_reg": 0.00010388496110161286,
                    "hidden_dim": 335,
                    "iid_scale": 4.775267364072525
                },
                {
                    "n_layers": 0,
                    "in_dim": 14,
                    "out_dim": 1,
                    "upscale_type": "iid",
                    "activation": "tanh",
                    "use_batchnorm": false,
                    "l2_reg": 0.00010120857238629203,
                    "hidden_dim": 337,
                    "iid_scale": 6.643121170011392
                },
                {
                    "n_layers": 0,
                    "in_dim": 14,
                    "out_dim": 1,
                    "upscale_type": "iid",
                    "activation": "tanh",
                    "use_batchnorm": false,
                    "l2_reg": 0.00010388496110161286,
                    "hidden_dim": 335,
                    "iid_scale": 4.775267364072525
                },
                {
                    "n_layers": 0,
                    "in_dim": 14,
                    "out_dim": 1,
                    "upscale_type": "iid",
                    "activation": "tanh",
                    "use_batchnorm": false,
                    "l2_reg": 0.00010120857238629203,
                    "hidden_dim": 337,
                    "iid_scale": 6.643121170011392
                },
                {
                    "n_layers": 0,
                    "in_dim": 14,
                    "out_dim": 1,
                    "upscale_type": "iid",
                    "activation": "tanh",
                    "use_batchnorm": false,
                    "l2_reg": 0.00010388496110161286,
                    "hidden_dim": 335,
                    "iid_scale": 4.775267364072525
                }
            ]
        }
    }
}