{
    "44965": {
        "GreedyRFRBoostDense_batchnormFalse": {
            "score_train": [
                0.7119700312614441,
                0.7197026014328003,
                0.7049668431282043,
                0.6733629107475281,
                0.7576594352722168
            ],
            "score_test": [
                0.9008979201316833,
                0.8563973903656006,
                0.884938657283783,
                0.9844747185707092,
                0.7507503628730774
            ],
            "t_fit": [
                1.109674148261547,
                0.8577937409281731,
                0.5650871023535728,
                1.3268511071801186,
                1.0912629812955856
            ],
            "t_inference": [
                0.06351462751626968,
                0.04027816653251648,
                0.03659633547067642,
                0.0587012842297554,
                0.06376319378614426
            ],
            "hyperparams": [
                {
                    "in_dim": 116,
                    "out_dim": 1,
                    "feature_type": "SWIM",
                    "upscale_type": "SWIM",
                    "randfeat_xt_dim": 512,
                    "randfeat_x0_dim": 512,
                    "sandwich_solver": "dense",
                    "activation": "tanh",
                    "use_batchnorm": false,
                    "n_layers": 4,
                    "l2_reg": 0.5626548637890619,
                    "l2_ghat": 3.8820553568115186e-05,
                    "boost_lr": 0.1743457248392199,
                    "hidden_dim": 92,
                    "SWIM_scale": 0.430077904580571
                },
                {
                    "in_dim": 116,
                    "out_dim": 1,
                    "feature_type": "SWIM",
                    "upscale_type": "SWIM",
                    "randfeat_xt_dim": 512,
                    "randfeat_x0_dim": 512,
                    "sandwich_solver": "dense",
                    "activation": "tanh",
                    "use_batchnorm": false,
                    "n_layers": 3,
                    "l2_reg": 0.21041788307417475,
                    "l2_ghat": 0.0007315429352243193,
                    "boost_lr": 0.2889203839141732,
                    "hidden_dim": 45,
                    "SWIM_scale": 0.6646537063724222
                },
                {
                    "in_dim": 116,
                    "out_dim": 1,
                    "feature_type": "SWIM",
                    "upscale_type": "SWIM",
                    "randfeat_xt_dim": 512,
                    "randfeat_x0_dim": 512,
                    "sandwich_solver": "dense",
                    "activation": "tanh",
                    "use_batchnorm": false,
                    "n_layers": 2,
                    "l2_reg": 0.8431013932082461,
                    "l2_ghat": 3.957220564100922e-06,
                    "boost_lr": 0.3267641765781762,
                    "hidden_dim": 123,
                    "SWIM_scale": 0.331288222259996
                },
                {
                    "in_dim": 116,
                    "out_dim": 1,
                    "feature_type": "SWIM",
                    "upscale_type": "SWIM",
                    "randfeat_xt_dim": 512,
                    "randfeat_x0_dim": 512,
                    "sandwich_solver": "dense",
                    "activation": "tanh",
                    "use_batchnorm": false,
                    "n_layers": 5,
                    "l2_reg": 1.8273619971589097,
                    "l2_ghat": 0.0002561738039727951,
                    "boost_lr": 0.12269082833048561,
                    "hidden_dim": 27,
                    "SWIM_scale": 1.0133839686688062
                },
                {
                    "in_dim": 116,
                    "out_dim": 1,
                    "feature_type": "SWIM",
                    "upscale_type": "SWIM",
                    "randfeat_xt_dim": 512,
                    "randfeat_x0_dim": 512,
                    "sandwich_solver": "dense",
                    "activation": "tanh",
                    "use_batchnorm": false,
                    "n_layers": 4,
                    "l2_reg": 0.07860020912251149,
                    "l2_ghat": 0.0005266595628068915,
                    "boost_lr": 0.10072203664244354,
                    "hidden_dim": 83,
                    "SWIM_scale": 0.6897430628063049
                }
            ]
        }
    }
}