{
    "44977": {
        "GreedyRFRBoostDense_batchnormFalse": {
            "score_train": [
                0.44993290305137634,
                0.46305030584335327,
                0.46909382939338684,
                0.4558784067630768,
                0.464194118976593
            ],
            "score_test": [
                0.5223492980003357,
                0.4903024137020111,
                0.5448012351989746,
                0.48450541496276855,
                0.5085083842277527
            ],
            "t_fit": [
                4.28148976713419,
                3.4181160144507885,
                2.730100378394127,
                3.621553484350443,
                2.8373262621462345
            ],
            "t_inference": [
                1.0535532124340534,
                0.5078639015555382,
                0.3935927711427212,
                0.5045038759708405,
                0.3381868712604046
            ],
            "hyperparams": [
                {
                    "in_dim": 8,
                    "out_dim": 1,
                    "feature_type": "SWIM",
                    "upscale_type": "SWIM",
                    "randfeat_xt_dim": 512,
                    "randfeat_x0_dim": 512,
                    "sandwich_solver": "dense",
                    "activation": "tanh",
                    "use_batchnorm": false,
                    "n_layers": 8,
                    "l2_reg": 0.6102950153330298,
                    "l2_ghat": 5.1309548991795715e-06,
                    "boost_lr": 0.28077129234396,
                    "hidden_dim": 396,
                    "SWIM_scale": 0.4204661766066508
                },
                {
                    "in_dim": 8,
                    "out_dim": 1,
                    "feature_type": "SWIM",
                    "upscale_type": "SWIM",
                    "randfeat_xt_dim": 512,
                    "randfeat_x0_dim": 512,
                    "sandwich_solver": "dense",
                    "activation": "tanh",
                    "use_batchnorm": false,
                    "n_layers": 9,
                    "l2_reg": 0.0003051455955924765,
                    "l2_ghat": 0.0014613175180652163,
                    "boost_lr": 0.14908843668994198,
                    "hidden_dim": 95,
                    "SWIM_scale": 0.5902929810877241
                },
                {
                    "in_dim": 8,
                    "out_dim": 1,
                    "feature_type": "SWIM",
                    "upscale_type": "SWIM",
                    "randfeat_xt_dim": 512,
                    "randfeat_x0_dim": 512,
                    "sandwich_solver": "dense",
                    "activation": "tanh",
                    "use_batchnorm": false,
                    "n_layers": 7,
                    "l2_reg": 0.001907265945449565,
                    "l2_ghat": 0.00024154248670299816,
                    "boost_lr": 0.2163381573587875,
                    "hidden_dim": 98,
                    "SWIM_scale": 0.40018221059704623
                },
                {
                    "in_dim": 8,
                    "out_dim": 1,
                    "feature_type": "SWIM",
                    "upscale_type": "SWIM",
                    "randfeat_xt_dim": 512,
                    "randfeat_x0_dim": 512,
                    "sandwich_solver": "dense",
                    "activation": "tanh",
                    "use_batchnorm": false,
                    "n_layers": 10,
                    "l2_reg": 0.3258361447764821,
                    "l2_ghat": 4.7975269852219835e-05,
                    "boost_lr": 0.25773323073651944,
                    "hidden_dim": 90,
                    "SWIM_scale": 0.6271148530975212
                },
                {
                    "in_dim": 8,
                    "out_dim": 1,
                    "feature_type": "SWIM",
                    "upscale_type": "SWIM",
                    "randfeat_xt_dim": 512,
                    "randfeat_x0_dim": 512,
                    "sandwich_solver": "dense",
                    "activation": "tanh",
                    "use_batchnorm": false,
                    "n_layers": 8,
                    "l2_reg": 0.04075562539110421,
                    "l2_ghat": 2.498978079692109e-05,
                    "boost_lr": 0.30095962380602037,
                    "hidden_dim": 51,
                    "SWIM_scale": 0.29230278098800355
                }
            ]
        }
    }
}