{
    "44994": {
        "GreedyRFRBoostScalar": {
            "score_train": [
                0.20416243374347687,
                0.1770053654909134,
                0.19049620628356934,
                0.18786711990833282,
                0.19574125111103058
            ],
            "score_test": [
                0.2345549613237381,
                0.24327409267425537,
                0.25017571449279785,
                0.24972908198833466,
                0.21821627020835876
            ],
            "t_fit": [
                0.09703820571303368,
                0.3385923355817795,
                0.08804754540324211,
                0.12077280133962631,
                0.22151223570108414
            ],
            "t_inference": [
                0.03948497027158737,
                0.12408534064888954,
                0.03309570252895355,
                0.044204436242580414,
                0.08375804871320724
            ],
            "hyperparams": [
                {
                    "in_dim": 17,
                    "out_dim": 1,
                    "feature_type": "SWIM",
                    "upscale_type": "SWIM",
                    "randfeat_xt_dim": 512,
                    "randfeat_x0_dim": 512,
                    "sandwich_solver": "scalar",
                    "activation": "tanh",
                    "use_batchnorm": true,
                    "n_layers": 5,
                    "l2_reg": 0.024754503068462684,
                    "l2_ghat": 0.0008677223149687244,
                    "boost_lr": 0.11805057582930542,
                    "hidden_dim": 267,
                    "SWIM_scale": 1.7565803850525628
                },
                {
                    "in_dim": 17,
                    "out_dim": 1,
                    "feature_type": "SWIM",
                    "upscale_type": "SWIM",
                    "randfeat_xt_dim": 512,
                    "randfeat_x0_dim": 512,
                    "sandwich_solver": "scalar",
                    "activation": "tanh",
                    "use_batchnorm": true,
                    "n_layers": 7,
                    "l2_reg": 0.005343306331461958,
                    "l2_ghat": 0.16304253162431326,
                    "boost_lr": 0.833772831295812,
                    "hidden_dim": 504,
                    "SWIM_scale": 1.8814297997119283
                },
                {
                    "in_dim": 17,
                    "out_dim": 1,
                    "feature_type": "SWIM",
                    "upscale_type": "SWIM",
                    "randfeat_xt_dim": 512,
                    "randfeat_x0_dim": 512,
                    "sandwich_solver": "scalar",
                    "activation": "tanh",
                    "use_batchnorm": true,
                    "n_layers": 2,
                    "l2_reg": 0.013405165235130715,
                    "l2_ghat": 0.033863932344207696,
                    "boost_lr": 0.6268018143880526,
                    "hidden_dim": 383,
                    "SWIM_scale": 1.7862110897605392
                },
                {
                    "in_dim": 17,
                    "out_dim": 1,
                    "feature_type": "SWIM",
                    "upscale_type": "SWIM",
                    "randfeat_xt_dim": 512,
                    "randfeat_x0_dim": 512,
                    "sandwich_solver": "scalar",
                    "activation": "tanh",
                    "use_batchnorm": true,
                    "n_layers": 5,
                    "l2_reg": 0.009820733758023822,
                    "l2_ghat": 0.0002191466210693806,
                    "boost_lr": 0.6957308950069176,
                    "hidden_dim": 278,
                    "SWIM_scale": 1.9964089424113702
                },
                {
                    "in_dim": 17,
                    "out_dim": 1,
                    "feature_type": "SWIM",
                    "upscale_type": "SWIM",
                    "randfeat_xt_dim": 512,
                    "randfeat_x0_dim": 512,
                    "sandwich_solver": "scalar",
                    "activation": "tanh",
                    "use_batchnorm": true,
                    "n_layers": 7,
                    "l2_reg": 0.021101795929857583,
                    "l2_ghat": 0.4651917699671979,
                    "boost_lr": 0.3492385647487818,
                    "hidden_dim": 467,
                    "SWIM_scale": 1.7645481163618932
                }
            ]
        }
    }
}