{
    "44970": {
        "GradientRFRBoost_ID": {
            "score_train": [
                0.5225393772125244,
                0.5708138346672058,
                0.5853254795074463,
                0.4973977506160736,
                0.4896854758262634
            ],
            "score_test": [
                0.6792808175086975,
                0.6144441962242126,
                0.5949212908744812,
                0.5850712656974792,
                0.6237947344779968
            ],
            "t_fit": [
                0.09019758179783821,
                0.08067495748400688,
                0.4771883748471737,
                0.3629099875688553,
                0.14811846613883972
            ],
            "t_inference": [
                0.006398115307092667,
                0.007134530693292618,
                0.037290364503860474,
                0.02734467014670372,
                0.011284738779067993
            ],
            "hyperparams": [
                {
                    "in_dim": 6,
                    "out_dim": 1,
                    "feature_type": "SWIM",
                    "upscale_type": "identity",
                    "randfeat_xt_dim": 512,
                    "randfeat_x0_dim": 512,
                    "activation": "tanh",
                    "use_batchnorm": true,
                    "n_layers": 1,
                    "l2_reg": 0.0006248210362488806,
                    "l2_ghat": 0.04910585815367679,
                    "boost_lr": 0.5036558948221667,
                    "hidden_dim": 6,
                    "SWIM_scale": 1.468898229612923
                },
                {
                    "in_dim": 6,
                    "out_dim": 1,
                    "feature_type": "SWIM",
                    "upscale_type": "identity",
                    "randfeat_xt_dim": 512,
                    "randfeat_x0_dim": 512,
                    "activation": "tanh",
                    "use_batchnorm": true,
                    "n_layers": 1,
                    "l2_reg": 0.000168193469581161,
                    "l2_ghat": 0.3142675150961009,
                    "boost_lr": 0.48859725032775714,
                    "hidden_dim": 6,
                    "SWIM_scale": 1.6744951910224504
                },
                {
                    "in_dim": 6,
                    "out_dim": 1,
                    "feature_type": "SWIM",
                    "upscale_type": "identity",
                    "randfeat_xt_dim": 512,
                    "randfeat_x0_dim": 512,
                    "activation": "tanh",
                    "use_batchnorm": true,
                    "n_layers": 6,
                    "l2_reg": 0.00044715605131612695,
                    "l2_ghat": 2.193679239997722,
                    "boost_lr": 0.1254556311976378,
                    "hidden_dim": 6,
                    "SWIM_scale": 1.964253003937298
                },
                {
                    "in_dim": 6,
                    "out_dim": 1,
                    "feature_type": "SWIM",
                    "upscale_type": "identity",
                    "randfeat_xt_dim": 512,
                    "randfeat_x0_dim": 512,
                    "activation": "tanh",
                    "use_batchnorm": true,
                    "n_layers": 5,
                    "l2_reg": 0.22275658453105004,
                    "l2_ghat": 0.04875090588804543,
                    "boost_lr": 0.12588972495003234,
                    "hidden_dim": 6,
                    "SWIM_scale": 1.6270793643389765
                },
                {
                    "in_dim": 6,
                    "out_dim": 1,
                    "feature_type": "SWIM",
                    "upscale_type": "identity",
                    "randfeat_xt_dim": 512,
                    "randfeat_x0_dim": 512,
                    "activation": "tanh",
                    "use_batchnorm": true,
                    "n_layers": 2,
                    "l2_reg": 0.24870637091042344,
                    "l2_ghat": 0.005402018912185728,
                    "boost_lr": 0.2614653717249104,
                    "hidden_dim": 6,
                    "SWIM_scale": 1.2697734617703091
                }
            ]
        }
    }
}