{
    "44958": {
        "GradientRFRBoost": {
            "score_train": [
                0.16248907148838043,
                0.15049304068088531,
                0.1715887039899826,
                0.17775660753250122,
                0.1192239373922348
            ],
            "score_test": [
                0.2459861785173416,
                0.2311960905790329,
                0.23705796897411346,
                0.22210295498371124,
                0.1884853094816208
            ],
            "t_fit": [
                2.0491062477231026,
                2.7706385739147663,
                0.8628173246979713,
                1.730712540447712,
                1.330665748566389
            ],
            "t_inference": [
                0.47555235773324966,
                0.7055235765874386,
                0.1914719119668007,
                0.3838564604520798,
                0.19220688566565514
            ],
            "hyperparams": [
                {
                    "in_dim": 16,
                    "out_dim": 1,
                    "feature_type": "SWIM",
                    "upscale_type": "SWIM",
                    "randfeat_xt_dim": 512,
                    "randfeat_x0_dim": 512,
                    "activation": "tanh",
                    "use_batchnorm": true,
                    "n_layers": 9,
                    "l2_reg": 0.051440094651361415,
                    "l2_ghat": 0.0037485647151503146,
                    "boost_lr": 0.6875283887255706,
                    "hidden_dim": 283,
                    "SWIM_scale": 1.8221206798234908
                },
                {
                    "in_dim": 16,
                    "out_dim": 1,
                    "feature_type": "SWIM",
                    "upscale_type": "SWIM",
                    "randfeat_xt_dim": 512,
                    "randfeat_x0_dim": 512,
                    "activation": "tanh",
                    "use_batchnorm": true,
                    "n_layers": 10,
                    "l2_reg": 4.503769615055015,
                    "l2_ghat": 0.005607762210105478,
                    "boost_lr": 0.560621931217871,
                    "hidden_dim": 401,
                    "SWIM_scale": 1.1567151320118536
                },
                {
                    "in_dim": 16,
                    "out_dim": 1,
                    "feature_type": "SWIM",
                    "upscale_type": "SWIM",
                    "randfeat_xt_dim": 512,
                    "randfeat_x0_dim": 512,
                    "activation": "tanh",
                    "use_batchnorm": true,
                    "n_layers": 4,
                    "l2_reg": 0.8566619095495307,
                    "l2_ghat": 0.00026579178431238726,
                    "boost_lr": 0.5397466967120922,
                    "hidden_dim": 249,
                    "SWIM_scale": 1.5755257311567998
                },
                {
                    "in_dim": 16,
                    "out_dim": 1,
                    "feature_type": "SWIM",
                    "upscale_type": "SWIM",
                    "randfeat_xt_dim": 512,
                    "randfeat_x0_dim": 512,
                    "activation": "tanh",
                    "use_batchnorm": true,
                    "n_layers": 9,
                    "l2_reg": 0.004756988265749068,
                    "l2_ghat": 0.01000483746891535,
                    "boost_lr": 0.5557635267271334,
                    "hidden_dim": 197,
                    "SWIM_scale": 1.8501349481789249
                },
                {
                    "in_dim": 16,
                    "out_dim": 1,
                    "feature_type": "SWIM",
                    "upscale_type": "SWIM",
                    "randfeat_xt_dim": 512,
                    "randfeat_x0_dim": 512,
                    "activation": "tanh",
                    "use_batchnorm": true,
                    "n_layers": 9,
                    "l2_reg": 0.09183127875812382,
                    "l2_ghat": 0.001639246682359346,
                    "boost_lr": 0.7732218560829769,
                    "hidden_dim": 38,
                    "SWIM_scale": 1.267199384836039
                }
            ]
        }
    }
}