{
    "44977": {
        "GradientRFRBoost": {
            "score_train": [
                0.4599689543247223,
                0.4723500609397888,
                0.4630582630634308,
                0.4728703796863556,
                0.4516396224498749
            ],
            "score_test": [
                0.5277495384216309,
                0.48828360438346863,
                0.5411586761474609,
                0.4903452396392822,
                0.5119819045066833
            ],
            "t_fit": [
                2.79672222584486,
                3.5141442455351353,
                4.573659889400005,
                4.852115761488676,
                2.2154189869761467
            ],
            "t_inference": [
                0.5154080241918564,
                0.8772937245666981,
                1.0233314037322998,
                1.2596898414194584,
                0.32995063811540604
            ],
            "hyperparams": [
                {
                    "in_dim": 8,
                    "out_dim": 1,
                    "feature_type": "SWIM",
                    "upscale_type": "SWIM",
                    "randfeat_xt_dim": 512,
                    "randfeat_x0_dim": 512,
                    "activation": "tanh",
                    "use_batchnorm": true,
                    "n_layers": 6,
                    "l2_reg": 0.44252256426681674,
                    "l2_ghat": 0.00041642717587477864,
                    "boost_lr": 0.34969781938355254,
                    "hidden_dim": 78,
                    "SWIM_scale": 0.5291790720369816
                },
                {
                    "in_dim": 8,
                    "out_dim": 1,
                    "feature_type": "SWIM",
                    "upscale_type": "SWIM",
                    "randfeat_xt_dim": 512,
                    "randfeat_x0_dim": 512,
                    "activation": "tanh",
                    "use_batchnorm": true,
                    "n_layers": 7,
                    "l2_reg": 0.5579406636144126,
                    "l2_ghat": 4.2273028468930345e-05,
                    "boost_lr": 0.25889223191755645,
                    "hidden_dim": 177,
                    "SWIM_scale": 0.32824963701691756
                },
                {
                    "in_dim": 8,
                    "out_dim": 1,
                    "feature_type": "SWIM",
                    "upscale_type": "SWIM",
                    "randfeat_xt_dim": 512,
                    "randfeat_x0_dim": 512,
                    "activation": "tanh",
                    "use_batchnorm": true,
                    "n_layers": 9,
                    "l2_reg": 0.23658398318708637,
                    "l2_ghat": 8.90902508491157e-05,
                    "boost_lr": 0.2670884823453557,
                    "hidden_dim": 145,
                    "SWIM_scale": 0.3177690999320699
                },
                {
                    "in_dim": 8,
                    "out_dim": 1,
                    "feature_type": "SWIM",
                    "upscale_type": "SWIM",
                    "randfeat_xt_dim": 512,
                    "randfeat_x0_dim": 512,
                    "activation": "tanh",
                    "use_batchnorm": true,
                    "n_layers": 8,
                    "l2_reg": 0.5501200000077355,
                    "l2_ghat": 0.0004272016288703375,
                    "boost_lr": 0.3457107857499825,
                    "hidden_dim": 201,
                    "SWIM_scale": 0.4467035942355215
                },
                {
                    "in_dim": 8,
                    "out_dim": 1,
                    "feature_type": "SWIM",
                    "upscale_type": "SWIM",
                    "randfeat_xt_dim": 512,
                    "randfeat_x0_dim": 512,
                    "activation": "tanh",
                    "use_batchnorm": true,
                    "n_layers": 6,
                    "l2_reg": 0.3173420804668849,
                    "l2_ghat": 0.00035961003491330067,
                    "boost_lr": 0.3624919868898155,
                    "hidden_dim": 37,
                    "SWIM_scale": 0.6414743929102088
                }
            ]
        }
    }
}