{
    "44958": {
        "GreedyRFRBoostDense": {
            "score_train": [
                0.17822681367397308,
                0.17042778432369232,
                0.17735277116298676,
                0.16665664315223694,
                0.14790095388889313
            ],
            "score_test": [
                0.25744467973709106,
                0.2511478364467621,
                0.24688084423542023,
                0.2013694941997528,
                0.21033965051174164
            ],
            "t_fit": [
                5.711299996823072,
                4.956117168068886,
                2.3482031896710396,
                3.451081022620201,
                2.395824372768402
            ],
            "t_inference": [
                0.9698666669428349,
                0.44119758531451225,
                0.25188153609633446,
                0.5308788456022739,
                0.28650153800845146
            ],
            "hyperparams": [
                {
                    "in_dim": 16,
                    "out_dim": 1,
                    "feature_type": "SWIM",
                    "upscale_type": "SWIM",
                    "randfeat_xt_dim": 512,
                    "randfeat_x0_dim": 512,
                    "sandwich_solver": "dense",
                    "activation": "tanh",
                    "use_batchnorm": true,
                    "n_layers": 10,
                    "l2_reg": 0.02207513479960106,
                    "l2_ghat": 0.0020487008319587854,
                    "boost_lr": 0.8305338038206285,
                    "hidden_dim": 478,
                    "SWIM_scale": 1.7160932976624674
                },
                {
                    "in_dim": 16,
                    "out_dim": 1,
                    "feature_type": "SWIM",
                    "upscale_type": "SWIM",
                    "randfeat_xt_dim": 512,
                    "randfeat_x0_dim": 512,
                    "sandwich_solver": "dense",
                    "activation": "tanh",
                    "use_batchnorm": true,
                    "n_layers": 10,
                    "l2_reg": 0.11354834864348,
                    "l2_ghat": 0.001835331690651428,
                    "boost_lr": 0.9268643142525484,
                    "hidden_dim": 114,
                    "SWIM_scale": 1.752465775429195
                },
                {
                    "in_dim": 16,
                    "out_dim": 1,
                    "feature_type": "SWIM",
                    "upscale_type": "SWIM",
                    "randfeat_xt_dim": 512,
                    "randfeat_x0_dim": 512,
                    "sandwich_solver": "dense",
                    "activation": "tanh",
                    "use_batchnorm": true,
                    "n_layers": 7,
                    "l2_reg": 0.09582214385830719,
                    "l2_ghat": 0.0003682342187056545,
                    "boost_lr": 0.938439853287554,
                    "hidden_dim": 166,
                    "SWIM_scale": 1.7849431525849926
                },
                {
                    "in_dim": 16,
                    "out_dim": 1,
                    "feature_type": "SWIM",
                    "upscale_type": "SWIM",
                    "randfeat_xt_dim": 512,
                    "randfeat_x0_dim": 512,
                    "sandwich_solver": "dense",
                    "activation": "tanh",
                    "use_batchnorm": true,
                    "n_layers": 9,
                    "l2_reg": 1.2101368106981023,
                    "l2_ghat": 0.0003180442777628203,
                    "boost_lr": 0.8550949333361151,
                    "hidden_dim": 335,
                    "SWIM_scale": 1.7917999299918925
                },
                {
                    "in_dim": 16,
                    "out_dim": 1,
                    "feature_type": "SWIM",
                    "upscale_type": "SWIM",
                    "randfeat_xt_dim": 512,
                    "randfeat_x0_dim": 512,
                    "sandwich_solver": "dense",
                    "activation": "tanh",
                    "use_batchnorm": true,
                    "n_layers": 7,
                    "l2_reg": 0.5241008782714075,
                    "l2_ghat": 9.991469420309431e-05,
                    "boost_lr": 0.83505026180431,
                    "hidden_dim": 201,
                    "SWIM_scale": 1.9024123512151994
                }
            ]
        }
    }
}