{
    "45012": {
        "GreedyRFRBoostDense_ID": {
            "score_train": [
                0.3166244924068451,
                0.29630041122436523,
                0.3059380054473877,
                0.32677093148231506,
                0.338457316160202
            ],
            "score_test": [
                0.34253156185150146,
                0.3808816373348236,
                0.3349008560180664,
                0.32986417412757874,
                0.3210824728012085
            ],
            "t_fit": [
                2.3336758837103844,
                2.124518394470215,
                2.691739998757839,
                1.3598781451582909,
                0.9123081490397453
            ],
            "t_inference": [
                0.5012525841593742,
                0.4614451229572296,
                0.584808424115181,
                0.29327442497015,
                0.19814535230398178
            ],
            "hyperparams": [
                {
                    "in_dim": 190,
                    "out_dim": 1,
                    "feature_type": "SWIM",
                    "upscale_type": "identity",
                    "randfeat_xt_dim": 512,
                    "randfeat_x0_dim": 512,
                    "sandwich_solver": "dense",
                    "activation": "tanh",
                    "use_batchnorm": true,
                    "n_layers": 5,
                    "l2_reg": 5.654749887837246,
                    "l2_ghat": 6.945894576055459e-05,
                    "boost_lr": 0.2947630551016742,
                    "hidden_dim": 190,
                    "SWIM_scale": 1.4727271966307582
                },
                {
                    "in_dim": 190,
                    "out_dim": 1,
                    "feature_type": "SWIM",
                    "upscale_type": "identity",
                    "randfeat_xt_dim": 512,
                    "randfeat_x0_dim": 512,
                    "sandwich_solver": "dense",
                    "activation": "tanh",
                    "use_batchnorm": true,
                    "n_layers": 5,
                    "l2_reg": 9.872780624202152,
                    "l2_ghat": 5.172137492100108e-07,
                    "boost_lr": 0.7311083686228204,
                    "hidden_dim": 190,
                    "SWIM_scale": 0.38888431798042544
                },
                {
                    "in_dim": 190,
                    "out_dim": 1,
                    "feature_type": "SWIM",
                    "upscale_type": "identity",
                    "randfeat_xt_dim": 512,
                    "randfeat_x0_dim": 512,
                    "sandwich_solver": "dense",
                    "activation": "tanh",
                    "use_batchnorm": true,
                    "n_layers": 6,
                    "l2_reg": 7.455964755039929,
                    "l2_ghat": 9.100391513559993e-07,
                    "boost_lr": 0.7968282218730932,
                    "hidden_dim": 190,
                    "SWIM_scale": 0.309738250850591
                },
                {
                    "in_dim": 190,
                    "out_dim": 1,
                    "feature_type": "SWIM",
                    "upscale_type": "identity",
                    "randfeat_xt_dim": 512,
                    "randfeat_x0_dim": 512,
                    "sandwich_solver": "dense",
                    "activation": "tanh",
                    "use_batchnorm": true,
                    "n_layers": 3,
                    "l2_reg": 2.9560857511952223,
                    "l2_ghat": 0.00015095224291057698,
                    "boost_lr": 0.48505015638460414,
                    "hidden_dim": 190,
                    "SWIM_scale": 1.6207710367113195
                },
                {
                    "in_dim": 190,
                    "out_dim": 1,
                    "feature_type": "SWIM",
                    "upscale_type": "identity",
                    "randfeat_xt_dim": 512,
                    "randfeat_x0_dim": 512,
                    "sandwich_solver": "dense",
                    "activation": "tanh",
                    "use_batchnorm": true,
                    "n_layers": 2,
                    "l2_reg": 2.37823444461502,
                    "l2_ghat": 0.00010916492429612202,
                    "boost_lr": 0.6106129029049079,
                    "hidden_dim": 190,
                    "SWIM_scale": 1.4486071453195344
                }
            ]
        }
    }
}