{
    "44959": {
        "GradientRFRBoost_upscaleiid": {
            "score_train": [
                0.20774711668491364,
                0.17783373594284058,
                0.1832313984632492,
                0.1995869278907776,
                0.20471930503845215
            ],
            "score_test": [
                0.3202418088912964,
                0.2961222529411316,
                0.291369765996933,
                0.28007471561431885,
                0.2816812992095947
            ],
            "t_fit": [
                1.6907069124281406,
                1.2446919605135918,
                2.1346497125923634,
                0.9636178575456142,
                1.1284650564193726
            ],
            "t_inference": [
                0.1905243657529354,
                0.18242717534303665,
                0.4492814838886261,
                0.18823351711034775,
                0.203997403383255
            ],
            "hyperparams": [
                {
                    "in_dim": 8,
                    "out_dim": 1,
                    "feature_type": "SWIM",
                    "upscale_type": "iid",
                    "randfeat_xt_dim": 512,
                    "randfeat_x0_dim": 512,
                    "activation": "tanh",
                    "use_batchnorm": true,
                    "n_layers": 10,
                    "l2_reg": 0.04888095550511089,
                    "l2_ghat": 0.000978109950214044,
                    "boost_lr": 0.17526746762068338,
                    "hidden_dim": 78,
                    "SWIM_scale": 0.7414439875174823
                },
                {
                    "in_dim": 8,
                    "out_dim": 1,
                    "feature_type": "SWIM",
                    "upscale_type": "iid",
                    "randfeat_xt_dim": 512,
                    "randfeat_x0_dim": 512,
                    "activation": "tanh",
                    "use_batchnorm": true,
                    "n_layers": 9,
                    "l2_reg": 0.0766444059229924,
                    "l2_ghat": 0.03012869800400989,
                    "boost_lr": 0.3109204051573473,
                    "hidden_dim": 117,
                    "SWIM_scale": 1.9319573880115979
                },
                {
                    "in_dim": 8,
                    "out_dim": 1,
                    "feature_type": "SWIM",
                    "upscale_type": "iid",
                    "randfeat_xt_dim": 512,
                    "randfeat_x0_dim": 512,
                    "activation": "tanh",
                    "use_batchnorm": true,
                    "n_layers": 10,
                    "l2_reg": 0.01346503263074442,
                    "l2_ghat": 0.016368272053743277,
                    "boost_lr": 0.3643442572063328,
                    "hidden_dim": 397,
                    "SWIM_scale": 1.4573886090529968
                },
                {
                    "in_dim": 8,
                    "out_dim": 1,
                    "feature_type": "SWIM",
                    "upscale_type": "iid",
                    "randfeat_xt_dim": 512,
                    "randfeat_x0_dim": 512,
                    "activation": "tanh",
                    "use_batchnorm": true,
                    "n_layers": 7,
                    "l2_reg": 0.05639514614248457,
                    "l2_ghat": 0.031245766357907018,
                    "boost_lr": 0.49287880941956586,
                    "hidden_dim": 321,
                    "SWIM_scale": 1.2689056681391715
                },
                {
                    "in_dim": 8,
                    "out_dim": 1,
                    "feature_type": "SWIM",
                    "upscale_type": "iid",
                    "randfeat_xt_dim": 512,
                    "randfeat_x0_dim": 512,
                    "activation": "tanh",
                    "use_batchnorm": true,
                    "n_layers": 8,
                    "l2_reg": 0.05003732173942798,
                    "l2_ghat": 0.4432558176042063,
                    "boost_lr": 0.7774161073738747,
                    "hidden_dim": 274,
                    "SWIM_scale": 1.9482584924939477
                }
            ]
        }
    }
}