{
    "45402": {
        "GreedyRFRBoostDense_batchnormFalse": {
            "score_train": [
                0.4579470455646515,
                0.43185749650001526,
                0.4802883565425873,
                0.4542068839073181,
                0.45486587285995483
            ],
            "score_test": [
                0.5316685438156128,
                0.503426730632782,
                0.495047003030777,
                0.47843632102012634,
                0.5039698481559753
            ],
            "t_fit": [
                4.155041512101889,
                4.584217894822359,
                4.222029227763414,
                3.867488708347082,
                3.3587524630129337
            ],
            "t_inference": [
                0.49053826555609703,
                0.9839618727564812,
                0.530378632247448,
                0.5684681087732315,
                0.5135536231100559
            ],
            "hyperparams": [
                {
                    "in_dim": 6,
                    "out_dim": 1,
                    "feature_type": "SWIM",
                    "upscale_type": "SWIM",
                    "randfeat_xt_dim": 512,
                    "randfeat_x0_dim": 512,
                    "sandwich_solver": "dense",
                    "activation": "tanh",
                    "use_batchnorm": false,
                    "n_layers": 10,
                    "l2_reg": 0.078985974926379,
                    "l2_ghat": 0.0001041027668530002,
                    "boost_lr": 0.25647076721044937,
                    "hidden_dim": 127,
                    "SWIM_scale": 0.3378837195691451
                },
                {
                    "in_dim": 6,
                    "out_dim": 1,
                    "feature_type": "SWIM",
                    "upscale_type": "SWIM",
                    "randfeat_xt_dim": 512,
                    "randfeat_x0_dim": 512,
                    "sandwich_solver": "dense",
                    "activation": "tanh",
                    "use_batchnorm": false,
                    "n_layers": 9,
                    "l2_reg": 0.511036586472092,
                    "l2_ghat": 4.019385796041908e-06,
                    "boost_lr": 0.25613869778729215,
                    "hidden_dim": 435,
                    "SWIM_scale": 0.4091378540744367
                },
                {
                    "in_dim": 6,
                    "out_dim": 1,
                    "feature_type": "SWIM",
                    "upscale_type": "SWIM",
                    "randfeat_xt_dim": 512,
                    "randfeat_x0_dim": 512,
                    "sandwich_solver": "dense",
                    "activation": "tanh",
                    "use_batchnorm": false,
                    "n_layers": 10,
                    "l2_reg": 0.15483130563709901,
                    "l2_ghat": 6.920904535512201e-05,
                    "boost_lr": 0.239664794654863,
                    "hidden_dim": 149,
                    "SWIM_scale": 0.26520056299417105
                },
                {
                    "in_dim": 6,
                    "out_dim": 1,
                    "feature_type": "SWIM",
                    "upscale_type": "SWIM",
                    "randfeat_xt_dim": 512,
                    "randfeat_x0_dim": 512,
                    "sandwich_solver": "dense",
                    "activation": "tanh",
                    "use_batchnorm": false,
                    "n_layers": 10,
                    "l2_reg": 0.183804204352647,
                    "l2_ghat": 3.101550718368778e-05,
                    "boost_lr": 0.2882960814763879,
                    "hidden_dim": 224,
                    "SWIM_scale": 0.4052422923224699
                },
                {
                    "in_dim": 6,
                    "out_dim": 1,
                    "feature_type": "SWIM",
                    "upscale_type": "SWIM",
                    "randfeat_xt_dim": 512,
                    "randfeat_x0_dim": 512,
                    "sandwich_solver": "dense",
                    "activation": "tanh",
                    "use_batchnorm": false,
                    "n_layers": 8,
                    "l2_reg": 0.06102306727467998,
                    "l2_ghat": 6.639235239107395e-05,
                    "boost_lr": 0.3289433291445649,
                    "hidden_dim": 205,
                    "SWIM_scale": 0.3724359177309164
                }
            ]
        }
    }
}