{
    "44962": {
        "GradientRFRBoost": {
            "score_train": [
                0.4599127769470215,
                0.45204734802246094,
                0.43458104133605957,
                0.4135820269584656,
                0.44699499011039734
            ],
            "score_test": [
                0.3616204261779785,
                0.4087318778038025,
                0.4767760634422302,
                0.5523726940155029,
                0.442182332277298
            ],
            "t_fit": [
                0.3903734013438225,
                0.0668814480304718,
                0.07405848801136017,
                0.5818348526954651,
                0.2445688098669052
            ],
            "t_inference": [
                0.029872111976146698,
                0.0070706382393836975,
                0.008448302745819092,
                0.06197483837604523,
                0.018577031791210175
            ],
            "hyperparams": [
                {
                    "in_dim": 29,
                    "out_dim": 1,
                    "feature_type": "SWIM",
                    "upscale_type": "SWIM",
                    "randfeat_xt_dim": 512,
                    "randfeat_x0_dim": 512,
                    "activation": "tanh",
                    "use_batchnorm": true,
                    "n_layers": 6,
                    "l2_reg": 6.804119351294365,
                    "l2_ghat": 4.176103724614809,
                    "boost_lr": 0.1441569262859004,
                    "hidden_dim": 26,
                    "SWIM_scale": 0.7513985011890314
                },
                {
                    "in_dim": 29,
                    "out_dim": 1,
                    "feature_type": "SWIM",
                    "upscale_type": "SWIM",
                    "randfeat_xt_dim": 512,
                    "randfeat_x0_dim": 512,
                    "activation": "tanh",
                    "use_batchnorm": true,
                    "n_layers": 1,
                    "l2_reg": 9.922082997730886,
                    "l2_ghat": 2.0178646599569774,
                    "boost_lr": 0.20369608438545897,
                    "hidden_dim": 67,
                    "SWIM_scale": 0.7648132625183552
                },
                {
                    "in_dim": 29,
                    "out_dim": 1,
                    "feature_type": "SWIM",
                    "upscale_type": "SWIM",
                    "randfeat_xt_dim": 512,
                    "randfeat_x0_dim": 512,
                    "activation": "tanh",
                    "use_batchnorm": true,
                    "n_layers": 1,
                    "l2_reg": 7.378530319646187,
                    "l2_ghat": 3.12250185428936,
                    "boost_lr": 0.15946442455072699,
                    "hidden_dim": 101,
                    "SWIM_scale": 0.3750617069346034
                },
                {
                    "in_dim": 29,
                    "out_dim": 1,
                    "feature_type": "SWIM",
                    "upscale_type": "SWIM",
                    "randfeat_xt_dim": 512,
                    "randfeat_x0_dim": 512,
                    "activation": "tanh",
                    "use_batchnorm": true,
                    "n_layers": 8,
                    "l2_reg": 9.6741308784734,
                    "l2_ghat": 9.901263491796907,
                    "boost_lr": 0.11300067874658278,
                    "hidden_dim": 118,
                    "SWIM_scale": 0.6315861829056163
                },
                {
                    "in_dim": 29,
                    "out_dim": 1,
                    "feature_type": "SWIM",
                    "upscale_type": "SWIM",
                    "randfeat_xt_dim": 512,
                    "randfeat_x0_dim": 512,
                    "activation": "tanh",
                    "use_batchnorm": true,
                    "n_layers": 4,
                    "l2_reg": 9.633373874733259,
                    "l2_ghat": 5.711528799159178,
                    "boost_lr": 0.13983814730230473,
                    "hidden_dim": 22,
                    "SWIM_scale": 0.7272409274464282
                }
            ]
        }
    }
}