{
    "44958": {
        "GreedyRFRBoostScalar": {
            "score_train": [
                0.20851697027683258,
                0.20994436740875244,
                0.25470808148384094,
                0.20743095874786377,
                0.23615464568138123
            ],
            "score_test": [
                0.30976226925849915,
                0.28896182775497437,
                0.2863536477088928,
                0.26561665534973145,
                0.2910258173942566
            ],
            "t_fit": [
                0.5340180173516273,
                0.3027382865548134,
                0.44247526675462723,
                0.12646852806210518,
                0.3793019950389862
            ],
            "t_inference": [
                0.21011294797062874,
                0.13699425756931305,
                0.2064712792634964,
                0.05164805054664612,
                0.16182266920804977
            ],
            "hyperparams": [
                {
                    "in_dim": 16,
                    "out_dim": 1,
                    "feature_type": "SWIM",
                    "upscale_type": "SWIM",
                    "randfeat_xt_dim": 512,
                    "randfeat_x0_dim": 512,
                    "sandwich_solver": "scalar",
                    "activation": "tanh",
                    "use_batchnorm": true,
                    "n_layers": 6,
                    "l2_reg": 0.0005500426958213469,
                    "l2_ghat": 0.041793282045118445,
                    "boost_lr": 0.6715628874798973,
                    "hidden_dim": 502,
                    "SWIM_scale": 1.9344789590623717
                },
                {
                    "in_dim": 16,
                    "out_dim": 1,
                    "feature_type": "SWIM",
                    "upscale_type": "SWIM",
                    "randfeat_xt_dim": 512,
                    "randfeat_x0_dim": 512,
                    "sandwich_solver": "scalar",
                    "activation": "tanh",
                    "use_batchnorm": true,
                    "n_layers": 5,
                    "l2_reg": 0.0009215216117780646,
                    "l2_ghat": 1.3507759998403044,
                    "boost_lr": 0.3824156261279849,
                    "hidden_dim": 492,
                    "SWIM_scale": 1.9763183750426112
                },
                {
                    "in_dim": 16,
                    "out_dim": 1,
                    "feature_type": "SWIM",
                    "upscale_type": "SWIM",
                    "randfeat_xt_dim": 512,
                    "randfeat_x0_dim": 512,
                    "sandwich_solver": "scalar",
                    "activation": "tanh",
                    "use_batchnorm": true,
                    "n_layers": 8,
                    "l2_reg": 0.003035982238609787,
                    "l2_ghat": 0.04948178638814628,
                    "boost_lr": 0.6262489187221079,
                    "hidden_dim": 457,
                    "SWIM_scale": 1.7066764881236827
                },
                {
                    "in_dim": 16,
                    "out_dim": 1,
                    "feature_type": "SWIM",
                    "upscale_type": "SWIM",
                    "randfeat_xt_dim": 512,
                    "randfeat_x0_dim": 512,
                    "sandwich_solver": "scalar",
                    "activation": "tanh",
                    "use_batchnorm": true,
                    "n_layers": 1,
                    "l2_reg": 0.0003233905240714879,
                    "l2_ghat": 0.013554585093299367,
                    "boost_lr": 0.524123329596636,
                    "hidden_dim": 509,
                    "SWIM_scale": 1.9459742668299638
                },
                {
                    "in_dim": 16,
                    "out_dim": 1,
                    "feature_type": "SWIM",
                    "upscale_type": "SWIM",
                    "randfeat_xt_dim": 512,
                    "randfeat_x0_dim": 512,
                    "sandwich_solver": "scalar",
                    "activation": "tanh",
                    "use_batchnorm": true,
                    "n_layers": 10,
                    "l2_reg": 0.00047778792736300125,
                    "l2_ghat": 5.917195798295842,
                    "boost_lr": 0.784440481725921,
                    "hidden_dim": 356,
                    "SWIM_scale": 1.9542483651831906
                }
            ]
        }
    }
}