{
    "44990": {
        "GradientRFRBoost": {
            "score_train": [
                0.3677188456058502,
                0.37986063957214355,
                0.38003695011138916,
                0.36678704619407654,
                0.37221193313598633
            ],
            "score_test": [
                0.39693620800971985,
                0.39532214403152466,
                0.39604875445365906,
                0.4083937406539917,
                0.39652061462402344
            ],
            "t_fit": [
                8.61480413749814,
                1.8985235057771206,
                2.9786414802074432,
                3.539813246577978,
                5.713272958993912
            ],
            "t_inference": [
                2.8069710731506348,
                0.4332187809050083,
                0.7518891878426075,
                0.8006235808134079,
                1.7969003096222878
            ],
            "hyperparams": [
                {
                    "in_dim": 49,
                    "out_dim": 1,
                    "feature_type": "SWIM",
                    "upscale_type": "SWIM",
                    "randfeat_xt_dim": 512,
                    "randfeat_x0_dim": 512,
                    "activation": "tanh",
                    "use_batchnorm": true,
                    "n_layers": 10,
                    "l2_reg": 0.05441335124434231,
                    "l2_ghat": 0.003375459612047062,
                    "boost_lr": 0.166123527118608,
                    "hidden_dim": 512,
                    "SWIM_scale": 0.8628384344818606
                },
                {
                    "in_dim": 49,
                    "out_dim": 1,
                    "feature_type": "SWIM",
                    "upscale_type": "SWIM",
                    "randfeat_xt_dim": 512,
                    "randfeat_x0_dim": 512,
                    "activation": "tanh",
                    "use_batchnorm": true,
                    "n_layers": 5,
                    "l2_reg": 0.3411918603668895,
                    "l2_ghat": 0.0017697455878072004,
                    "boost_lr": 0.336174484219249,
                    "hidden_dim": 156,
                    "SWIM_scale": 0.6362684157892481
                },
                {
                    "in_dim": 49,
                    "out_dim": 1,
                    "feature_type": "SWIM",
                    "upscale_type": "SWIM",
                    "randfeat_xt_dim": 512,
                    "randfeat_x0_dim": 512,
                    "activation": "tanh",
                    "use_batchnorm": true,
                    "n_layers": 6,
                    "l2_reg": 0.01583382241034958,
                    "l2_ghat": 0.0014840038770474167,
                    "boost_lr": 0.10958988504177623,
                    "hidden_dim": 221,
                    "SWIM_scale": 0.5784666615129654
                },
                {
                    "in_dim": 49,
                    "out_dim": 1,
                    "feature_type": "SWIM",
                    "upscale_type": "SWIM",
                    "randfeat_xt_dim": 512,
                    "randfeat_x0_dim": 512,
                    "activation": "tanh",
                    "use_batchnorm": true,
                    "n_layers": 9,
                    "l2_reg": 0.23658398318708637,
                    "l2_ghat": 8.90902508491157e-05,
                    "boost_lr": 0.2670884823453557,
                    "hidden_dim": 145,
                    "SWIM_scale": 0.3177690999320699
                },
                {
                    "in_dim": 49,
                    "out_dim": 1,
                    "feature_type": "SWIM",
                    "upscale_type": "SWIM",
                    "randfeat_xt_dim": 512,
                    "randfeat_x0_dim": 512,
                    "activation": "tanh",
                    "use_batchnorm": true,
                    "n_layers": 9,
                    "l2_reg": 0.03325940674560361,
                    "l2_ghat": 0.00258914684186464,
                    "boost_lr": 0.136084671842233,
                    "hidden_dim": 466,
                    "SWIM_scale": 0.7769125336722291
                }
            ]
        }
    }
}