{
    "44983": {
        "RFNN": {
            "score_train": [
                0.23157314956188202,
                0.21547548472881317,
                0.22529236972332,
                0.2287207841873169,
                0.2242584228515625
            ],
            "score_test": [
                0.2444646656513214,
                0.281278520822525,
                0.2567592263221741,
                0.25277209281921387,
                0.24651457369327545
            ],
            "t_fit": [
                0.07338113337755203,
                0.07998018711805344,
                0.09563137218356133,
                0.08306451886892319,
                0.08004894107580185
            ],
            "t_inference": [
                0.018633779138326645,
                0.018975134938955307,
                0.023284099996089935,
                0.023731648921966553,
                0.019580449908971786
            ],
            "hyperparams": [
                {
                    "n_layers": 0,
                    "in_dim": 15,
                    "out_dim": 1,
                    "upscale_type": "SWIM",
                    "activation": "tanh",
                    "use_batchnorm": false,
                    "l2_reg": 0.0005852016532771546,
                    "hidden_dim": 512,
                    "SWIM_scale": 1.7700163120302594
                },
                {
                    "n_layers": 0,
                    "in_dim": 15,
                    "out_dim": 1,
                    "upscale_type": "SWIM",
                    "activation": "tanh",
                    "use_batchnorm": false,
                    "l2_reg": 0.00012410925057218896,
                    "hidden_dim": 509,
                    "SWIM_scale": 1.821057165055651
                },
                {
                    "n_layers": 0,
                    "in_dim": 15,
                    "out_dim": 1,
                    "upscale_type": "SWIM",
                    "activation": "tanh",
                    "use_batchnorm": false,
                    "l2_reg": 0.00011327658154403338,
                    "hidden_dim": 512,
                    "SWIM_scale": 1.434890865706031
                },
                {
                    "n_layers": 0,
                    "in_dim": 15,
                    "out_dim": 1,
                    "upscale_type": "SWIM",
                    "activation": "tanh",
                    "use_batchnorm": false,
                    "l2_reg": 0.00017604038011736922,
                    "hidden_dim": 509,
                    "SWIM_scale": 1.5191665846568092
                },
                {
                    "n_layers": 0,
                    "in_dim": 15,
                    "out_dim": 1,
                    "upscale_type": "SWIM",
                    "activation": "tanh",
                    "use_batchnorm": false,
                    "l2_reg": 0.00011622333288156831,
                    "hidden_dim": 512,
                    "SWIM_scale": 1.4866152504078214
                }
            ]
        }
    }
}