{
    "44958": {
        "GreedyRFRBoostScalar_batchnormFalse": {
            "score_train": [
                0.21123023331165314,
                0.20680594444274902,
                0.221657395362854,
                0.20416948199272156,
                0.2108919322490692
            ],
            "score_test": [
                0.27152198553085327,
                0.2830258011817932,
                0.235105961561203,
                0.2396513670682907,
                0.22057309746742249
            ],
            "t_fit": [
                0.5534138679504395,
                1.3431310802698135,
                1.2178324311971664,
                0.9437447786331177,
                1.837001621723175
            ],
            "t_inference": [
                0.19978664815425873,
                0.452611580491066,
                0.4802498519420624,
                0.34398379921913147,
                0.6888133883476257
            ],
            "hyperparams": [
                {
                    "in_dim": 16,
                    "out_dim": 1,
                    "feature_type": "SWIM",
                    "upscale_type": "SWIM",
                    "randfeat_xt_dim": 512,
                    "randfeat_x0_dim": 512,
                    "sandwich_solver": "scalar",
                    "activation": "tanh",
                    "use_batchnorm": false,
                    "n_layers": 4,
                    "l2_reg": 0.00010311926441527648,
                    "l2_ghat": 4.058695695411851e-06,
                    "boost_lr": 0.924899503187135,
                    "hidden_dim": 450,
                    "SWIM_scale": 1.7374515961444077
                },
                {
                    "in_dim": 16,
                    "out_dim": 1,
                    "feature_type": "SWIM",
                    "upscale_type": "SWIM",
                    "randfeat_xt_dim": 512,
                    "randfeat_x0_dim": 512,
                    "sandwich_solver": "scalar",
                    "activation": "tanh",
                    "use_batchnorm": false,
                    "n_layers": 8,
                    "l2_reg": 0.00010648608905881722,
                    "l2_ghat": 8.320662542868881e-07,
                    "boost_lr": 0.7585031551005403,
                    "hidden_dim": 508,
                    "SWIM_scale": 1.668823055877393
                },
                {
                    "in_dim": 16,
                    "out_dim": 1,
                    "feature_type": "SWIM",
                    "upscale_type": "SWIM",
                    "randfeat_xt_dim": 512,
                    "randfeat_x0_dim": 512,
                    "sandwich_solver": "scalar",
                    "activation": "tanh",
                    "use_batchnorm": false,
                    "n_layers": 8,
                    "l2_reg": 0.00011327293016659867,
                    "l2_ghat": 1.3726021995058598e-07,
                    "boost_lr": 0.8478770610920479,
                    "hidden_dim": 511,
                    "SWIM_scale": 1.6238763484794696
                },
                {
                    "in_dim": 16,
                    "out_dim": 1,
                    "feature_type": "SWIM",
                    "upscale_type": "SWIM",
                    "randfeat_xt_dim": 512,
                    "randfeat_x0_dim": 512,
                    "sandwich_solver": "scalar",
                    "activation": "tanh",
                    "use_batchnorm": false,
                    "n_layers": 5,
                    "l2_reg": 0.00011912873694065863,
                    "l2_ghat": 2.484998959302899e-06,
                    "boost_lr": 0.8137941167801118,
                    "hidden_dim": 510,
                    "SWIM_scale": 1.3766328435111088
                },
                {
                    "in_dim": 16,
                    "out_dim": 1,
                    "feature_type": "SWIM",
                    "upscale_type": "SWIM",
                    "randfeat_xt_dim": 512,
                    "randfeat_x0_dim": 512,
                    "sandwich_solver": "scalar",
                    "activation": "tanh",
                    "use_batchnorm": false,
                    "n_layers": 10,
                    "l2_reg": 0.00010097463550943002,
                    "l2_ghat": 1.091641051123276e-07,
                    "boost_lr": 0.9902112871870317,
                    "hidden_dim": 506,
                    "SWIM_scale": 1.6179825660801062
                }
            ]
        }
    }
}