{
    "44979": {
        "GradientRFRBoost_ID": {
            "score_train": [
                0.10104702413082123,
                0.11709584295749664,
                0.11974029988050461,
                0.11255253851413727,
                0.11833681166172028
            ],
            "score_test": [
                0.17409707605838776,
                0.14629215002059937,
                0.14141295850276947,
                0.13531342148780823,
                0.13235637545585632
            ],
            "t_fit": [
                1.6201619394123554,
                1.6724964380264282,
                2.3629263155162334,
                1.1889132894575596,
                2.2456893287599087
            ],
            "t_inference": [
                0.2833651416003704,
                0.29753970354795456,
                0.43197184056043625,
                0.21192512288689613,
                0.3978556618094444
            ],
            "hyperparams": [
                {
                    "in_dim": 26,
                    "out_dim": 1,
                    "feature_type": "SWIM",
                    "upscale_type": "identity",
                    "randfeat_xt_dim": 512,
                    "randfeat_x0_dim": 512,
                    "activation": "tanh",
                    "use_batchnorm": true,
                    "n_layers": 6,
                    "l2_reg": 0.09324334623210163,
                    "l2_ghat": 0.0008841816726921673,
                    "boost_lr": 0.7674305802976756,
                    "hidden_dim": 26,
                    "SWIM_scale": 1.6169044575546356
                },
                {
                    "in_dim": 26,
                    "out_dim": 1,
                    "feature_type": "SWIM",
                    "upscale_type": "identity",
                    "randfeat_xt_dim": 512,
                    "randfeat_x0_dim": 512,
                    "activation": "tanh",
                    "use_batchnorm": true,
                    "n_layers": 7,
                    "l2_reg": 0.14224780596957706,
                    "l2_ghat": 0.010265082815986924,
                    "boost_lr": 0.8399441178129832,
                    "hidden_dim": 26,
                    "SWIM_scale": 1.9771030880838396
                },
                {
                    "in_dim": 26,
                    "out_dim": 1,
                    "feature_type": "SWIM",
                    "upscale_type": "identity",
                    "randfeat_xt_dim": 512,
                    "randfeat_x0_dim": 512,
                    "activation": "tanh",
                    "use_batchnorm": true,
                    "n_layers": 10,
                    "l2_reg": 0.09645392664079998,
                    "l2_ghat": 0.012940183114770977,
                    "boost_lr": 0.8673146898777655,
                    "hidden_dim": 26,
                    "SWIM_scale": 1.6186663989347054
                },
                {
                    "in_dim": 26,
                    "out_dim": 1,
                    "feature_type": "SWIM",
                    "upscale_type": "identity",
                    "randfeat_xt_dim": 512,
                    "randfeat_x0_dim": 512,
                    "activation": "tanh",
                    "use_batchnorm": true,
                    "n_layers": 5,
                    "l2_reg": 0.07353941580057531,
                    "l2_ghat": 0.0012786572886444698,
                    "boost_lr": 0.9557336161386096,
                    "hidden_dim": 26,
                    "SWIM_scale": 1.2589897163576511
                },
                {
                    "in_dim": 26,
                    "out_dim": 1,
                    "feature_type": "SWIM",
                    "upscale_type": "identity",
                    "randfeat_xt_dim": 512,
                    "randfeat_x0_dim": 512,
                    "activation": "tanh",
                    "use_batchnorm": true,
                    "n_layers": 10,
                    "l2_reg": 0.13056140295899443,
                    "l2_ghat": 0.015446332759273509,
                    "boost_lr": 0.9395645523034132,
                    "hidden_dim": 26,
                    "SWIM_scale": 1.7186483668780563
                }
            ]
        }
    }
}