{
    "44990": {
        "GreedyRFRBoostScalar": {
            "score_train": [
                0.37987375259399414,
                0.38418325781822205,
                0.37329527735710144,
                0.37376970052719116,
                0.3794710040092468
            ],
            "score_test": [
                0.3979836106300354,
                0.3912716507911682,
                0.4035867750644684,
                0.4095290005207062,
                0.4038688540458679
            ],
            "t_fit": [
                1.76701994612813,
                1.0087060257792473,
                1.8308045007288456,
                2.4081801548600197,
                1.150362093001604
            ],
            "t_inference": [
                0.7929160930216312,
                0.4526641480624676,
                0.8217134736478329,
                1.0932575352489948,
                0.5159722156822681
            ],
            "hyperparams": [
                {
                    "in_dim": 49,
                    "out_dim": 1,
                    "feature_type": "SWIM",
                    "upscale_type": "SWIM",
                    "randfeat_xt_dim": 512,
                    "randfeat_x0_dim": 512,
                    "sandwich_solver": "scalar",
                    "activation": "tanh",
                    "use_batchnorm": true,
                    "n_layers": 9,
                    "l2_reg": 0.0042500922321808835,
                    "l2_ghat": 1.0596297457768695,
                    "boost_lr": 0.947207813951824,
                    "hidden_dim": 417,
                    "SWIM_scale": 0.9455177524631568
                },
                {
                    "in_dim": 49,
                    "out_dim": 1,
                    "feature_type": "SWIM",
                    "upscale_type": "SWIM",
                    "randfeat_xt_dim": 512,
                    "randfeat_x0_dim": 512,
                    "sandwich_solver": "scalar",
                    "activation": "tanh",
                    "use_batchnorm": true,
                    "n_layers": 5,
                    "l2_reg": 0.009153919156451492,
                    "l2_ghat": 2.770044289237698e-06,
                    "boost_lr": 0.4956415716867733,
                    "hidden_dim": 423,
                    "SWIM_scale": 1.2582431397826352
                },
                {
                    "in_dim": 49,
                    "out_dim": 1,
                    "feature_type": "SWIM",
                    "upscale_type": "SWIM",
                    "randfeat_xt_dim": 512,
                    "randfeat_x0_dim": 512,
                    "sandwich_solver": "scalar",
                    "activation": "tanh",
                    "use_batchnorm": true,
                    "n_layers": 7,
                    "l2_reg": 0.009664438684700986,
                    "l2_ghat": 9.747239596788566,
                    "boost_lr": 0.7152049969709563,
                    "hidden_dim": 511,
                    "SWIM_scale": 1.8479067496035597
                },
                {
                    "in_dim": 49,
                    "out_dim": 1,
                    "feature_type": "SWIM",
                    "upscale_type": "SWIM",
                    "randfeat_xt_dim": 512,
                    "randfeat_x0_dim": 512,
                    "sandwich_solver": "scalar",
                    "activation": "tanh",
                    "use_batchnorm": true,
                    "n_layers": 9,
                    "l2_reg": 0.00830267002094128,
                    "l2_ghat": 0.0005466148716254808,
                    "boost_lr": 0.8693894438620078,
                    "hidden_dim": 505,
                    "SWIM_scale": 1.5780910087727475
                },
                {
                    "in_dim": 49,
                    "out_dim": 1,
                    "feature_type": "SWIM",
                    "upscale_type": "SWIM",
                    "randfeat_xt_dim": 512,
                    "randfeat_x0_dim": 512,
                    "sandwich_solver": "scalar",
                    "activation": "tanh",
                    "use_batchnorm": true,
                    "n_layers": 7,
                    "l2_reg": 0.005792852065927281,
                    "l2_ghat": 0.33072265404393775,
                    "boost_lr": 0.47381276007272577,
                    "hidden_dim": 367,
                    "SWIM_scale": 1.0847687305359157
                }
            ]
        }
    }
}