{
    "44967": {
        "RFNN": {
            "score_train": [
                0.7401422262191772,
                0.7338243126869202,
                0.7511204481124878,
                0.7849665284156799,
                0.7293804287910461
            ],
            "score_test": [
                0.7572747468948364,
                0.8803349137306213,
                0.7733810544013977,
                0.7035807967185974,
                0.8574610948562622
            ],
            "t_fit": [
                0.0033909939229488373,
                0.005322318524122238,
                0.003741387277841568,
                0.006266497075557709,
                0.00779467448592186
            ],
            "t_inference": [
                0.00046463310718536377,
                0.0011395476758480072,
                0.00046798214316368103,
                0.0011959820985794067,
                0.00182308629155159
            ],
            "hyperparams": [
                {
                    "n_layers": 0,
                    "in_dim": 56,
                    "out_dim": 1,
                    "upscale_type": "SWIM",
                    "activation": "tanh",
                    "use_batchnorm": false,
                    "l2_reg": 0.003194063498872439,
                    "hidden_dim": 80,
                    "SWIM_scale": 1.1564818401503822
                },
                {
                    "n_layers": 0,
                    "in_dim": 56,
                    "out_dim": 1,
                    "upscale_type": "SWIM",
                    "activation": "tanh",
                    "use_batchnorm": false,
                    "l2_reg": 0.17808209683284074,
                    "hidden_dim": 202,
                    "SWIM_scale": 1.8446819939897172
                },
                {
                    "n_layers": 0,
                    "in_dim": 56,
                    "out_dim": 1,
                    "upscale_type": "SWIM",
                    "activation": "tanh",
                    "use_batchnorm": false,
                    "l2_reg": 0.002747607677503212,
                    "hidden_dim": 64,
                    "SWIM_scale": 0.45055919749820594
                },
                {
                    "n_layers": 0,
                    "in_dim": 56,
                    "out_dim": 1,
                    "upscale_type": "SWIM",
                    "activation": "tanh",
                    "use_batchnorm": false,
                    "l2_reg": 0.049328833922012524,
                    "hidden_dim": 170,
                    "SWIM_scale": 0.5073830216367431
                },
                {
                    "n_layers": 0,
                    "in_dim": 56,
                    "out_dim": 1,
                    "upscale_type": "SWIM",
                    "activation": "tanh",
                    "use_batchnorm": false,
                    "l2_reg": 0.019069966103000432,
                    "hidden_dim": 242,
                    "SWIM_scale": 0.5994291187771296
                }
            ]
        }
    }
}