{
    "44983": {
        "End2End": {
            "score_train": [
                0.16412030160427094,
                0.1803656965494156,
                0.16509953141212463,
                0.17265021800994873,
                0.1689838469028473
            ],
            "score_test": [
                0.2142397165298462,
                0.21541249752044678,
                0.203095480799675,
                0.20558437705039978,
                0.2020028829574585
            ],
            "t_fit": [
                14.064822556450963,
                10.63613616488874,
                12.090334959328175,
                9.257723834365606,
                12.49145638011396
            ],
            "t_inference": [
                0.06804548390209675,
                0.044071657583117485,
                0.07273991219699383,
                0.04490291513502598,
                0.042826587334275246
            ],
            "hyperparams": [
                {
                    "in_dim": 15,
                    "out_dim": 1,
                    "loss": "mse",
                    "n_blocks": 4,
                    "hidden_dim": 96,
                    "bottleneck_dim": 128,
                    "lr": 0.0049564566234920025,
                    "end_lr_factor": 0.013083538750887466,
                    "n_epochs": 20,
                    "weight_decay": 0.00016515047156437224,
                    "batch_size": 64
                },
                {
                    "in_dim": 15,
                    "out_dim": 1,
                    "loss": "mse",
                    "n_blocks": 4,
                    "hidden_dim": 96,
                    "bottleneck_dim": 64,
                    "lr": 0.007680136194696966,
                    "end_lr_factor": 0.03566818966445598,
                    "n_epochs": 17,
                    "weight_decay": 0.00012964888282931435,
                    "batch_size": 64
                },
                {
                    "in_dim": 15,
                    "out_dim": 1,
                    "loss": "mse",
                    "n_blocks": 3,
                    "hidden_dim": 128,
                    "bottleneck_dim": 128,
                    "lr": 0.0051026021638656376,
                    "end_lr_factor": 0.012730432461743173,
                    "n_epochs": 20,
                    "weight_decay": 5.592992537564166e-05,
                    "batch_size": 64
                },
                {
                    "in_dim": 15,
                    "out_dim": 1,
                    "loss": "mse",
                    "n_blocks": 2,
                    "hidden_dim": 128,
                    "bottleneck_dim": 128,
                    "lr": 0.008151583300949205,
                    "end_lr_factor": 0.013644604173649754,
                    "n_epochs": 20,
                    "weight_decay": 6.810512164026198e-05,
                    "batch_size": 64
                },
                {
                    "in_dim": 15,
                    "out_dim": 1,
                    "loss": "mse",
                    "n_blocks": 4,
                    "hidden_dim": 64,
                    "bottleneck_dim": 96,
                    "lr": 0.005206311417809969,
                    "end_lr_factor": 0.010275465586986953,
                    "n_epochs": 20,
                    "weight_decay": 8.27163614641476e-06,
                    "batch_size": 64
                }
            ]
        }
    }
}