{
    "1462": {
        "XGBoost": {
            "score_train": [
                -1.0,
                -1.0,
                -1.0,
                -1.0,
                -1.0
            ],
            "score_test": [
                -0.996363639831543,
                -1.0,
                -0.9963503479957581,
                -0.9963503479957581,
                -0.9927007555961609
            ],
            "t_fit": [
                0.07142497899621958,
                0.04901612400135491,
                0.12023879699700046,
                0.1677685449976707,
                0.06706753799517173
            ],
            "t_inference": [
                0.002409009000984952,
                0.002744094999798108,
                0.00787384899740573,
                0.006493987995781936,
                0.003907447004166897
            ],
            "hyperparams": [
                {
                    "objective": "multi:softmax",
                    "num_class": 2,
                    "lambda": 0.07450351970780383,
                    "learning_rate": 0.28961481614509105,
                    "n_estimators": 223,
                    "max_depth": 9,
                    "subsample": 0.6963461304444939,
                    "colsample_bytree": 0.8475119079656562
                },
                {
                    "objective": "multi:softmax",
                    "num_class": 2,
                    "lambda": 0.07964227087643784,
                    "learning_rate": 0.18139793238565285,
                    "n_estimators": 109,
                    "max_depth": 3,
                    "subsample": 0.635547226459491,
                    "colsample_bytree": 0.7438642358082278
                },
                {
                    "objective": "multi:softmax",
                    "num_class": 2,
                    "lambda": 0.006859352253548194,
                    "learning_rate": 0.26478580957655345,
                    "n_estimators": 206,
                    "max_depth": 8,
                    "subsample": 0.9076744722036434,
                    "colsample_bytree": 0.9845876735976349
                },
                {
                    "objective": "multi:softmax",
                    "num_class": 2,
                    "lambda": 0.0018585029099885723,
                    "learning_rate": 0.056943122750291744,
                    "n_estimators": 282,
                    "max_depth": 10,
                    "subsample": 0.6291192294480096,
                    "colsample_bytree": 0.7420609119742628
                },
                {
                    "objective": "multi:softmax",
                    "num_class": 2,
                    "lambda": 0.0015986477248185374,
                    "learning_rate": 0.100717765863178,
                    "n_estimators": 127,
                    "max_depth": 4,
                    "subsample": 0.6481046630154165,
                    "colsample_bytree": 0.6886226072678203
                }
            ]
        }
    },
    "1464": {
        "XGBoost": {
            "score_train": [
                -0.8595317602157593,
                -0.8612040281295776,
                -0.8311036825180054,
                -0.7996661067008972,
                -0.8330550789833069
            ],
            "score_test": [
                -0.7933333516120911,
                -0.746666669845581,
                -0.7400000095367432,
                -0.8657718300819397,
                -0.7852349281311035
            ],
            "t_fit": [
                0.0834026470038225,
                0.06811734499933664,
                0.09908581399940886,
                0.030653497997263912,
                0.059836978995008394
            ],
            "t_inference": [
                0.002558852000220213,
                0.002826301999448333,
                0.003864229998725932,
                0.0016877620000741445,
                0.001864734003902413
            ],
            "hyperparams": [
                {
                    "objective": "multi:softmax",
                    "num_class": 2,
                    "lambda": 0.050836644248845694,
                    "learning_rate": 0.042014169858407495,
                    "n_estimators": 247,
                    "max_depth": 4,
                    "subsample": 0.7145554930249872,
                    "colsample_bytree": 0.6019721047495981
                },
                {
                    "objective": "multi:softmax",
                    "num_class": 2,
                    "lambda": 1.8026694900853268,
                    "learning_rate": 0.0227235902740705,
                    "n_estimators": 169,
                    "max_depth": 5,
                    "subsample": 0.8388104504315135,
                    "colsample_bytree": 0.9911861405003741
                },
                {
                    "objective": "multi:softmax",
                    "num_class": 2,
                    "lambda": 6.5540070953583385,
                    "learning_rate": 0.013200896364035417,
                    "n_estimators": 243,
                    "max_depth": 6,
                    "subsample": 0.5270988134849637,
                    "colsample_bytree": 0.7780998482285928
                },
                {
                    "objective": "multi:softmax",
                    "num_class": 2,
                    "lambda": 0.35122997885994345,
                    "learning_rate": 0.02401343239317623,
                    "n_estimators": 81,
                    "max_depth": 4,
                    "subsample": 0.5376369742650986,
                    "colsample_bytree": 0.6624703485499486
                },
                {
                    "objective": "multi:softmax",
                    "num_class": 2,
                    "lambda": 2.0669645091126907,
                    "learning_rate": 0.0437491300457665,
                    "n_estimators": 207,
                    "max_depth": 3,
                    "subsample": 0.8793479698439622,
                    "colsample_bytree": 0.879073486332992
                }
            ]
        }
    }
}