{
    "1063": {
        "RFRBoost_upscaleiid_linesearchFalse_batchnormFalse": {
            "score_train": [
                -0.8465228080749512,
                -0.8920863270759583,
                -0.9043062329292297,
                -0.8492823243141174,
                -0.8588516712188721
            ],
            "score_test": [
                -0.8761904835700989,
                -0.8095238208770752,
                -0.8269230723381042,
                -0.8461538553237915,
                -0.807692289352417
            ],
            "t_fit": [
                0.6150585636496544,
                0.3759699873626232,
                0.8558277934789658,
                0.18708348646759987,
                1.4856407418847084
            ],
            "t_inference": [
                0.07646825909614563,
                0.020758502185344696,
                0.06609662994742393,
                0.009183075278997421,
                0.1893058679997921
            ],
            "hyperparams": [
                {
                    "in_dim": 21,
                    "n_classes": 2,
                    "feature_type": "SWIM",
                    "upscale_type": "iid",
                    "randfeat_xt_dim": 512,
                    "randfeat_x0_dim": 512,
                    "activation": "tanh",
                    "use_batchnorm": false,
                    "do_linesearch": false,
                    "n_layers": 4,
                    "hidden_dim": 423,
                    "l2_cls": 0.15624945636103268,
                    "l2_ghat": 0.030485351166060683,
                    "boost_lr": 0.14415368532673994,
                    "SWIM_scale": 1.7164215392827893
                },
                {
                    "in_dim": 21,
                    "n_classes": 2,
                    "feature_type": "SWIM",
                    "upscale_type": "iid",
                    "randfeat_xt_dim": 512,
                    "randfeat_x0_dim": 512,
                    "activation": "tanh",
                    "use_batchnorm": false,
                    "do_linesearch": false,
                    "n_layers": 1,
                    "hidden_dim": 373,
                    "l2_cls": 0.0003570095960030948,
                    "l2_ghat": 0.0944351568796267,
                    "boost_lr": 0.2049798052095018,
                    "SWIM_scale": 1.160119037061169
                },
                {
                    "in_dim": 21,
                    "n_classes": 2,
                    "feature_type": "SWIM",
                    "upscale_type": "iid",
                    "randfeat_xt_dim": 512,
                    "randfeat_x0_dim": 512,
                    "activation": "tanh",
                    "use_batchnorm": false,
                    "do_linesearch": false,
                    "n_layers": 9,
                    "hidden_dim": 94,
                    "l2_cls": 0.06208251174525178,
                    "l2_ghat": 0.012284192051635412,
                    "boost_lr": 0.5061720146602581,
                    "SWIM_scale": 0.45642634366757673
                },
                {
                    "in_dim": 21,
                    "n_classes": 2,
                    "feature_type": "SWIM",
                    "upscale_type": "iid",
                    "randfeat_xt_dim": 512,
                    "randfeat_x0_dim": 512,
                    "activation": "tanh",
                    "use_batchnorm": false,
                    "do_linesearch": false,
                    "n_layers": 1,
                    "hidden_dim": 81,
                    "l2_cls": 0.0012413326074541392,
                    "l2_ghat": 6.973253132564322,
                    "boost_lr": 0.16699581357407417,
                    "SWIM_scale": 1.724566548317295
                },
                {
                    "in_dim": 21,
                    "n_classes": 2,
                    "feature_type": "SWIM",
                    "upscale_type": "iid",
                    "randfeat_xt_dim": 512,
                    "randfeat_x0_dim": 512,
                    "activation": "tanh",
                    "use_batchnorm": false,
                    "do_linesearch": false,
                    "n_layers": 9,
                    "hidden_dim": 415,
                    "l2_cls": 1.2299725785815743,
                    "l2_ghat": 1.4275615936734904,
                    "boost_lr": 0.4560446236642496,
                    "SWIM_scale": 0.3425954533049096
                }
            ]
        }
    }
}