{
    "1497": {
        "RFRBoost_linesearchFalse": {
            "score_train": [
                -0.9929999709129333,
                -0.987500011920929,
                -0.984499990940094,
                -0.9869999885559082,
                -0.9707499742507935
            ],
            "score_test": [
                -0.9169999957084656,
                -0.9319999814033508,
                -0.9300000071525574,
                -0.9150000214576721,
                -0.9129999876022339
            ],
            "t_fit": [
                11.451952327042818,
                20.775615371763706,
                6.110157147049904,
                13.580696865916252,
                17.29977548122406
            ],
            "t_inference": [
                0.9193703904747963,
                1.4427261501550674,
                0.7056409493088722,
                1.1416046135127544,
                1.06247553601861
            ],
            "hyperparams": [
                {
                    "in_dim": 24,
                    "n_classes": 4,
                    "feature_type": "SWIM",
                    "upscale_type": "SWIM",
                    "randfeat_xt_dim": 512,
                    "randfeat_x0_dim": 512,
                    "activation": "tanh",
                    "use_batchnorm": true,
                    "do_linesearch": false,
                    "n_layers": 7,
                    "hidden_dim": 265,
                    "l2_cls": 0.00016879247215173255,
                    "l2_ghat": 0.0002014817852705925,
                    "boost_lr": 0.19206300524691725,
                    "SWIM_scale": 1.4062129415125264
                },
                {
                    "in_dim": 24,
                    "n_classes": 4,
                    "feature_type": "SWIM",
                    "upscale_type": "SWIM",
                    "randfeat_xt_dim": 512,
                    "randfeat_x0_dim": 512,
                    "activation": "tanh",
                    "use_batchnorm": true,
                    "do_linesearch": false,
                    "n_layers": 8,
                    "hidden_dim": 510,
                    "l2_cls": 0.00012088463894125726,
                    "l2_ghat": 0.0004337266839241995,
                    "boost_lr": 0.13430206174549802,
                    "SWIM_scale": 1.141683343256996
                },
                {
                    "in_dim": 24,
                    "n_classes": 4,
                    "feature_type": "SWIM",
                    "upscale_type": "SWIM",
                    "randfeat_xt_dim": 512,
                    "randfeat_x0_dim": 512,
                    "activation": "tanh",
                    "use_batchnorm": true,
                    "do_linesearch": false,
                    "n_layers": 6,
                    "hidden_dim": 231,
                    "l2_cls": 0.0008616093688050901,
                    "l2_ghat": 0.0004370618165769141,
                    "boost_lr": 0.28535043955851175,
                    "SWIM_scale": 1.4271075576060173
                },
                {
                    "in_dim": 24,
                    "n_classes": 4,
                    "feature_type": "SWIM",
                    "upscale_type": "SWIM",
                    "randfeat_xt_dim": 512,
                    "randfeat_x0_dim": 512,
                    "activation": "tanh",
                    "use_batchnorm": true,
                    "do_linesearch": false,
                    "n_layers": 8,
                    "hidden_dim": 400,
                    "l2_cls": 0.00031954401018620984,
                    "l2_ghat": 6.079522389977022e-05,
                    "boost_lr": 0.19598916246348283,
                    "SWIM_scale": 0.8304007076344926
                },
                {
                    "in_dim": 24,
                    "n_classes": 4,
                    "feature_type": "SWIM",
                    "upscale_type": "SWIM",
                    "randfeat_xt_dim": 512,
                    "randfeat_x0_dim": 512,
                    "activation": "tanh",
                    "use_batchnorm": true,
                    "do_linesearch": false,
                    "n_layers": 9,
                    "hidden_dim": 284,
                    "l2_cls": 0.00013659975470172098,
                    "l2_ghat": 0.0036534333437888357,
                    "boost_lr": 0.20492715544882373,
                    "SWIM_scale": 1.0399387988960467
                }
            ]
        }
    }
}