{
    "6": {
        "RFRBoost_upscaleiid_linesearchFalse_batchnormFalse": {
            "score_train": [
                -0.999750018119812,
                -1.0,
                -1.0,
                -1.0,
                -1.0
            ],
            "score_test": [
                -0.9190000295639038,
                -0.9150000214576721,
                -0.9259999990463257,
                -0.9160000085830688,
                -0.9340000152587891
            ],
            "t_fit": [
                6.1513330936431885,
                4.662872809916735,
                37.78364143893123,
                5.251855555921793,
                3.8697998970746994
            ],
            "t_inference": [
                0.3762139193713665,
                0.358636025339365,
                1.638825286179781,
                0.36967627704143524,
                0.38164740055799484
            ],
            "hyperparams": [
                {
                    "in_dim": 16,
                    "n_classes": 26,
                    "feature_type": "SWIM",
                    "upscale_type": "iid",
                    "randfeat_xt_dim": 512,
                    "randfeat_x0_dim": 512,
                    "activation": "tanh",
                    "use_batchnorm": false,
                    "do_linesearch": false,
                    "n_layers": 5,
                    "hidden_dim": 118,
                    "l2_cls": 6.866789675196726e-05,
                    "l2_ghat": 8.557688080179967e-05,
                    "boost_lr": 0.865295325302877,
                    "SWIM_scale": 0.6586898882040206
                },
                {
                    "in_dim": 16,
                    "n_classes": 26,
                    "feature_type": "SWIM",
                    "upscale_type": "iid",
                    "randfeat_xt_dim": 512,
                    "randfeat_x0_dim": 512,
                    "activation": "tanh",
                    "use_batchnorm": false,
                    "do_linesearch": false,
                    "n_layers": 6,
                    "hidden_dim": 67,
                    "l2_cls": 5.085455591595888e-05,
                    "l2_ghat": 0.0002015217002735986,
                    "boost_lr": 0.6546046906758182,
                    "SWIM_scale": 1.2661406864070608
                },
                {
                    "in_dim": 16,
                    "n_classes": 26,
                    "feature_type": "SWIM",
                    "upscale_type": "iid",
                    "randfeat_xt_dim": 512,
                    "randfeat_x0_dim": 512,
                    "activation": "tanh",
                    "use_batchnorm": false,
                    "do_linesearch": false,
                    "n_layers": 10,
                    "hidden_dim": 430,
                    "l2_cls": 2.6568801071045974e-05,
                    "l2_ghat": 3.677961035297961e-05,
                    "boost_lr": 0.1746793960390902,
                    "SWIM_scale": 1.5371407977315659
                },
                {
                    "in_dim": 16,
                    "n_classes": 26,
                    "feature_type": "SWIM",
                    "upscale_type": "iid",
                    "randfeat_xt_dim": 512,
                    "randfeat_x0_dim": 512,
                    "activation": "tanh",
                    "use_batchnorm": false,
                    "do_linesearch": false,
                    "n_layers": 9,
                    "hidden_dim": 48,
                    "l2_cls": 1.6651684553035416e-05,
                    "l2_ghat": 0.0005196130021917004,
                    "boost_lr": 0.2213354361135658,
                    "SWIM_scale": 1.7774800066717091
                },
                {
                    "in_dim": 16,
                    "n_classes": 26,
                    "feature_type": "SWIM",
                    "upscale_type": "iid",
                    "randfeat_xt_dim": 512,
                    "randfeat_x0_dim": 512,
                    "activation": "tanh",
                    "use_batchnorm": false,
                    "do_linesearch": false,
                    "n_layers": 7,
                    "hidden_dim": 85,
                    "l2_cls": 0.00024086224265669058,
                    "l2_ghat": 1.745782906226764e-05,
                    "boost_lr": 0.684729291486589,
                    "SWIM_scale": 0.7352686525021468
                }
            ]
        }
    }
}