{
    "1590": {
        "RFRBoost_batchnormFalse": {
            "score_train": [
                -0.8629999756813049,
                -0.8692499995231628,
                -0.8692499995231628,
                -0.8640000224113464,
                -0.8675000071525574
            ],
            "score_test": [
                -0.8619999885559082,
                -0.8550000190734863,
                -0.8519999980926514,
                -0.8659999966621399,
                -0.8519999980926514
            ],
            "t_fit": [
                2.503124486654997,
                1.6177998930215836,
                8.823511362075806,
                2.7087109945714474,
                7.652011044323444
            ],
            "t_inference": [
                0.5056633614003658,
                0.28578511252999306,
                1.154875285923481,
                0.459393210709095,
                1.107651948928833
            ],
            "hyperparams": [
                {
                    "in_dim": 105,
                    "n_classes": 2,
                    "feature_type": "SWIM",
                    "upscale_type": "SWIM",
                    "randfeat_xt_dim": 512,
                    "randfeat_x0_dim": 512,
                    "activation": "tanh",
                    "use_batchnorm": false,
                    "do_linesearch": true,
                    "n_layers": 5,
                    "hidden_dim": 163,
                    "l2_cls": 0.0026306375545312867,
                    "l2_ghat": 0.001496972667407151,
                    "boost_lr": 0.3433440164468572,
                    "SWIM_scale": 0.3320315307563179
                },
                {
                    "in_dim": 105,
                    "n_classes": 2,
                    "feature_type": "SWIM",
                    "upscale_type": "SWIM",
                    "randfeat_xt_dim": 512,
                    "randfeat_x0_dim": 512,
                    "activation": "tanh",
                    "use_batchnorm": false,
                    "do_linesearch": true,
                    "n_layers": 4,
                    "hidden_dim": 93,
                    "l2_cls": 6.805766195524516e-05,
                    "l2_ghat": 0.0004947446277037426,
                    "boost_lr": 0.28556209636052365,
                    "SWIM_scale": 0.4896935338462346
                },
                {
                    "in_dim": 105,
                    "n_classes": 2,
                    "feature_type": "SWIM",
                    "upscale_type": "SWIM",
                    "randfeat_xt_dim": 512,
                    "randfeat_x0_dim": 512,
                    "activation": "tanh",
                    "use_batchnorm": false,
                    "do_linesearch": true,
                    "n_layers": 7,
                    "hidden_dim": 202,
                    "l2_cls": 3.795530719341556e-05,
                    "l2_ghat": 0.00591329520792273,
                    "boost_lr": 0.22850161272551117,
                    "SWIM_scale": 0.6865091677824339
                },
                {
                    "in_dim": 105,
                    "n_classes": 2,
                    "feature_type": "SWIM",
                    "upscale_type": "SWIM",
                    "randfeat_xt_dim": 512,
                    "randfeat_x0_dim": 512,
                    "activation": "tanh",
                    "use_batchnorm": false,
                    "do_linesearch": true,
                    "n_layers": 4,
                    "hidden_dim": 164,
                    "l2_cls": 0.0001820116364393811,
                    "l2_ghat": 0.0011400135744401383,
                    "boost_lr": 0.31803418390764837,
                    "SWIM_scale": 0.39586726709630876
                },
                {
                    "in_dim": 105,
                    "n_classes": 2,
                    "feature_type": "SWIM",
                    "upscale_type": "SWIM",
                    "randfeat_xt_dim": 512,
                    "randfeat_x0_dim": 512,
                    "activation": "tanh",
                    "use_batchnorm": false,
                    "do_linesearch": true,
                    "n_layers": 8,
                    "hidden_dim": 209,
                    "l2_cls": 0.0001074920393772814,
                    "l2_ghat": 0.11010205577669896,
                    "boost_lr": 0.20135870992227464,
                    "SWIM_scale": 1.0336507258207488
                }
            ]
        }
    }
}