{
    "23517": {
        "RFRBoost_linesearchFalse": {
            "score_train": [
                -0.5444999933242798,
                -0.5740000009536743,
                -0.6022499799728394,
                -0.5787500143051147,
                -0.5554999709129333
            ],
            "score_test": [
                -0.5099999904632568,
                -0.5170000195503235,
                -0.49900001287460327,
                -0.5059999823570251,
                -0.5220000147819519
            ],
            "t_fit": [
                1.0816829837858677,
                1.7446355782449245,
                16.462127093225718,
                1.4162793457508087,
                5.53452118858695
            ],
            "t_inference": [
                0.14415312185883522,
                0.3155873566865921,
                1.238607820123434,
                0.33475808426737785,
                1.4392732754349709
            ],
            "hyperparams": [
                {
                    "in_dim": 21,
                    "n_classes": 2,
                    "feature_type": "SWIM",
                    "upscale_type": "SWIM",
                    "randfeat_xt_dim": 512,
                    "randfeat_x0_dim": 512,
                    "activation": "tanh",
                    "use_batchnorm": true,
                    "do_linesearch": false,
                    "n_layers": 3,
                    "hidden_dim": 28,
                    "l2_cls": 2.4564592152507503e-05,
                    "l2_ghat": 4.9352962094020985,
                    "boost_lr": 0.9239150319627247,
                    "SWIM_scale": 1.664695359203807
                },
                {
                    "in_dim": 21,
                    "n_classes": 2,
                    "feature_type": "SWIM",
                    "upscale_type": "SWIM",
                    "randfeat_xt_dim": 512,
                    "randfeat_x0_dim": 512,
                    "activation": "tanh",
                    "use_batchnorm": true,
                    "do_linesearch": false,
                    "n_layers": 2,
                    "hidden_dim": 242,
                    "l2_cls": 0.00015777663630582464,
                    "l2_ghat": 0.012173252504194038,
                    "boost_lr": 0.3912141628549695,
                    "SWIM_scale": 0.331288222259996
                },
                {
                    "in_dim": 21,
                    "n_classes": 2,
                    "feature_type": "SWIM",
                    "upscale_type": "SWIM",
                    "randfeat_xt_dim": 512,
                    "randfeat_x0_dim": 512,
                    "activation": "tanh",
                    "use_batchnorm": true,
                    "do_linesearch": false,
                    "n_layers": 4,
                    "hidden_dim": 203,
                    "l2_cls": 4.007744668425485e-05,
                    "l2_ghat": 0.10663148427600602,
                    "boost_lr": 0.10400848676780304,
                    "SWIM_scale": 0.8956400594886986
                },
                {
                    "in_dim": 21,
                    "n_classes": 2,
                    "feature_type": "SWIM",
                    "upscale_type": "SWIM",
                    "randfeat_xt_dim": 512,
                    "randfeat_x0_dim": 512,
                    "activation": "tanh",
                    "use_batchnorm": true,
                    "do_linesearch": false,
                    "n_layers": 2,
                    "hidden_dim": 263,
                    "l2_cls": 0.16311245845415853,
                    "l2_ghat": 0.0004107972504965643,
                    "boost_lr": 0.1901493965036042,
                    "SWIM_scale": 1.7773838256112018
                },
                {
                    "in_dim": 21,
                    "n_classes": 2,
                    "feature_type": "SWIM",
                    "upscale_type": "SWIM",
                    "randfeat_xt_dim": 512,
                    "randfeat_x0_dim": 512,
                    "activation": "tanh",
                    "use_batchnorm": true,
                    "do_linesearch": false,
                    "n_layers": 9,
                    "hidden_dim": 239,
                    "l2_cls": 1.1120475895033508,
                    "l2_ghat": 0.0037341380122291263,
                    "boost_lr": 0.14562285761177973,
                    "SWIM_scale": 1.8120819101227263
                }
            ]
        }
    }
}