{
    "23517": {
        "RFRBoost_ID_batchnormFalse": {
            "score_train": [
                -0.5509999990463257,
                -0.5417500138282776,
                -0.6737499833106995,
                -0.5527499914169312,
                -0.5347499847412109
            ],
            "score_test": [
                -0.5230000019073486,
                -0.5059999823570251,
                -0.46399998664855957,
                -0.5239999890327454,
                -0.5289999842643738
            ],
            "t_fit": [
                0.39480774104595184,
                1.0719520933926105,
                1.82806858420372,
                0.8369812034070492,
                2.4437297135591507
            ],
            "t_inference": [
                0.05167384073138237,
                0.13605526089668274,
                0.24102307856082916,
                0.11549809575080872,
                0.2717333547770977
            ],
            "hyperparams": [
                {
                    "in_dim": 21,
                    "n_classes": 2,
                    "feature_type": "SWIM",
                    "upscale_type": "identity",
                    "randfeat_xt_dim": 512,
                    "randfeat_x0_dim": 512,
                    "activation": "tanh",
                    "use_batchnorm": false,
                    "do_linesearch": true,
                    "n_layers": 1,
                    "hidden_dim": 21,
                    "l2_cls": 1.3387396495463493e-05,
                    "l2_ghat": 0.8436180317729919,
                    "boost_lr": 0.8771160330284632,
                    "SWIM_scale": 1.5529689936493174
                },
                {
                    "in_dim": 21,
                    "n_classes": 2,
                    "feature_type": "SWIM",
                    "upscale_type": "identity",
                    "randfeat_xt_dim": 512,
                    "randfeat_x0_dim": 512,
                    "activation": "tanh",
                    "use_batchnorm": false,
                    "do_linesearch": true,
                    "n_layers": 2,
                    "hidden_dim": 21,
                    "l2_cls": 1.0681951724820074e-05,
                    "l2_ghat": 2.7485638478998373,
                    "boost_lr": 0.18815559592189907,
                    "SWIM_scale": 0.7822128768547751
                },
                {
                    "in_dim": 21,
                    "n_classes": 2,
                    "feature_type": "SWIM",
                    "upscale_type": "identity",
                    "randfeat_xt_dim": 512,
                    "randfeat_x0_dim": 512,
                    "activation": "tanh",
                    "use_batchnorm": false,
                    "do_linesearch": true,
                    "n_layers": 4,
                    "hidden_dim": 21,
                    "l2_cls": 2.2747133177710963,
                    "l2_ghat": 0.00418198375445854,
                    "boost_lr": 0.48944807634994514,
                    "SWIM_scale": 1.161999833495685
                },
                {
                    "in_dim": 21,
                    "n_classes": 2,
                    "feature_type": "SWIM",
                    "upscale_type": "identity",
                    "randfeat_xt_dim": 512,
                    "randfeat_x0_dim": 512,
                    "activation": "tanh",
                    "use_batchnorm": false,
                    "do_linesearch": true,
                    "n_layers": 2,
                    "hidden_dim": 21,
                    "l2_cls": 0.008754388609482118,
                    "l2_ghat": 0.37279845904455616,
                    "boost_lr": 0.19993659401705735,
                    "SWIM_scale": 1.2664480566380178
                },
                {
                    "in_dim": 21,
                    "n_classes": 2,
                    "feature_type": "SWIM",
                    "upscale_type": "identity",
                    "randfeat_xt_dim": 512,
                    "randfeat_x0_dim": 512,
                    "activation": "tanh",
                    "use_batchnorm": false,
                    "do_linesearch": true,
                    "n_layers": 4,
                    "hidden_dim": 21,
                    "l2_cls": 1.767917905956034e-05,
                    "l2_ghat": 2.964643714815059,
                    "boost_lr": 0.10087143213616519,
                    "SWIM_scale": 1.2720420209730934
                }
            ]
        }
    }
}