{
    "54": {
        "RFRBoost_upscaleiid_linesearchFalse_batchnormFalse": {
            "score_train": [
                -0.9704142212867737,
                -0.9143279194831848,
                -0.9542097449302673,
                -0.970457911491394,
                -0.9483013153076172
            ],
            "score_test": [
                -0.8470588326454163,
                -0.7928994297981262,
                -0.88165682554245,
                -0.8224852085113525,
                -0.857988178730011
            ],
            "t_fit": [
                7.23903351649642,
                6.428248219192028,
                2.9329885207116604,
                12.034441333264112,
                2.6125165410339832
            ],
            "t_inference": [
                0.2049718201160431,
                0.10273975133895874,
                0.10075824707746506,
                0.18608133122324944,
                0.13234443962574005
            ],
            "hyperparams": [
                {
                    "in_dim": 18,
                    "n_classes": 4,
                    "feature_type": "SWIM",
                    "upscale_type": "iid",
                    "randfeat_xt_dim": 512,
                    "randfeat_x0_dim": 512,
                    "activation": "tanh",
                    "use_batchnorm": false,
                    "do_linesearch": false,
                    "n_layers": 9,
                    "hidden_dim": 290,
                    "l2_cls": 0.00030408550259049824,
                    "l2_ghat": 0.0019839638468411307,
                    "boost_lr": 0.7348948855376477,
                    "SWIM_scale": 0.3392357209760967
                },
                {
                    "in_dim": 18,
                    "n_classes": 4,
                    "feature_type": "SWIM",
                    "upscale_type": "iid",
                    "randfeat_xt_dim": 512,
                    "randfeat_x0_dim": 512,
                    "activation": "tanh",
                    "use_batchnorm": false,
                    "do_linesearch": false,
                    "n_layers": 10,
                    "hidden_dim": 80,
                    "l2_cls": 1.3291195123243313e-05,
                    "l2_ghat": 6.256879352398592,
                    "boost_lr": 0.4560114577137607,
                    "SWIM_scale": 0.33569963465988095
                },
                {
                    "in_dim": 18,
                    "n_classes": 4,
                    "feature_type": "SWIM",
                    "upscale_type": "iid",
                    "randfeat_xt_dim": 512,
                    "randfeat_x0_dim": 512,
                    "activation": "tanh",
                    "use_batchnorm": false,
                    "do_linesearch": false,
                    "n_layers": 10,
                    "hidden_dim": 78,
                    "l2_cls": 0.00014936406039048648,
                    "l2_ghat": 0.004011614844189421,
                    "boost_lr": 0.18164322299039132,
                    "SWIM_scale": 0.49676459148777447
                },
                {
                    "in_dim": 18,
                    "n_classes": 4,
                    "feature_type": "SWIM",
                    "upscale_type": "iid",
                    "randfeat_xt_dim": 512,
                    "randfeat_x0_dim": 512,
                    "activation": "tanh",
                    "use_batchnorm": false,
                    "do_linesearch": false,
                    "n_layers": 6,
                    "hidden_dim": 300,
                    "l2_cls": 1.3442654477063998e-05,
                    "l2_ghat": 6.351854566349634,
                    "boost_lr": 0.1601488622654994,
                    "SWIM_scale": 1.5388661847087637
                },
                {
                    "in_dim": 18,
                    "n_classes": 4,
                    "feature_type": "SWIM",
                    "upscale_type": "iid",
                    "randfeat_xt_dim": 512,
                    "randfeat_x0_dim": 512,
                    "activation": "tanh",
                    "use_batchnorm": false,
                    "do_linesearch": false,
                    "n_layers": 9,
                    "hidden_dim": 135,
                    "l2_cls": 0.00043705583293371326,
                    "l2_ghat": 0.0007619516585501233,
                    "boost_lr": 0.44192895666309,
                    "SWIM_scale": 0.2797046488734195
                }
            ]
        }
    }
}