{
    "54": {
        "RFRBoost": {
            "score_train": [
                -0.9482248425483704,
                -0.9305760860443115,
                -0.9246676564216614,
                -0.9335302710533142,
                -0.9261447787284851
            ],
            "score_test": [
                -0.8529411554336548,
                -0.834319531917572,
                -0.8284023404121399,
                -0.8047337532043457,
                -0.8461538553237915
            ],
            "t_fit": [
                4.252712428569794,
                1.9062017016112804,
                1.408989816904068,
                1.00259280949831,
                1.2135967575013638
            ],
            "t_inference": [
                0.14122259616851807,
                0.09535511583089828,
                0.08896352350711823,
                0.058420829474925995,
                0.07837002351880074
            ],
            "hyperparams": [
                {
                    "in_dim": 18,
                    "n_classes": 4,
                    "feature_type": "SWIM",
                    "upscale_type": "SWIM",
                    "randfeat_xt_dim": 512,
                    "randfeat_x0_dim": 512,
                    "activation": "tanh",
                    "use_batchnorm": true,
                    "do_linesearch": true,
                    "n_layers": 7,
                    "hidden_dim": 273,
                    "l2_cls": 0.0012381528257166844,
                    "l2_ghat": 0.00046989465672837453,
                    "boost_lr": 0.5881167593867705,
                    "SWIM_scale": 0.2525715446566886
                },
                {
                    "in_dim": 18,
                    "n_classes": 4,
                    "feature_type": "SWIM",
                    "upscale_type": "SWIM",
                    "randfeat_xt_dim": 512,
                    "randfeat_x0_dim": 512,
                    "activation": "tanh",
                    "use_batchnorm": true,
                    "do_linesearch": true,
                    "n_layers": 4,
                    "hidden_dim": 246,
                    "l2_cls": 0.010333975162629582,
                    "l2_ghat": 0.0003417566069816049,
                    "boost_lr": 0.4064042869034391,
                    "SWIM_scale": 0.28166116224348514
                },
                {
                    "in_dim": 18,
                    "n_classes": 4,
                    "feature_type": "SWIM",
                    "upscale_type": "SWIM",
                    "randfeat_xt_dim": 512,
                    "randfeat_x0_dim": 512,
                    "activation": "tanh",
                    "use_batchnorm": true,
                    "do_linesearch": true,
                    "n_layers": 8,
                    "hidden_dim": 99,
                    "l2_cls": 0.02164113190144913,
                    "l2_ghat": 0.0014534239510841068,
                    "boost_lr": 0.5074843307211304,
                    "SWIM_scale": 0.2637987181048639
                },
                {
                    "in_dim": 18,
                    "n_classes": 4,
                    "feature_type": "SWIM",
                    "upscale_type": "SWIM",
                    "randfeat_xt_dim": 512,
                    "randfeat_x0_dim": 512,
                    "activation": "tanh",
                    "use_batchnorm": true,
                    "do_linesearch": true,
                    "n_layers": 5,
                    "hidden_dim": 52,
                    "l2_cls": 0.058839723206981276,
                    "l2_ghat": 4.4393649425701726e-05,
                    "boost_lr": 0.15432616420881484,
                    "SWIM_scale": 0.277141189201266
                },
                {
                    "in_dim": 18,
                    "n_classes": 4,
                    "feature_type": "SWIM",
                    "upscale_type": "SWIM",
                    "randfeat_xt_dim": 512,
                    "randfeat_x0_dim": 512,
                    "activation": "tanh",
                    "use_batchnorm": true,
                    "do_linesearch": true,
                    "n_layers": 4,
                    "hidden_dim": 246,
                    "l2_cls": 0.010333975162629582,
                    "l2_ghat": 0.0003417566069816049,
                    "boost_lr": 0.4064042869034391,
                    "SWIM_scale": 0.28166116224348514
                }
            ]
        }
    }
}