{
    "1487": {
        "RFRBoost": {
            "score_train": [
                -0.9536260366439819,
                -0.9585594534873962,
                -0.9575727581977844,
                -0.9541193842887878,
                -0.9501972198486328
            ],
            "score_test": [
                -0.9289940595626831,
                -0.942800760269165,
                -0.9329388737678528,
                -0.9605522751808167,
                -0.9545454382896423
            ],
            "t_fit": [
                0.6582980044186115,
                1.9233865812420845,
                3.824348885565996,
                7.34484675899148,
                3.4049350060522556
            ],
            "t_inference": [
                0.07042123004794121,
                0.3434186838567257,
                0.5192791633307934,
                0.9310880713164806,
                0.39997805282473564
            ],
            "hyperparams": [
                {
                    "in_dim": 72,
                    "n_classes": 2,
                    "feature_type": "SWIM",
                    "upscale_type": "SWIM",
                    "randfeat_xt_dim": 512,
                    "randfeat_x0_dim": 512,
                    "activation": "tanh",
                    "use_batchnorm": true,
                    "do_linesearch": true,
                    "n_layers": 2,
                    "hidden_dim": 19,
                    "l2_cls": 0.01820967013441642,
                    "l2_ghat": 0.005131528958953601,
                    "boost_lr": 0.14847519138993517,
                    "SWIM_scale": 1.6194451521882784
                },
                {
                    "in_dim": 72,
                    "n_classes": 2,
                    "feature_type": "SWIM",
                    "upscale_type": "SWIM",
                    "randfeat_xt_dim": 512,
                    "randfeat_x0_dim": 512,
                    "activation": "tanh",
                    "use_batchnorm": true,
                    "do_linesearch": true,
                    "n_layers": 3,
                    "hidden_dim": 411,
                    "l2_cls": 2.3054985010069164,
                    "l2_ghat": 5.8169257986963943e-05,
                    "boost_lr": 0.1353647384449794,
                    "SWIM_scale": 0.5886673962197508
                },
                {
                    "in_dim": 72,
                    "n_classes": 2,
                    "feature_type": "SWIM",
                    "upscale_type": "SWIM",
                    "randfeat_xt_dim": 512,
                    "randfeat_x0_dim": 512,
                    "activation": "tanh",
                    "use_batchnorm": true,
                    "do_linesearch": true,
                    "n_layers": 10,
                    "hidden_dim": 83,
                    "l2_cls": 0.009640839137413168,
                    "l2_ghat": 2.605810875437888,
                    "boost_lr": 0.2463930572407748,
                    "SWIM_scale": 1.5804949050200594
                },
                {
                    "in_dim": 72,
                    "n_classes": 2,
                    "feature_type": "SWIM",
                    "upscale_type": "SWIM",
                    "randfeat_xt_dim": 512,
                    "randfeat_x0_dim": 512,
                    "activation": "tanh",
                    "use_batchnorm": true,
                    "do_linesearch": true,
                    "n_layers": 10,
                    "hidden_dim": 223,
                    "l2_cls": 0.0010839340443375345,
                    "l2_ghat": 9.281500981597711,
                    "boost_lr": 0.20807048854479598,
                    "SWIM_scale": 1.2425041490261568
                },
                {
                    "in_dim": 72,
                    "n_classes": 2,
                    "feature_type": "SWIM",
                    "upscale_type": "SWIM",
                    "randfeat_xt_dim": 512,
                    "randfeat_x0_dim": 512,
                    "activation": "tanh",
                    "use_batchnorm": true,
                    "do_linesearch": true,
                    "n_layers": 7,
                    "hidden_dim": 90,
                    "l2_cls": 0.8574743125324513,
                    "l2_ghat": 0.5692836127052853,
                    "boost_lr": 0.5723169962066925,
                    "SWIM_scale": 1.5095684509246639
                }
            ]
        }
    }
}