{
    "14": {
        "RFRBoost_ID": {
            "score_train": [
                -0.9556249976158142,
                -0.9912499785423279,
                -0.953125,
                -0.9331250190734863,
                -0.9181249737739563
            ],
            "score_test": [
                -0.8125,
                -0.8374999761581421,
                -0.8324999809265137,
                -0.8349999785423279,
                -0.824999988079071
            ],
            "t_fit": [
                1.1660313308238983,
                1.6911438144743443,
                1.008179198950529,
                1.0005085617303848,
                0.9460911303758621
            ],
            "t_inference": [
                0.07766314223408699,
                0.3674192987382412,
                0.10173496976494789,
                0.08418875932693481,
                0.08558601513504982
            ],
            "hyperparams": [
                {
                    "in_dim": 76,
                    "n_classes": 10,
                    "feature_type": "SWIM",
                    "upscale_type": "identity",
                    "randfeat_xt_dim": 512,
                    "randfeat_x0_dim": 512,
                    "activation": "tanh",
                    "use_batchnorm": true,
                    "do_linesearch": true,
                    "n_layers": 1,
                    "hidden_dim": 76,
                    "l2_cls": 0.005963313795430317,
                    "l2_ghat": 3.071914598030587e-05,
                    "boost_lr": 0.108670082828579,
                    "SWIM_scale": 1.0880589511648762
                },
                {
                    "in_dim": 76,
                    "n_classes": 10,
                    "feature_type": "SWIM",
                    "upscale_type": "identity",
                    "randfeat_xt_dim": 512,
                    "randfeat_x0_dim": 512,
                    "activation": "tanh",
                    "use_batchnorm": true,
                    "do_linesearch": true,
                    "n_layers": 6,
                    "hidden_dim": 76,
                    "l2_cls": 0.12783316742366585,
                    "l2_ghat": 2.871424563367275e-05,
                    "boost_lr": 0.10597258229999165,
                    "SWIM_scale": 0.623956259981447
                },
                {
                    "in_dim": 76,
                    "n_classes": 10,
                    "feature_type": "SWIM",
                    "upscale_type": "identity",
                    "randfeat_xt_dim": 512,
                    "randfeat_x0_dim": 512,
                    "activation": "tanh",
                    "use_batchnorm": true,
                    "do_linesearch": true,
                    "n_layers": 3,
                    "hidden_dim": 76,
                    "l2_cls": 0.05778547526209722,
                    "l2_ghat": 0.013075897334263805,
                    "boost_lr": 0.2398625786585518,
                    "SWIM_scale": 1.558340086696833
                },
                {
                    "in_dim": 76,
                    "n_classes": 10,
                    "feature_type": "SWIM",
                    "upscale_type": "identity",
                    "randfeat_xt_dim": 512,
                    "randfeat_x0_dim": 512,
                    "activation": "tanh",
                    "use_batchnorm": true,
                    "do_linesearch": true,
                    "n_layers": 2,
                    "hidden_dim": 76,
                    "l2_cls": 0.03081699765378235,
                    "l2_ghat": 0.0003914877736327184,
                    "boost_lr": 0.10089615487858754,
                    "SWIM_scale": 0.9240308107568889
                },
                {
                    "in_dim": 76,
                    "n_classes": 10,
                    "feature_type": "SWIM",
                    "upscale_type": "identity",
                    "randfeat_xt_dim": 512,
                    "randfeat_x0_dim": 512,
                    "activation": "tanh",
                    "use_batchnorm": true,
                    "do_linesearch": true,
                    "n_layers": 2,
                    "hidden_dim": 76,
                    "l2_cls": 0.032509437792668225,
                    "l2_ghat": 0.0005642002860511704,
                    "boost_lr": 0.10182596359145239,
                    "SWIM_scale": 0.9282898571119313
                }
            ]
        }
    }
}