{
    "15": {
        "RFRBoost_upscaleiid": {
            "score_train": [
                -0.9785330891609192,
                -0.9749552607536316,
                -0.969588577747345,
                -0.9749552607536316,
                -0.9892857074737549
            ],
            "score_test": [
                -0.9642857313156128,
                -0.9642857313156128,
                -0.9642857313156128,
                -0.9571428298950195,
                -0.9928057789802551
            ],
            "t_fit": [
                0.29868951067328453,
                0.35771242901682854,
                0.9008766561746597,
                0.5544991008937359,
                1.6434804312884808
            ],
            "t_inference": [
                0.023031622171401978,
                0.04731399193406105,
                0.06588639691472054,
                0.07853926345705986,
                0.20922695100307465
            ],
            "hyperparams": [
                {
                    "in_dim": 9,
                    "n_classes": 2,
                    "feature_type": "SWIM",
                    "upscale_type": "iid",
                    "randfeat_xt_dim": 512,
                    "randfeat_x0_dim": 512,
                    "activation": "tanh",
                    "use_batchnorm": true,
                    "do_linesearch": true,
                    "n_layers": 2,
                    "hidden_dim": 133,
                    "l2_cls": 0.08999285469395275,
                    "l2_ghat": 0.018252333362001653,
                    "boost_lr": 0.11941757050185396,
                    "SWIM_scale": 1.7255630988334802
                },
                {
                    "in_dim": 9,
                    "n_classes": 2,
                    "feature_type": "SWIM",
                    "upscale_type": "iid",
                    "randfeat_xt_dim": 512,
                    "randfeat_x0_dim": 512,
                    "activation": "tanh",
                    "use_batchnorm": true,
                    "do_linesearch": true,
                    "n_layers": 2,
                    "hidden_dim": 431,
                    "l2_cls": 0.24658329458549094,
                    "l2_ghat": 0.039079671568228794,
                    "boost_lr": 0.1432249371823025,
                    "SWIM_scale": 0.5229904105883546
                },
                {
                    "in_dim": 9,
                    "n_classes": 2,
                    "feature_type": "SWIM",
                    "upscale_type": "iid",
                    "randfeat_xt_dim": 512,
                    "randfeat_x0_dim": 512,
                    "activation": "tanh",
                    "use_batchnorm": true,
                    "do_linesearch": true,
                    "n_layers": 2,
                    "hidden_dim": 431,
                    "l2_cls": 0.24658329458549094,
                    "l2_ghat": 0.039079671568228794,
                    "boost_lr": 0.1432249371823025,
                    "SWIM_scale": 0.5229904105883546
                },
                {
                    "in_dim": 9,
                    "n_classes": 2,
                    "feature_type": "SWIM",
                    "upscale_type": "iid",
                    "randfeat_xt_dim": 512,
                    "randfeat_x0_dim": 512,
                    "activation": "tanh",
                    "use_batchnorm": true,
                    "do_linesearch": true,
                    "n_layers": 3,
                    "hidden_dim": 490,
                    "l2_cls": 0.535116831995383,
                    "l2_ghat": 4.250004892402633,
                    "boost_lr": 0.7423829706616449,
                    "SWIM_scale": 1.3443542829200776
                },
                {
                    "in_dim": 9,
                    "n_classes": 2,
                    "feature_type": "SWIM",
                    "upscale_type": "iid",
                    "randfeat_xt_dim": 512,
                    "randfeat_x0_dim": 512,
                    "activation": "tanh",
                    "use_batchnorm": true,
                    "do_linesearch": true,
                    "n_layers": 9,
                    "hidden_dim": 164,
                    "l2_cls": 0.0016306946123071145,
                    "l2_ghat": 0.0036302034240941207,
                    "boost_lr": 0.43660479644886047,
                    "SWIM_scale": 0.3177690999320699
                }
            ]
        }
    }
}