{
    "23517": {
        "RFRBoost": {
            "score_train": [
                -0.5924999713897705,
                -0.5732499957084656,
                -0.5515000224113464,
                -0.5442500114440918,
                -0.5477499961853027
            ],
            "score_test": [
                -0.5120000243186951,
                -0.5139999985694885,
                -0.4970000088214874,
                -0.5,
                -0.5120000243186951
            ],
            "t_fit": [
                0.3656473383307457,
                2.1311585679650307,
                9.31310248374939,
                3.83227501437068,
                4.603068269789219
            ],
            "t_inference": [
                0.04946936294436455,
                0.2584160901606083,
                2.206986989825964,
                0.4430466443300247,
                0.5196077711880207
            ],
            "hyperparams": [
                {
                    "in_dim": 21,
                    "n_classes": 2,
                    "feature_type": "SWIM",
                    "upscale_type": "SWIM",
                    "randfeat_xt_dim": 512,
                    "randfeat_x0_dim": 512,
                    "activation": "tanh",
                    "use_batchnorm": true,
                    "do_linesearch": true,
                    "n_layers": 1,
                    "hidden_dim": 22,
                    "l2_cls": 0.12746711578215045,
                    "l2_ghat": 0.004374364439939076,
                    "boost_lr": 0.1324458134009935,
                    "SWIM_scale": 1.1165595926947227
                },
                {
                    "in_dim": 21,
                    "n_classes": 2,
                    "feature_type": "SWIM",
                    "upscale_type": "SWIM",
                    "randfeat_xt_dim": 512,
                    "randfeat_x0_dim": 512,
                    "activation": "tanh",
                    "use_batchnorm": true,
                    "do_linesearch": true,
                    "n_layers": 4,
                    "hidden_dim": 56,
                    "l2_cls": 0.0006547200218028686,
                    "l2_ghat": 0.09106589200732222,
                    "boost_lr": 0.1979708182648472,
                    "SWIM_scale": 0.5684666213339585
                },
                {
                    "in_dim": 21,
                    "n_classes": 2,
                    "feature_type": "SWIM",
                    "upscale_type": "SWIM",
                    "randfeat_xt_dim": 512,
                    "randfeat_x0_dim": 512,
                    "activation": "tanh",
                    "use_batchnorm": true,
                    "do_linesearch": true,
                    "n_layers": 9,
                    "hidden_dim": 465,
                    "l2_cls": 0.006392054068725711,
                    "l2_ghat": 0.04029649093774129,
                    "boost_lr": 0.1628906722180858,
                    "SWIM_scale": 0.2993656879443052
                },
                {
                    "in_dim": 21,
                    "n_classes": 2,
                    "feature_type": "SWIM",
                    "upscale_type": "SWIM",
                    "randfeat_xt_dim": 512,
                    "randfeat_x0_dim": 512,
                    "activation": "tanh",
                    "use_batchnorm": true,
                    "do_linesearch": true,
                    "n_layers": 6,
                    "hidden_dim": 74,
                    "l2_cls": 0.0006257832704148098,
                    "l2_ghat": 6.597470975967965,
                    "boost_lr": 0.6642453089414257,
                    "SWIM_scale": 0.2557605022463438
                },
                {
                    "in_dim": 21,
                    "n_classes": 2,
                    "feature_type": "SWIM",
                    "upscale_type": "SWIM",
                    "randfeat_xt_dim": 512,
                    "randfeat_x0_dim": 512,
                    "activation": "tanh",
                    "use_batchnorm": true,
                    "do_linesearch": true,
                    "n_layers": 10,
                    "hidden_dim": 21,
                    "l2_cls": 1.6305640952607535e-05,
                    "l2_ghat": 5.119531359646068,
                    "boost_lr": 0.7036472038851825,
                    "SWIM_scale": 0.5632138202598208
                }
            ]
        }
    }
}