{
    "40966": {
        "RFRBoost_linesearchFalse": {
            "score_train": [
                -1.0,
                -1.0,
                -1.0,
                -1.0,
                -1.0
            ],
            "score_test": [
                -1.0,
                -1.0,
                -0.9953703880310059,
                -1.0,
                -1.0
            ],
            "t_fit": [
                6.108938999474049,
                3.0822642147541046,
                4.052467957139015,
                4.9324895441532135,
                2.674112319946289
            ],
            "t_inference": [
                0.23230528086423874,
                0.16863951086997986,
                0.15983328223228455,
                0.2519235759973526,
                0.16059991717338562
            ],
            "hyperparams": [
                {
                    "in_dim": 77,
                    "n_classes": 8,
                    "feature_type": "SWIM",
                    "upscale_type": "SWIM",
                    "randfeat_xt_dim": 512,
                    "randfeat_x0_dim": 512,
                    "activation": "tanh",
                    "use_batchnorm": true,
                    "do_linesearch": false,
                    "n_layers": 8,
                    "hidden_dim": 277,
                    "l2_cls": 3.3323313974226195e-05,
                    "l2_ghat": 9.577988619841532e-05,
                    "boost_lr": 0.1774377339598968,
                    "SWIM_scale": 0.6865908312097235
                },
                {
                    "in_dim": 77,
                    "n_classes": 8,
                    "feature_type": "SWIM",
                    "upscale_type": "SWIM",
                    "randfeat_xt_dim": 512,
                    "randfeat_x0_dim": 512,
                    "activation": "tanh",
                    "use_batchnorm": true,
                    "do_linesearch": false,
                    "n_layers": 10,
                    "hidden_dim": 144,
                    "l2_cls": 0.0019517584362884065,
                    "l2_ghat": 1.8093357470218392e-05,
                    "boost_lr": 0.14544028727837396,
                    "SWIM_scale": 0.3007252809760989
                },
                {
                    "in_dim": 77,
                    "n_classes": 8,
                    "feature_type": "SWIM",
                    "upscale_type": "SWIM",
                    "randfeat_xt_dim": 512,
                    "randfeat_x0_dim": 512,
                    "activation": "tanh",
                    "use_batchnorm": true,
                    "do_linesearch": false,
                    "n_layers": 7,
                    "hidden_dim": 129,
                    "l2_cls": 1.2872699602525017e-05,
                    "l2_ghat": 0.0008123019592628794,
                    "boost_lr": 0.18004636052437012,
                    "SWIM_scale": 1.349155689457798
                },
                {
                    "in_dim": 77,
                    "n_classes": 8,
                    "feature_type": "SWIM",
                    "upscale_type": "SWIM",
                    "randfeat_xt_dim": 512,
                    "randfeat_x0_dim": 512,
                    "activation": "tanh",
                    "use_batchnorm": true,
                    "do_linesearch": false,
                    "n_layers": 9,
                    "hidden_dim": 173,
                    "l2_cls": 1.109900164845442e-05,
                    "l2_ghat": 1.2816553469185886e-05,
                    "boost_lr": 0.10339811846330647,
                    "SWIM_scale": 0.756556860128896
                },
                {
                    "in_dim": 77,
                    "n_classes": 8,
                    "feature_type": "SWIM",
                    "upscale_type": "SWIM",
                    "randfeat_xt_dim": 512,
                    "randfeat_x0_dim": 512,
                    "activation": "tanh",
                    "use_batchnorm": true,
                    "do_linesearch": false,
                    "n_layers": 5,
                    "hidden_dim": 335,
                    "l2_cls": 0.0002546263856529879,
                    "l2_ghat": 8.870016251862394e-05,
                    "boost_lr": 0.36305931498609073,
                    "SWIM_scale": 0.8816643464491806
                }
            ]
        }
    }
}