{
    "6": {
        "RFRBoost_upscaleiid_batchnormFalse": {
            "score_train": [
                -0.999750018119812,
                -1.0,
                -1.0,
                -1.0,
                -0.999750018119812
            ],
            "score_test": [
                -0.9259999990463257,
                -0.9049999713897705,
                -0.9279999732971191,
                -0.9269999861717224,
                -0.9309999942779541
            ],
            "t_fit": [
                24.63630797341466,
                9.14098535105586,
                13.436940807849169,
                13.212529197335243,
                6.490587089210749
            ],
            "t_inference": [
                1.182729173451662,
                0.4278402663767338,
                0.682282093912363,
                0.7673411332070827,
                0.5047143548727036
            ],
            "hyperparams": [
                {
                    "in_dim": 16,
                    "n_classes": 26,
                    "feature_type": "SWIM",
                    "upscale_type": "iid",
                    "randfeat_xt_dim": 512,
                    "randfeat_x0_dim": 512,
                    "activation": "tanh",
                    "use_batchnorm": false,
                    "do_linesearch": true,
                    "n_layers": 9,
                    "hidden_dim": 318,
                    "l2_cls": 0.0001094754483259466,
                    "l2_ghat": 8.069350877801582e-05,
                    "boost_lr": 0.20280333516952262,
                    "SWIM_scale": 0.6697188784186514
                },
                {
                    "in_dim": 16,
                    "n_classes": 26,
                    "feature_type": "SWIM",
                    "upscale_type": "iid",
                    "randfeat_xt_dim": 512,
                    "randfeat_x0_dim": 512,
                    "activation": "tanh",
                    "use_batchnorm": false,
                    "do_linesearch": true,
                    "n_layers": 8,
                    "hidden_dim": 53,
                    "l2_cls": 2.004520634299683e-05,
                    "l2_ghat": 0.0005112288739287979,
                    "boost_lr": 0.22501102726973768,
                    "SWIM_scale": 1.632910925743361
                },
                {
                    "in_dim": 16,
                    "n_classes": 26,
                    "feature_type": "SWIM",
                    "upscale_type": "iid",
                    "randfeat_xt_dim": 512,
                    "randfeat_x0_dim": 512,
                    "activation": "tanh",
                    "use_batchnorm": false,
                    "do_linesearch": true,
                    "n_layers": 9,
                    "hidden_dim": 128,
                    "l2_cls": 4.1534033188721566e-05,
                    "l2_ghat": 5.705974218480931e-05,
                    "boost_lr": 0.339957664433356,
                    "SWIM_scale": 0.6977626752104563
                },
                {
                    "in_dim": 16,
                    "n_classes": 26,
                    "feature_type": "SWIM",
                    "upscale_type": "iid",
                    "randfeat_xt_dim": 512,
                    "randfeat_x0_dim": 512,
                    "activation": "tanh",
                    "use_batchnorm": false,
                    "do_linesearch": true,
                    "n_layers": 9,
                    "hidden_dim": 167,
                    "l2_cls": 7.384357081864114e-05,
                    "l2_ghat": 7.818044696787451e-05,
                    "boost_lr": 0.4127207287021376,
                    "SWIM_scale": 0.7286192932574519
                },
                {
                    "in_dim": 16,
                    "n_classes": 26,
                    "feature_type": "SWIM",
                    "upscale_type": "iid",
                    "randfeat_xt_dim": 512,
                    "randfeat_x0_dim": 512,
                    "activation": "tanh",
                    "use_batchnorm": false,
                    "do_linesearch": true,
                    "n_layers": 9,
                    "hidden_dim": 88,
                    "l2_cls": 0.00031804947973809267,
                    "l2_ghat": 0.00019882950733250264,
                    "boost_lr": 0.13699064570215083,
                    "SWIM_scale": 0.9155856639092396
                }
            ]
        }
    }
}