{
    "41027": {
        "RFRBoost_linesearchFalse_batchnormFalse": {
            "score_train": [
                -0.9397500157356262,
                -0.8797500133514404,
                -0.8970000147819519,
                -0.9202499985694885,
                -0.8924999833106995
            ],
            "score_test": [
                -0.8270000219345093,
                -0.8119999766349792,
                -0.8040000200271606,
                -0.8209999799728394,
                -0.8169999718666077
            ],
            "t_fit": [
                20.040945202112198,
                9.395516220480204,
                11.74855112284422,
                25.0898659452796,
                13.540314812213182
            ],
            "t_inference": [
                1.659300871193409,
                1.010026689618826,
                0.9472676999866962,
                1.417119823396206,
                0.8187171891331673
            ],
            "hyperparams": [
                {
                    "in_dim": 6,
                    "n_classes": 3,
                    "feature_type": "SWIM",
                    "upscale_type": "SWIM",
                    "randfeat_xt_dim": 512,
                    "randfeat_x0_dim": 512,
                    "activation": "tanh",
                    "use_batchnorm": false,
                    "do_linesearch": false,
                    "n_layers": 10,
                    "hidden_dim": 468,
                    "l2_cls": 0.00017688183609030692,
                    "l2_ghat": 1.1297942380027011e-05,
                    "boost_lr": 0.10602681542348993,
                    "SWIM_scale": 0.9436242591210287
                },
                {
                    "in_dim": 6,
                    "n_classes": 3,
                    "feature_type": "SWIM",
                    "upscale_type": "SWIM",
                    "randfeat_xt_dim": 512,
                    "randfeat_x0_dim": 512,
                    "activation": "tanh",
                    "use_batchnorm": false,
                    "do_linesearch": false,
                    "n_layers": 6,
                    "hidden_dim": 421,
                    "l2_cls": 0.00028225252148262887,
                    "l2_ghat": 1.5544515092545608e-05,
                    "boost_lr": 0.17507467236779442,
                    "SWIM_scale": 0.5764491207721466
                },
                {
                    "in_dim": 6,
                    "n_classes": 3,
                    "feature_type": "SWIM",
                    "upscale_type": "SWIM",
                    "randfeat_xt_dim": 512,
                    "randfeat_x0_dim": 512,
                    "activation": "tanh",
                    "use_batchnorm": false,
                    "do_linesearch": false,
                    "n_layers": 6,
                    "hidden_dim": 367,
                    "l2_cls": 0.0003543482030868815,
                    "l2_ghat": 0.0001574932536701501,
                    "boost_lr": 0.15639698781299344,
                    "SWIM_scale": 0.9954120661809817
                },
                {
                    "in_dim": 6,
                    "n_classes": 3,
                    "feature_type": "SWIM",
                    "upscale_type": "SWIM",
                    "randfeat_xt_dim": 512,
                    "randfeat_x0_dim": 512,
                    "activation": "tanh",
                    "use_batchnorm": false,
                    "do_linesearch": false,
                    "n_layers": 7,
                    "hidden_dim": 477,
                    "l2_cls": 1.3466169835865213e-05,
                    "l2_ghat": 6.61827791247994e-05,
                    "boost_lr": 0.10000674658501701,
                    "SWIM_scale": 0.8103185313365986
                },
                {
                    "in_dim": 6,
                    "n_classes": 3,
                    "feature_type": "SWIM",
                    "upscale_type": "SWIM",
                    "randfeat_xt_dim": 512,
                    "randfeat_x0_dim": 512,
                    "activation": "tanh",
                    "use_batchnorm": false,
                    "do_linesearch": false,
                    "n_layers": 8,
                    "hidden_dim": 248,
                    "l2_cls": 0.0001043886733839721,
                    "l2_ghat": 0.003556233137224043,
                    "boost_lr": 0.17697183543174036,
                    "SWIM_scale": 1.280201710129837
                }
            ]
        }
    }
}