{
    "1462": {
        "RFNN_iid": {
            "score_train": [
                -1.0,
                -1.0,
                -1.0,
                -1.0,
                -1.0
            ],
            "score_test": [
                -1.0,
                -1.0,
                -1.0,
                -1.0,
                -1.0
            ],
            "t_fit": [
                0.07791829109191895,
                0.06288644298911095,
                0.05338633060455322,
                0.14445021748542786,
                0.09276736527681351
            ],
            "t_inference": [
                0.0008938424289226532,
                0.001361403614282608,
                0.0009455084800720215,
                0.0023018009960651398,
                0.0015566535294055939
            ],
            "hyperparams": [
                {
                    "n_layers": 0,
                    "in_dim": 4,
                    "n_classes": 2,
                    "upscale_type": "iid",
                    "activation": "tanh",
                    "use_batchnorm": false,
                    "hidden_dim": 76,
                    "iid_scale": 3.7183641805732095,
                    "l2_cls": 0.00015777663630582464
                },
                {
                    "n_layers": 0,
                    "in_dim": 4,
                    "n_classes": 2,
                    "upscale_type": "iid",
                    "activation": "tanh",
                    "use_batchnorm": false,
                    "hidden_dim": 109,
                    "iid_scale": 9.841733129307482,
                    "l2_cls": 1.0327560813049772e-05
                },
                {
                    "n_layers": 0,
                    "in_dim": 4,
                    "n_classes": 2,
                    "upscale_type": "iid",
                    "activation": "tanh",
                    "use_batchnorm": false,
                    "hidden_dim": 76,
                    "iid_scale": 3.7183641805732095,
                    "l2_cls": 0.00015777663630582464
                },
                {
                    "n_layers": 0,
                    "in_dim": 4,
                    "n_classes": 2,
                    "upscale_type": "iid",
                    "activation": "tanh",
                    "use_batchnorm": false,
                    "hidden_dim": 94,
                    "iid_scale": 1.5304852121831465,
                    "l2_cls": 1.8997763474111268e-05
                },
                {
                    "n_layers": 0,
                    "in_dim": 4,
                    "n_classes": 2,
                    "upscale_type": "iid",
                    "activation": "tanh",
                    "use_batchnorm": false,
                    "hidden_dim": 76,
                    "iid_scale": 3.7183641805732095,
                    "l2_cls": 0.00015777663630582464
                }
            ]
        }
    }
}