{
    "23381": {
        "RFRBoost": {
            "score_train": [
                -0.7275000214576721,
                -0.6850000023841858,
                -0.6675000190734863,
                -0.6775000095367432,
                -0.6650000214576721
            ],
            "score_test": [
                -0.6399999856948853,
                -0.6100000143051147,
                -0.6000000238418579,
                -0.6499999761581421,
                -0.6700000166893005
            ],
            "t_fit": [
                0.7381396070122719,
                1.4290538281202316,
                0.2888181060552597,
                0.5850351303815842,
                2.17986336350441
            ],
            "t_inference": [
                0.06056848168373108,
                0.1328936070203781,
                0.01811443269252777,
                0.03527916222810745,
                0.22846397012472153
            ],
            "hyperparams": [
                {
                    "in_dim": 156,
                    "n_classes": 2,
                    "feature_type": "SWIM",
                    "upscale_type": "SWIM",
                    "randfeat_xt_dim": 512,
                    "randfeat_x0_dim": 512,
                    "activation": "tanh",
                    "use_batchnorm": true,
                    "do_linesearch": true,
                    "n_layers": 4,
                    "hidden_dim": 69,
                    "l2_cls": 5.480130185510391,
                    "l2_ghat": 1.2790598965334254,
                    "boost_lr": 0.9826273752753061,
                    "SWIM_scale": 1.6075071497552846
                },
                {
                    "in_dim": 156,
                    "n_classes": 2,
                    "feature_type": "SWIM",
                    "upscale_type": "SWIM",
                    "randfeat_xt_dim": 512,
                    "randfeat_x0_dim": 512,
                    "activation": "tanh",
                    "use_batchnorm": true,
                    "do_linesearch": true,
                    "n_layers": 7,
                    "hidden_dim": 201,
                    "l2_cls": 1.0953292808802657,
                    "l2_ghat": 5.695492281748375,
                    "boost_lr": 0.12892656992967053,
                    "SWIM_scale": 0.7255877056457423
                },
                {
                    "in_dim": 156,
                    "n_classes": 2,
                    "feature_type": "SWIM",
                    "upscale_type": "SWIM",
                    "randfeat_xt_dim": 512,
                    "randfeat_x0_dim": 512,
                    "activation": "tanh",
                    "use_batchnorm": true,
                    "do_linesearch": true,
                    "n_layers": 1,
                    "hidden_dim": 28,
                    "l2_cls": 0.39588727652471334,
                    "l2_ghat": 1.0846918107016383,
                    "boost_lr": 0.12202810945373967,
                    "SWIM_scale": 0.6914448803632296
                },
                {
                    "in_dim": 156,
                    "n_classes": 2,
                    "feature_type": "SWIM",
                    "upscale_type": "SWIM",
                    "randfeat_xt_dim": 512,
                    "randfeat_x0_dim": 512,
                    "activation": "tanh",
                    "use_batchnorm": true,
                    "do_linesearch": true,
                    "n_layers": 3,
                    "hidden_dim": 28,
                    "l2_cls": 0.12284589998453954,
                    "l2_ghat": 6.38928134550006,
                    "boost_lr": 0.2152990783176144,
                    "SWIM_scale": 1.8267865537515364
                },
                {
                    "in_dim": 156,
                    "n_classes": 2,
                    "feature_type": "SWIM",
                    "upscale_type": "SWIM",
                    "randfeat_xt_dim": 512,
                    "randfeat_x0_dim": 512,
                    "activation": "tanh",
                    "use_batchnorm": true,
                    "do_linesearch": true,
                    "n_layers": 10,
                    "hidden_dim": 240,
                    "l2_cls": 1.0169252666590949,
                    "l2_ghat": 1.1816755578301295,
                    "boost_lr": 0.1097462419325592,
                    "SWIM_scale": 0.2711920622286179
                }
            ]
        }
    }
}